conditioner,symbol,bucket,target,n,mean,t,hit,passes_bonf
on_range_pct,ES,10-25,signed_cont,32,-0.14676067182011268,-1.2489669677337838,0.40625,False
on_range_pct,ES,25-50,signed_cont,58,-0.06079937116968836,-0.9531223820356118,0.43103448275862066,False
on_range_pct,ES,50-75,signed_cont,62,0.01818625278820306,0.23630631807433078,0.4838709677419355,False
on_range_pct,ES,75-90,signed_cont,55,0.10725359112544039,1.4282914142742682,0.5272727272727272,False
on_range_pct,ES,90-100,signed_cont,31,-0.07742620397316181,-0.42636682188529773,0.5161290322580645,False
on_range_pct,MES,10-25,signed_cont,23,-0.07699261373862791,-0.7249081177236578,0.43478260869565216,False
on_range_pct,MES,25-50,signed_cont,48,0.005753288995198382,0.07845721785713379,0.4583333333333333,False
on_range_pct,MES,50-75,signed_cont,51,-0.00419258630194515,-0.04522301513112421,0.49019607843137253,False
on_range_pct,MES,75-90,signed_cont,34,0.14999059218659141,1.6777051289951634,0.5294117647058824,False
on_range_pct,MES,90-100,signed_cont,23,0.1202701116048583,0.6334289598811863,0.6086956521739131,False
on_range_pct,MNQ,25-50,signed_cont,44,0.02090591805176577,0.18275284730699984,0.45454545454545453,False
on_range_pct,MNQ,50-75,signed_cont,54,-0.11575288295779025,-1.1091391942776267,0.42592592592592593,False
on_range_pct,MNQ,75-90,signed_cont,47,0.26418547237423334,1.7530937867988683,0.6170212765957447,False
on_range_pct,MNQ,90-100,signed_cont,28,0.25436537204137116,1.2097556168438663,0.5714285714285714,False
on_range_pct,NQ,10-25,signed_cont,16,-0.12369174690604612,-0.45182294820070934,0.5,False
on_range_pct,NQ,25-50,signed_cont,52,-0.017737685475927023,-0.19288214841540444,0.4423076923076923,False
on_range_pct,NQ,50-75,signed_cont,65,-0.02474853185155331,-0.24588568507640043,0.46153846153846156,False
on_range_pct,NQ,75-90,signed_cont,68,0.10356391356188135,0.7972337195904838,0.5294117647058824,False
on_range_pct,NQ,90-100,signed_cont,43,0.13219798300717284,0.85460223590212,0.5813953488372093,False
on_vol_ratio,ES,0-10,signed_cont,34,-0.07421445383197843,-0.6994595072737146,0.4117647058823529,False
on_vol_ratio,ES,10-25,signed_cont,27,-0.04092760041881679,-0.40146080862610073,0.5185185185185185,False
on_vol_ratio,ES,25-50,signed_cont,51,0.10763518019807199,1.3024203582031002,0.5098039215686274,False
on_vol_ratio,ES,50-75,signed_cont,61,-0.09034581938794319,-0.9742470372917076,0.45901639344262296,False
on_vol_ratio,ES,75-90,signed_cont,38,0.023674325850007054,0.21197034269743406,0.5,False
on_vol_ratio,ES,90-100,signed_cont,21,-0.00034244955020684963,-0.002129636611273566,0.47619047619047616,False
on_vol_ratio,MES,10-25,signed_cont,30,0.006450852928197766,0.054718695328343496,0.5666666666666667,False
on_vol_ratio,MES,25-50,signed_cont,51,-0.0060849082491537644,-0.0721258601261607,0.49019607843137253,False
on_vol_ratio,MES,50-75,signed_cont,44,0.035784769049180466,0.4017125860775559,0.45454545454545453,False
on_vol_ratio,MES,75-90,signed_cont,26,0.13839649089791511,1.1942565462535848,0.5384615384615384,False
on_vol_ratio,MNQ,10-25,signed_cont,22,0.013899742371375024,0.07973590064689381,0.5454545454545454,False
on_vol_ratio,MNQ,25-50,signed_cont,47,0.16813109440867585,1.2312419561018242,0.5106382978723404,False
on_vol_ratio,MNQ,50-75,signed_cont,62,-0.01616953534923351,-0.15422423661103613,0.5,False
on_vol_ratio,MNQ,75-90,signed_cont,23,0.2767163416153597,1.2833734254476468,0.5217391304347826,False
on_vol_ratio,NQ,0-10,signed_cont,29,-0.03282922043723985,-0.2045929727249163,0.41379310344827586,False
on_vol_ratio,NQ,10-25,signed_cont,31,0.03808906764619897,0.2683241047559594,0.5161290322580645,False
on_vol_ratio,NQ,25-50,signed_cont,59,0.1396281174923154,1.2314598040736322,0.559322033898305,False
on_vol_ratio,NQ,50-75,signed_cont,54,-0.1282949975763263,-0.8549997535221675,0.5185185185185185,False
on_vol_ratio,NQ,75-90,signed_cont,33,0.20979706106308635,1.2723813530175723,0.42424242424242425,False
on_vol_ratio,NQ,90-100,signed_cont,26,0.09995006967055259,0.5472163927422461,0.5769230769230769,False
on_close_loc,ES,0-10,rth_ret_pct,37,0.05419049659971051,0.46999787188519854,0.5675675675675675,False
on_close_loc,ES,10-25,rth_ret_pct,34,-0.06093055093952624,-0.6565286571137487,0.5,False
on_close_loc,ES,25-50,rth_ret_pct,59,0.010264695744744808,0.15523015613139782,0.4915254237288136,False
on_close_loc,ES,50-75,rth_ret_pct,65,-0.047194525888641495,-0.5630523426419549,0.47692307692307695,False
on_close_loc,ES,75-90,rth_ret_pct,25,0.2340504639125807,1.632825030910345,0.64,False
on_close_loc,ES,90-100,rth_ret_pct,32,-0.11656217933210117,-0.9367684915998417,0.4375,False
on_close_loc,MES,0-10,rth_ret_pct,22,-0.04398005107538991,-0.2956430388954678,0.5454545454545454,False
on_close_loc,MES,10-25,rth_ret_pct,34,-0.006766160239827823,-0.06512436806391574,0.5,False
on_close_loc,MES,25-50,rth_ret_pct,44,-0.006722025514616597,-0.08585889772001985,0.4772727272727273,False
on_close_loc,MES,50-75,rth_ret_pct,52,-0.03795099000768764,-0.47192104472012464,0.5,False
on_close_loc,MES,75-90,rth_ret_pct,15,0.28774390059962784,1.2084204939532384,0.5333333333333333,False
on_close_loc,MES,90-100,rth_ret_pct,24,-0.015858385773688533,-0.15045301013302423,0.4583333333333333,False
on_close_loc,MNQ,0-10,rth_ret_pct,23,0.019406174169845768,0.09310002365192144,0.5217391304347826,False
on_close_loc,MNQ,10-25,rth_ret_pct,33,-0.016686330792775428,-0.11454553878592101,0.5151515151515151,False
on_close_loc,MNQ,25-50,rth_ret_pct,47,-0.10597169302188734,-0.8408003761593364,0.48936170212765956,False
on_close_loc,MNQ,50-75,rth_ret_pct,44,0.06686702076984544,0.4894814923819533,0.4772727272727273,False
on_close_loc,MNQ,75-90,rth_ret_pct,22,0.2755027283553787,1.2864281747470998,0.5909090909090909,False
on_close_loc,MNQ,90-100,rth_ret_pct,22,-0.08888924934035854,-0.5234865317317636,0.45454545454545453,False
on_close_loc,NQ,0-10,rth_ret_pct,36,0.10574724787203138,0.6655472380341003,0.5555555555555556,False
on_close_loc,NQ,10-25,rth_ret_pct,37,-0.10480944369990144,-0.7871902899707018,0.4864864864864865,False
on_close_loc,NQ,25-50,rth_ret_pct,58,-0.06681937159030332,-0.548424634393222,0.5172413793103449,False
on_close_loc,NQ,50-75,rth_ret_pct,61,0.054301134954662336,0.4918596878219856,0.5081967213114754,False
on_close_loc,NQ,75-90,rth_ret_pct,35,0.054706090223984406,0.29179670124219437,0.5428571428571428,False
on_close_loc,NQ,90-100,rth_ret_pct,25,-0.047838115547551574,-0.3166443075639367,0.52,False
on_ret_over_vol,ES,0-10,signed_cont,26,0.037018115584866236,0.27240693233344615,0.46153846153846156,False
on_ret_over_vol,ES,10-25,signed_cont,48,-0.04158478184198497,-0.5390661921830542,0.4375,False
on_ret_over_vol,ES,25-50,signed_cont,65,-0.10725685985364643,-1.3844220287133826,0.4307692307692308,False
on_ret_over_vol,ES,50-75,signed_cont,55,-0.019196087165786416,-0.21930624615735608,0.43636363636363634,False
on_ret_over_vol,ES,75-90,signed_cont,29,0.19414353203796758,1.8891080219127498,0.7241379310344828,False
on_ret_over_vol,ES,90-100,signed_cont,29,-0.06291889738796962,-0.42867481825384146,0.4482758620689655,False
on_ret_over_vol,MES,0-10,signed_cont,21,0.14725658264018568,0.9684936695646462,0.5714285714285714,False
on_ret_over_vol,MES,10-25,signed_cont,29,0.008207334266481849,0.08582779929436901,0.4827586206896552,False
on_ret_over_vol,MES,25-50,signed_cont,51,-0.06721210075799469,-0.8812730729579169,0.43137254901960786,False
on_ret_over_vol,MES,50-75,signed_cont,41,-0.02718323257471504,-0.2567179960392667,0.43902439024390244,False
on_ret_over_vol,MES,75-90,signed_cont,25,0.21165944444004794,1.652247672878451,0.68,False
on_ret_over_vol,MES,90-100,signed_cont,24,0.060447164677276954,0.4918548619301738,0.5,False
on_ret_over_vol,MNQ,0-10,signed_cont,25,0.1724817535434564,0.8870535552336833,0.56,False
on_ret_over_vol,MNQ,10-25,signed_cont,30,0.0012928860925494796,0.00907516623186808,0.4666666666666667,False
on_ret_over_vol,MNQ,25-50,signed_cont,44,0.08612903485940974,0.6971515963431659,0.5,False
on_ret_over_vol,MNQ,50-75,signed_cont,47,-0.014650906306931598,-0.11037711843459053,0.425531914893617,False
on_ret_over_vol,MNQ,75-90,signed_cont,24,0.38167820097737004,1.767946940219629,0.7083333333333334,False
on_ret_over_vol,MNQ,90-100,signed_cont,21,-0.05270797852681089,-0.29433152867739226,0.42857142857142855,False
on_ret_over_vol,NQ,0-10,signed_cont,32,0.06446501439371054,0.38827038860568985,0.5,False
on_ret_over_vol,NQ,10-25,signed_cont,37,0.037299298702427305,0.2731452244486161,0.4864864864864865,False
on_ret_over_vol,NQ,25-50,signed_cont,69,0.05246071396382517,0.49469674007741293,0.5217391304347826,False
on_ret_over_vol,NQ,50-75,signed_cont,55,-0.008700474718662416,-0.07137259284520986,0.43636363636363634,False
on_ret_over_vol,NQ,75-90,signed_cont,32,0.14139895388680307,0.6915328054995589,0.71875,False
on_ret_over_vol,NQ,90-100,signed_cont,27,-0.08878913629941519,-0.6251790582187617,0.37037037037037035,False
on_absret_pct,ES,0-10,signed_cont,25,-0.1372108970712005,-1.9080795130753392,0.32,False
on_absret_pct,ES,10-25,signed_cont,40,-0.1645739073982527,-1.514501117742294,0.45,False
on_absret_pct,ES,25-50,signed_cont,48,0.022819999669908737,0.30612091063755986,0.4583333333333333,False
on_absret_pct,ES,50-75,signed_cont,58,-0.0066401291018588,-0.07833293258151096,0.5,False
on_absret_pct,ES,75-90,signed_cont,53,0.1564410384585718,1.8999639526519891,0.5849056603773585,False
on_absret_pct,ES,90-100,signed_cont,28,-0.15156941481450278,-0.903115233182854,0.39285714285714285,False
on_absret_pct,MES,0-10,signed_cont,17,-0.09816934987283878,-1.0111503472641092,0.35294117647058826,False
on_absret_pct,MES,10-25,signed_cont,27,-0.08938026005402668,-0.7885001380867914,0.5185185185185185,False
on_absret_pct,MES,25-50,signed_cont,41,0.02362009518113514,0.30453210795002883,0.43902439024390244,False
on_absret_pct,MES,50-75,signed_cont,45,0.028461125297267003,0.2728295020730172,0.5111111111111111,False
on_absret_pct,MES,75-90,signed_cont,39,0.17861250580763502,1.773282724981008,0.6153846153846154,False
on_absret_pct,MES,90-100,signed_cont,22,0.018062410009196797,0.11845639736864197,0.45454545454545453,False
on_absret_pct,MNQ,10-25,signed_cont,21,0.126606260115462,0.8932042696999446,0.5238095238095238,False
on_absret_pct,MNQ,25-50,signed_cont,48,-0.07886015648028777,-0.6175737281854305,0.3958333333333333,False
on_absret_pct,MNQ,50-75,signed_cont,40,-0.024688054268932336,-0.17874507031616085,0.5,False
on_absret_pct,MNQ,75-90,signed_cont,39,0.20576754501567956,1.511294051936413,0.5641025641025641,False
on_absret_pct,MNQ,90-100,signed_cont,30,0.2474983327712754,1.227886051612703,0.5666666666666667,False
on_absret_pct,NQ,0-10,signed_cont,26,0.1079403039942195,0.5167945818798569,0.5769230769230769,False
on_absret_pct,NQ,10-25,signed_cont,25,0.09233029000636028,0.6953946823853665,0.52,False
on_absret_pct,NQ,25-50,signed_cont,46,-0.039477837829976735,-0.32193235936400916,0.45652173913043476,False
on_absret_pct,NQ,50-75,signed_cont,56,-0.08613511833813699,-0.7658070009774888,0.44642857142857145,False
on_absret_pct,NQ,75-90,signed_cont,60,0.10657912905330673,1.0573985010857732,0.5333333333333333,False
on_absret_pct,NQ,90-100,signed_cont,39,0.09850696873761595,0.49414010760905913,0.5384615384615384,False
