feature,outcome,n,r,t,passes
spread_SPY_QQQ,rth_ret_SPY,2571,0.01863453242609884,0.9446609622886217,False
spread_SPY_QQQ,rth_range_SPY,2571,0.031149391322992225,1.579582864272161,False
spread_SPY_QQQ,rth_ret_QQQ,2571,0.01811261296241022,0.9181939136067706,False
spread_SPY_QQQ,rth_range_QQQ,2571,0.052935865368200975,2.686837583921358,False
spread_SPY_QQQ,rth_ret_IWM,2571,0.0028306053821132,0.14347066790369536,False
spread_SPY_QQQ,rth_range_IWM,2571,0.029059782742721092,1.4735262170381076,False
spread_SPY_QQQ,rth_ret_DIA,2571,0.021515873623329643,1.0907910973257176,False
spread_SPY_QQQ,rth_range_DIA,2571,0.02359580136223327,1.1962934271245262,False
spread_SPY_QQQ,rth_spread_SPY_QQQ,2571,-0.009651342917748744,-0.48920403065818496,False
spread_SPY_QQQ,rth_spread_SPY_IWM,2571,0.019478536662528415,0.9874628903208884,False
spread_SPY_QQQ,rth_spread_SPY_DIA,2571,-0.0053337884003533875,-0.27034852999657427,False
spread_SPY_QQQ,rth_spread_QQQ_IWM,2571,0.020822259055309066,1.055611385307562,False
spread_SPY_QQQ,rth_spread_QQQ_DIA,2571,0.003997924902165991,0.2026376568220815,False
spread_SPY_QQQ,rth_spread_IWM_DIA,2571,-0.020388760959629753,-1.0336254012454644,False
spread_SPY_IWM,rth_ret_SPY,2571,0.04619477459050843,2.3438983994421374,False
spread_SPY_IWM,rth_range_SPY,2571,0.09423778742205684,4.797822532208087,True
spread_SPY_IWM,rth_ret_QQQ,2571,0.05913508225917653,3.0025340624896826,False
spread_SPY_IWM,rth_range_QQQ,2571,0.06486404030315934,3.2945916198984815,False
spread_SPY_IWM,rth_ret_IWM,2571,0.044394079881299175,2.252348013416896,False
spread_SPY_IWM,rth_range_IWM,2571,0.06718034494800042,3.412766133860671,False
spread_SPY_IWM,rth_ret_DIA,2571,0.028370271248410694,1.4385348461075915,False
spread_SPY_IWM,rth_range_DIA,2571,0.09824325179576984,5.003694763100158,True
spread_SPY_IWM,rth_spread_SPY_QQQ,2571,-0.05879436286656113,-2.985174138643424,False
spread_SPY_IWM,rth_spread_SPY_IWM,2571,-0.017367036396807686,-0.8803862906364287,False
spread_SPY_IWM,rth_spread_SPY_DIA,2571,0.05349639585216873,2.7153693580752556,False
spread_SPY_IWM,rth_spread_QQQ_IWM,2571,0.01905002545457185,0.9657315731307489,False
spread_SPY_IWM,rth_spread_QQQ_DIA,2571,0.06185768639289108,3.1412912508138313,False
spread_SPY_IWM,rth_spread_IWM_DIA,2571,0.03937279032540453,1.9971704546467492,False
spread_SPY_DIA,rth_ret_SPY,2571,0.0623744913728278,3.1676380066516368,False
spread_SPY_DIA,rth_range_SPY,2571,0.031435081563646806,1.5940844558118963,False
spread_SPY_DIA,rth_ret_QQQ,2571,0.06888317395236668,3.4996772511021312,False
spread_SPY_DIA,rth_range_QQQ,2571,0.017593629549080066,0.8918764994797601,False
spread_SPY_DIA,rth_ret_IWM,2571,0.05402321163699821,2.7421873536627883,False
spread_SPY_DIA,rth_range_IWM,2571,0.031723104909870126,1.6087048713308334,False
spread_SPY_DIA,rth_ret_DIA,2571,0.07246305726733823,3.6824929731014584,True
spread_SPY_DIA,rth_range_DIA,2571,0.04458836279983521,2.262224613286746,False
spread_SPY_DIA,rth_spread_SPY_QQQ,2571,-0.052529092206306666,-2.666133865657361,False
spread_SPY_DIA,rth_spread_SPY_IWM,2571,-0.013051342490571256,-0.6615676036892852,False
spread_SPY_DIA,rth_spread_SPY_DIA,2571,-0.019039984423763253,-0.9652223634161029,False
spread_SPY_DIA,rth_spread_QQQ_IWM,2571,0.018973433036081268,0.9618473574338604,False
spread_SPY_DIA,rth_spread_QQQ_DIA,2571,0.02611643937822622,1.324171323313977,False
spread_SPY_DIA,rth_spread_IWM_DIA,2571,0.003827948404240381,0.19402214852219682,False
spread_QQQ_IWM,rth_ret_SPY,2571,0.02198895090762161,1.1147861923059785,False
spread_QQQ_IWM,rth_range_SPY,2571,0.04891205144583236,2.4820930203962086,False
spread_QQQ_IWM,rth_ret_QQQ,2571,0.031539588193616394,1.5993892933703235,False
spread_QQQ_IWM,rth_range_QQQ,2571,0.015065955340361955,0.7637091997236205,False
spread_QQQ_IWM,rth_ret_IWM,2571,0.03003610493159285,1.5230762871798045,False
spread_QQQ_IWM,rth_range_IWM,2571,0.03082075626436706,1.562901879606587,False
spread_QQQ_IWM,rth_ret_DIA,2571,0.007556458799753044,0.38301234350186614,False
spread_QQQ_IWM,rth_range_DIA,2571,0.0562337887188404,2.854743918488322,False
spread_QQQ_IWM,rth_spread_SPY_QQQ,2571,-0.03629317833904751,-1.840743470690048,False
spread_QQQ_IWM,rth_spread_SPY_IWM,2571,-0.023907503054292543,-1.2121055006793453,False
spread_QQQ_IWM,rth_spread_SPY_DIA,2571,0.04135890778979743,2.098084014019549,False
spread_QQQ_IWM,rth_spread_QQQ_IWM,2571,0.0013092469813159894,0.06635963759662626,False
spread_QQQ_IWM,rth_spread_QQQ_DIA,2571,0.04181982838450995,2.1215066589984914,False
spread_QQQ_IWM,rth_spread_IWM_DIA,2571,0.04016231111329959,2.0372826746814856,False
spread_QQQ_DIA,rth_ret_SPY,2571,0.019262609815384277,0.9765124097901298,False
spread_QQQ_DIA,rth_range_SPY,2571,-0.0047616762495536775,-0.24134974244995705,False
spread_QQQ_DIA,rth_ret_QQQ,2571,0.02291283705049619,1.161649073822195,False
spread_QQQ_DIA,rth_range_QQQ,2571,-0.026274579675894305,-1.3321949697153128,False
spread_QQQ_DIA,rth_ret_IWM,2571,0.025534251408184237,1.2946334025721622,False
spread_QQQ_DIA,rth_range_IWM,2571,-0.0032258776411909205,-0.16350543833205744,False
spread_QQQ_DIA,rth_ret_DIA,2571,0.022466389789213236,1.1390032728147201,False
spread_QQQ_DIA,rth_range_DIA,2571,0.006936857261225362,0.35160517596529933,False
spread_QQQ_DIA,rth_spread_SPY_QQQ,2571,-0.020240075666220974,-1.0260845745977782,False
spread_QQQ_DIA,rth_spread_SPY_IWM,2571,-0.019577104648169398,-0.9924616976669625,False
spread_QQQ_DIA,rth_spread_SPY_DIA,2571,-0.006115682535313164,-0.30998102290489005,False
spread_QQQ_DIA,rth_spread_QQQ_IWM,2571,-0.004218204709871367,-0.21380288845685058,False
spread_QQQ_DIA,rth_spread_QQQ_DIA,2571,0.010595340414375879,0.5370581917959094,False
spread_QQQ_DIA,rth_spread_IWM_DIA,2571,0.015501569048532341,0.7857961518915854,False
spread_IWM_DIA,rth_ret_SPY,2571,-0.00666986176819856,-0.33807148861005004,False
spread_IWM_DIA,rth_range_SPY,2571,-0.07258863883195107,-3.6889086660226216,True
spread_IWM_DIA,rth_ret_QQQ,2571,-0.015287873193384106,-0.7749610609306031,False
spread_IWM_DIA,rth_range_QQQ,2571,-0.052451955667685464,-2.6622079626614648,False
spread_IWM_DIA,rth_ret_IWM,2571,-0.01005426008177526,-0.5096289839920843,False
spread_IWM_DIA,rth_range_IWM,2571,-0.04601343676066357,-2.3346778534431007,False
spread_IWM_DIA,rth_ret_DIA,2571,0.016930855212006265,0.8582685582707287,False
spread_IWM_DIA,rth_range_DIA,2571,-0.06839906746573553,-3.47496572563295,False
spread_IWM_DIA,rth_spread_SPY_QQQ,2571,0.025023328476612455,1.2687122757261877,False
spread_IWM_DIA,rth_spread_SPY_IWM,2571,0.00890905403118831,0.4515760297007497,False
spread_IWM_DIA,rth_spread_SPY_DIA,2571,-0.06391372624799364,-3.2461235528678296,False
spread_IWM_DIA,rth_spread_QQQ_IWM,2571,-0.006905272178844838,-0.3500041614414848,False
spread_IWM_DIA,rth_spread_QQQ_DIA,2571,-0.04427208841880996,-2.246146565383012,False
spread_IWM_DIA,rth_spread_IWM_DIA,2571,-0.03605648388956171,-1.8287229528899043,False
dispersion,rth_ret_SPY,2571,-0.008689616960868753,-0.440452503217052,False
dispersion,rth_range_SPY,2571,0.2778161934577411,14.658230335529929,True
dispersion,rth_ret_QQQ,2571,-0.0004017196785873357,-0.020361285510173816,False
dispersion,rth_range_QQQ,2571,0.2868026779035505,15.174151796714822,True
dispersion,rth_ret_IWM,2571,0.00023577704314790352,0.011950431343646784,False
dispersion,rth_range_IWM,2571,0.3301284045847026,17.726474893870336,True
dispersion,rth_ret_DIA,2571,-0.004970812380711689,-0.25195024734029026,False
dispersion,rth_range_DIA,2571,0.28328439998405314,14.971655496230325,True
dispersion,rth_spread_SPY_QQQ,2571,-0.015205737480130158,-0.7707965352895004,False
dispersion,rth_spread_SPY_IWM,2571,-0.011815901563518529,-0.5989343696643705,False
dispersion,rth_spread_SPY_DIA,2571,-0.01104080360620801,-0.5596405936073311,False
dispersion,rth_spread_QQQ_IWM,2571,-0.0008774023839606511,-0.044471423319375876,False
dispersion,rth_spread_QQQ_DIA,2571,0.005148483638129943,0.2609559148132033,False
dispersion,rth_spread_IWM_DIA,2571,0.006160203159082583,0.3122376917637856,False
leader_spread,rth_ret_SPY,2571,-0.01014264013004604,-0.5141092388927012,False
leader_spread,rth_range_SPY,2571,0.2775088235108067,14.640658828908466,True
leader_spread,rth_ret_QQQ,2571,-0.0022005877537516877,-0.11153772844098706,False
leader_spread,rth_range_QQQ,2571,0.2854235034015797,15.09469362488835,True
leader_spread,rth_ret_IWM,2571,-0.001549575471197527,-0.07854079748861924,False
leader_spread,rth_range_IWM,2571,0.33091132831729936,17.773677174645798,True
leader_spread,rth_ret_DIA,2571,-0.005652966586153687,-0.2865269057706908,False
leader_spread,rth_range_DIA,2571,0.28310125908276407,14.96113282493216,True
leader_spread,rth_spread_SPY_QQQ,2571,-0.013506281180885656,-0.6846324100676888,False
leader_spread,rth_spread_SPY_IWM,2571,-0.010586396535361703,-0.5366047922905891,False
leader_spread,rth_spread_SPY_DIA,2571,-0.013285232409042818,-0.6734254694594459,False
leader_spread,rth_spread_QQQ_IWM,2571,-0.000851524569295793,-0.04315979695647307,False
leader_spread,rth_spread_QQQ_DIA,2571,0.0030560094655924146,0.15489549083834642,False
leader_spread,rth_spread_IWM_DIA,2571,0.004043685565333457,0.20495710617495005,False
mean_on,rth_ret_SPY,2571,-0.038923886773546613,-1.974365234691587,False
mean_on,rth_range_SPY,2571,-0.15233370031138918,-7.812255769359045,True
mean_on,rth_ret_QQQ,2571,-0.04683642425878885,-2.3765264480820427,False
mean_on,rth_range_QQQ,2571,-0.1450411732320173,-7.430023791192486,True
mean_on,rth_ret_IWM,2571,-0.05785480004707283,-2.9373080712844515,False
mean_on,rth_range_IWM,2571,-0.14303276824158212,-7.324975016360625,True
mean_on,rth_ret_DIA,2571,-0.03310266838808428,-1.6787388187886787,False
mean_on,rth_range_DIA,2571,-0.14958399520799703,-7.66798251235555,True
mean_on,rth_spread_SPY_QQQ,2571,0.042213380241333656,2.1415068938214286,False
mean_on,rth_spread_SPY_IWM,2571,0.0505514820495241,2.565497314529084,False
mean_on,rth_spread_SPY_DIA,2571,-0.02049754947210679,-1.0391428384667554,False
mean_on,rth_spread_QQQ_IWM,2571,0.016500967030731548,0.8364704091138424,False
mean_on,rth_spread_QQQ_DIA,2571,-0.0366007112355505,-1.8563619797290278,False
mean_on,rth_spread_IWM_DIA,2571,-0.055807596869784044,-2.8330401650130237,False
