panel,symbol,quintile,n,median_turns,median_eff,median_eff_vol,max_run_over_range,trend day,volatile trend,two-sided chop,late reversal,"opening impulse, fade",late expansion
ETF,DIA,1,500,10.0,0.43188259876263113,0.6096806500413362,0.7449750149677834,0.206,0.186,0.306,0.078,0.152,0.072
ETF,DIA,2,499,11.0,0.4404761904761941,0.6305934884991894,0.7129337539432176,0.22444889779559118,0.15831663326653306,0.35070140280561124,0.09418837675350701,0.10821643286573146,0.06412825651302605
ETF,DIA,3,499,10.0,0.4715025906735864,0.6871330332698772,0.7285714285714477,0.2745490981963928,0.1462925851703407,0.30861723446893785,0.08216432865731463,0.10821643286573146,0.08016032064128256
ETF,DIA,4,499,10.0,0.5031446540880414,0.7388750541781426,0.7253731343283554,0.2745490981963928,0.1683366733466934,0.2965931863727455,0.08216432865731463,0.09018036072144289,0.08817635270541083
ETF,DIA,5,499,11.0,0.47712418300654746,0.7047023805391047,0.7130571019033858,0.2665330661322645,0.18236472945891782,0.33867735470941884,0.07615230460921844,0.06813627254509018,0.06813627254509018
ETF,IWM,1,516,10.0,0.46445707070706377,0.6679247924725761,0.725112747404844,0.23837209302325582,0.16279069767441862,0.2868217054263566,0.09108527131782945,0.1434108527131783,0.07751937984496124
ETF,IWM,2,516,10.0,0.47228266934493435,0.7217645283482922,0.7167077175697781,0.24806201550387597,0.14922480620155038,0.3236434108527132,0.09302325581395349,0.12790697674418605,0.05813953488372093
ETF,IWM,3,516,10.0,0.47880652417238423,0.7378113132613611,0.7052111410601982,0.25387596899224807,0.1511627906976744,0.3313953488372093,0.09689922480620156,0.11046511627906977,0.0562015503875969
ETF,IWM,4,516,10.5,0.4985699148322551,0.703503957364913,0.6948557794193322,0.2771317829457364,0.17829457364341086,0.32170542635658916,0.06201550387596899,0.09302325581395349,0.06782945736434108
ETF,IWM,5,516,11.0,0.4755952380952373,0.6839594132465895,0.7233122713668068,0.24806201550387597,0.19186046511627908,0.31589147286821706,0.05813953488372093,0.11046511627906977,0.0755813953488372
ETF,QQQ,1,516,10.0,0.44092721834499227,0.6563482560937862,0.7230869303654768,0.25387596899224807,0.12403100775193798,0.32945736434108525,0.0562015503875969,0.1375968992248062,0.09883720930232558
ETF,QQQ,2,516,10.0,0.48199182185486755,0.7114834999660132,0.7014218730970687,0.29651162790697677,0.13565891472868216,0.32170542635658916,0.05813953488372093,0.12596899224806202,0.06201550387596899
ETF,QQQ,3,515,10.0,0.512987012987029,0.7545841414426027,0.6948474178403693,0.28932038834951457,0.13980582524271845,0.3339805825242718,0.0970873786407767,0.08155339805825243,0.05825242718446602
ETF,QQQ,4,516,10.0,0.540555722856678,0.8241791374066461,0.7173997100863024,0.3062015503875969,0.14922480620155038,0.31007751937984496,0.09689922480620156,0.06589147286821706,0.07170542635658915
ETF,QQQ,5,516,11.0,0.487303140186519,0.7493740284095329,0.7060161583286619,0.28875968992248063,0.16279069767441862,0.36046511627906974,0.044573643410852716,0.0872093023255814,0.0562015503875969
ETF,SPY,1,517,10.0,0.4519480519480583,0.6101610760366513,0.7185628742514834,0.23404255319148937,0.13733075435203096,0.35009671179883944,0.0735009671179884,0.12572533849129594,0.07930367504835589
ETF,SPY,2,516,10.0,0.4667510484754509,0.6697881807173671,0.706525955772104,0.2596899224806202,0.14922480620155038,0.32751937984496127,0.08139534883720931,0.1124031007751938,0.06976744186046512
ETF,SPY,3,516,10.0,0.47743092739345006,0.7161291516960419,0.7023357142157547,0.29069767441860467,0.14534883720930233,0.3313953488372093,0.06395348837209303,0.09302325581395349,0.0755813953488372
ETF,SPY,4,516,10.0,0.5149250057146851,0.7651349525063253,0.7289307956666542,0.29844961240310075,0.17248062015503876,0.3081395348837209,0.07364341085271318,0.07751937984496124,0.06976744186046512
ETF,SPY,5,517,11.0,0.4884679097821043,0.6990403697322558,0.711111111111105,0.28239845261121854,0.17408123791102514,0.33849129593810445,0.06382978723404255,0.07930367504835589,0.061895551257253385
FUTURES,ES,1,47,11.0,0.4144144144144144,0.5538763120288683,0.7,0.2553191489361702,0.0851063829787234,0.44680851063829785,0.1276595744680851,0.0851063829787234,0.0
FUTURES,ES,2,46,9.0,0.5284023262203499,0.8122598279190172,0.7323169750603379,0.32608695652173914,0.13043478260869565,0.30434782608695654,0.08695652173913043,0.10869565217391304,0.043478260869565216
FUTURES,ES,3,46,8.0,0.5236169714017815,0.7997746105890824,0.71669341894061,0.2391304347826087,0.1956521739130435,0.2391304347826087,0.13043478260869565,0.15217391304347827,0.043478260869565216
FUTURES,ES,4,46,10.5,0.46544165054803355,0.7345838219599079,0.7323139974779319,0.2826086956521739,0.10869565217391304,0.391304347826087,0.06521739130434782,0.10869565217391304,0.043478260869565216
FUTURES,ES,5,47,12.0,0.43824701195219123,0.496431081024004,0.7134831460674157,0.2127659574468085,0.14893617021276595,0.425531914893617,0.10638297872340426,0.06382978723404255,0.0425531914893617
FUTURES,MES,1,35,10.0,0.4098360655737705,0.5616363231767313,0.6923076923076923,0.22857142857142856,0.05714285714285714,0.42857142857142855,0.14285714285714285,0.14285714285714285,0.0
FUTURES,MES,2,34,8.5,0.5515718499789297,0.9122153921978808,0.7521411483253588,0.35294117647058826,0.14705882352941177,0.2647058823529412,0.11764705882352941,0.08823529411764706,0.029411764705882353
FUTURES,MES,3,34,7.0,0.5994949494949495,0.8682563120930616,0.7432079414838035,0.35294117647058826,0.17647058823529413,0.17647058823529413,0.08823529411764706,0.14705882352941177,0.058823529411764705
FUTURES,MES,4,34,10.5,0.43380151968685243,0.6220076635886597,0.7467938866120218,0.20588235294117646,0.08823529411764706,0.4117647058823529,0.08823529411764706,0.11764705882352941,0.08823529411764706
FUTURES,MES,5,34,12.5,0.35284705930773347,0.4702175812099,0.6883810159312703,0.20588235294117646,0.14705882352941177,0.47058823529411764,0.08823529411764706,0.058823529411764705,0.029411764705882353
FUTURES,MNQ,1,35,11.0,0.444624090541633,0.5915167504994564,0.6603351955307263,0.2,0.17142857142857143,0.42857142857142855,0.05714285714285714,0.11428571428571428,0.02857142857142857
FUTURES,MNQ,2,34,8.0,0.597249527281167,0.9576997457712685,0.6603896844739201,0.38235294117647056,0.14705882352941177,0.17647058823529413,0.08823529411764706,0.17647058823529413,0.029411764705882353
FUTURES,MNQ,3,34,12.5,0.44742662005041056,0.7602686404212189,0.6766918308920824,0.14705882352941177,0.20588235294117646,0.38235294117647056,0.11764705882352941,0.14705882352941177,0.0
FUTURES,MNQ,4,34,9.0,0.5561327265302162,0.7605384461044822,0.7195026126201329,0.2647058823529412,0.20588235294117646,0.23529411764705882,0.11764705882352941,0.11764705882352941,0.058823529411764705
FUTURES,MNQ,5,34,11.0,0.3990345103713746,0.558886965914254,0.6796951124903026,0.2647058823529412,0.058823529411764705,0.4411764705882353,0.058823529411764705,0.14705882352941177,0.029411764705882353
FUTURES,NQ,1,47,10.0,0.4668400520156047,0.7006879080692211,0.6555555555555556,0.2765957446808511,0.1702127659574468,0.2978723404255319,0.0851063829787234,0.1276595744680851,0.0425531914893617
FUTURES,NQ,2,46,10.5,0.466564194965711,0.6605827894569831,0.6860447110748461,0.2826086956521739,0.17391304347826086,0.32608695652173914,0.043478260869565216,0.15217391304347827,0.021739130434782608
FUTURES,NQ,3,46,9.0,0.48364665837033416,0.8671226692854566,0.6625219671691625,0.2826086956521739,0.13043478260869565,0.2826086956521739,0.13043478260869565,0.15217391304347827,0.021739130434782608
FUTURES,NQ,4,46,10.0,0.4760190119388876,0.7468879246309983,0.6907338534107401,0.21739130434782608,0.2391304347826087,0.2608695652173913,0.08695652173913043,0.15217391304347827,0.043478260869565216
FUTURES,NQ,5,47,10.0,0.3866943866943867,0.4878780018767448,0.7065573770491803,0.2553191489361702,0.06382978723404255,0.425531914893617,0.06382978723404255,0.1276595744680851,0.06382978723404255
