arch,describe,is_trades,is_net,is_per_trade,is_per_day,is_median_trade,is_win_rate,is_avg_win,is_avg_loss,is_profit_factor,is_max_dd,is_daily_max_loss,is_consec_losing_trades,is_consec_losing_days,is_mean_mfe,is_mean_mae,is_mfe_mae,is_median_bars,is_trades_per_day,is_t_stat,is_pct_stop,is_pct_target,is_pct_time,is_pct_invalidation,is_pct_flatten,is_pct_reach_1R,is_ambiguous_share,is_avg_mae_of_winners,is_avg_mfe_of_losers,oos_trades,oos_net,oos_per_trade,oos_per_day,oos_median_trade,oos_win_rate,oos_avg_win,oos_avg_loss,oos_profit_factor,oos_max_dd,oos_daily_max_loss,oos_consec_losing_trades,oos_consec_losing_days,oos_mean_mfe,oos_mean_mae,oos_mfe_mae,oos_median_bars,oos_trades_per_day,oos_t_stat,oos_pct_stop,oos_pct_target,oos_pct_time,oos_pct_invalidation,oos_pct_flatten,oos_pct_reach_1R,oos_ambiguous_share,oos_avg_mae_of_winners,oos_avg_mfe_of_losers
F.baseline_invalidation,signal invalidation,239,446.9200000000003,1.8699581589958172,9.310833333333337,-0.72,0.4686192468619247,20.39160714285714,-14.464094488188977,1.2432959160342743,-187.54000000000013,-90.63999999999999,7,5,19.230125523012553,-18.10460251046025,1.0621677836838457,1.0,4.979166666666667,1.0718091705358694,0.0,0.0,0.0,0.9874476987447699,0.012552301255230125,0.12552301255230125,0.0,-12.464285714285714,8.299212598425196,104,52.12000000000012,0.5011538461538473,2.2660869565217423,3.5300000000000002,0.5288461538461539,14.916363636363634,-15.679183673469387,1.0678398500546675,-151.2,-66.72,5,2,18.182692307692307,-17.20673076923077,1.0567197541212627,1.0,4.521739130434782,0.3102157005719767,0.0,0.0,0.0,1.0,0.0,0.10576923076923077,0.0,-8.2,10.918367346938776
A.stop0.5atr_tgt0.5R,"stop 0.5 ATR, target 0.5R",238,-1261.3756649616837,-5.299897751939848,-26.27865968670174,2.8361061381085895,0.5294117647058824,7.5049294645389155,-19.705328370478462,0.42846510795807036,-1249.7427365729359,-117.44754475702268,5,10,19.962184873949578,-19.058823529411764,1.0473985890652557,1.0,4.958333333333333,-6.482692521973992,0.4579831932773109,0.5294117647058824,0.0,0.0,0.012605042016806723,0.13025210084033614,0.18487394957983194,-8.996031746031745,11.508928571428571,103,-223.29906649617996,-2.16795210190466,-9.708655065051303,5.615677749360912,0.6601941747572816,7.519605273055475,-20.98949214468436,0.6960396523896822,-209.4869181584939,-40.352506393853105,4,6,18.820388349514563,-18.02912621359223,1.0438879913839527,1.0,4.478260869565218,-2.641652986550532,0.33980582524271846,0.6601941747572816,0.0,0.0,0.0,0.10679611650485436,0.17475728155339806,-7.544117647058823,11.871428571428572
A.stop0.5atr_tgt0.75R,"stop 0.5 ATR, target 0.75R",232,-1134.2847250638868,-4.889158297689167,-23.630931772164313,-10.000051150893997,0.4698275862068966,11.96950614749324,-19.82895036699716,0.5349311555901453,-1127.2011892582498,-112.63367007673426,5,11,20.92887931034483,-20.663793103448278,1.012828535669587,1.0,4.833333333333333,-5.326336929787408,0.5172413793103449,0.4698275862068966,0.0,0.0,0.01293103448275862,0.13793103448275862,0.11206896551724138,-8.720183486238533,11.825203252032521,101,-57.83333120203194,-0.5726072396240787,-2.5144926609579112,8.916189258315425,0.6138613861386139,12.152625505321797,-20.802464423897018,0.9287148917532225,-132.5902365728779,-71.52822890025126,5,6,19.900990099009903,-18.68811881188119,1.0649006622516557,1.0,4.391304347826087,-0.4955758454693571,0.38613861386138615,0.6138613861386139,0.0,0.0,0.0,0.1188118811881188,0.10891089108910891,-7.411290322580645,11.58974358974359
A.stop0.5atr_tgt1R,"stop 0.5 ATR, target 1R",229,-829.7073657288809,-3.6231762695584315,-17.285570119351686,-11.688670076726995,0.44541484716157204,16.624428564264615,-19.88503212034544,0.6714549504135556,-843.1421483375842,-106.34813299233093,6,10,22.753275109170307,-21.1353711790393,1.0765495867768595,1.0,4.770833333333333,-3.327639979498118,0.5414847161572053,0.44541484716157204,0.0,0.0,0.013100436681222707,0.1615720524017467,0.07860262008733625,-8.799019607843137,12.011811023622048,98,-142.76396419435554,-1.4567751448403625,-6.20712887801546,10.37718670076836,0.5204081632653061,16.447005165238114,-20.884281438755313,0.8545541936896808,-186.39820971867005,-66.6875959079276,5,4,21.908163265306122,-22.831632653061224,0.9595530726256983,1.0,4.260869565217392,-1.107644381343456,0.47959183673469385,0.5204081632653061,0.0,0.0,0.0,0.15306122448979592,0.09183673469387756,-7.0588235294117645,12.627659574468085
A.stop0.5atr_tgt1.5R,"stop 0.5 ATR, target 1.5R",215,-900.0669437339791,-4.186357877832461,-18.75139466112456,-15.532659846546013,0.35348837209302325,24.854408567775256,-20.064762553128766,0.677279921138556,-906.6315856777175,-128.63516624041367,7,7,25.153488372093022,-22.688372093023254,1.1086510865108652,1.0,4.479166666666667,-3.596115675494848,0.6325581395348837,0.35348837209302325,0.0,0.0,0.013953488372093023,0.24651162790697675,0.03255813953488372,-8.157894736842104,14.089928057553957,90,-147.55319693097107,-1.6394799658996786,-6.41535638830309,-15.351074168799387,0.4222222222222222,24.849676268676532,-20.996940291166915,0.8648583345909939,-175.1579028133061,-58.02875959080149,5,7,24.133333333333333,-26.57777777777778,0.9080267558528428,2.0,3.9130434782608696,-1.0016630668889954,0.5777777777777777,0.4222222222222222,0.0,0.0,0.0,0.2111111111111111,0.022222222222222223,-6.078947368421052,15.48076923076923
A.stop0.5atr_tgt2R,"stop 0.5 ATR, target 2R",206,-591.2618158567495,-2.8702029895958714,-12.317954497015611,-15.85874680306617,0.32038834951456313,33.47619468340722,-20.00493332115447,0.7888871401423225,-671.5401278771932,-128.63516624041367,7,6,26.902912621359224,-23.50242718446602,1.14468656408138,1.0,4.291666666666667,-2.0150682856558797,0.6650485436893204,0.32038834951456313,0.0,0.0,0.014563106796116505,0.33980582524271846,0.019417475728155338,-8.386363636363637,15.028571428571428,85,-175.4218670076908,-2.063786670678715,-7.627037695986558,-15.901585677746626,0.3411764705882353,34.03055119499101,-20.755497351114826,0.849074522935737,-290.28434782610975,-92.10644501279633,8,6,26.2,-28.49411764705882,0.9194880264244426,2.0,3.6956521739130435,-0.9132856383189206,0.6588235294117647,0.3411764705882353,0.0,0.0,0.0,0.35294117647058826,0.011764705882352941,-5.931034482758621,17.357142857142858
A.stop0.75atr_tgt0.5R,"stop 0.75 ATR, target 0.5R",230,-930.774392583096,-4.046845185143895,-19.3911331788145,7.162752557547065,0.5956521739130435,12.242538736535929,-28.043034403102336,0.643108279293001,-917.6249999999636,-184.4862915601107,4,12,22.208695652173912,-22.569565217391304,0.9840107879021383,1.0,4.791666666666667,-2.91728553987951,0.391304347826087,0.5956521739130435,0.0,0.0,0.013043478260869565,0.1391304347826087,0.05652173913043478,-11.861313868613138,9.801075268817204,99,14.189309462962022,0.1433263582117376,0.6169264983896519,9.451355498721822,0.7272727272727273,12.054243393009784,-31.619119067916387,1.0166206395244881,-115.69653452683441,-57.08875959079421,3,4,20.792929292929294,-20.141414141414142,1.0323470411233702,1.0,4.304347826086956,0.0861609870298803,0.2727272727272727,0.7272727272727273,0.0,0.0,0.0,0.12121212121212122,0.06060606060606061,-9.67361111111111,11.777777777777779
A.stop0.75atr_tgt0.75R,"stop 0.75 ATR, target 0.75R",222,-355.21428069051376,-1.6000643274347466,-7.400297514385701,9.697958759593602,0.5585585585585585,19.31249847888008,-28.0608580823637,0.8708294840232194,-519.1269341432139,-162.93050511508685,5,5,25.376126126126128,-23.736486486486488,1.069076762501186,1.0,4.625,-0.828071023240923,0.42792792792792794,0.5585585585585585,0.0,0.0,0.013513513513513514,0.18018018018018017,0.04504504504504504,-12.42741935483871,10.622448979591837,95,-47.942199488503576,-0.5046547314579324,-2.084443456021896,14.2342838874695,0.6105263157894737,18.890448452243998,-30.907789451855557,0.9580773926479196,-154.46612851663085,-67.9209494884964,4,7,24.44736842105263,-25.88421052631579,0.9444896299308662,2.0,4.130434782608695,-0.20731447224437966,0.3894736842105263,0.6105263157894737,0.0,0.0,0.0,0.17894736842105263,0.042105263157894736,-10.077586206896552,13.22972972972973
A.stop0.75atr_tgt1R,"stop 0.75 ATR, target 1R",207,-770.8312404092276,-3.723822417435882,-16.05898417519224,-15.141355498721824,0.463768115942029,25.3006002237854,-28.82602578281644,0.7590918137105125,-804.6942327365937,-150.9221994884964,6,13,27.963768115942027,-26.44927536231884,1.0572602739726027,2.0,4.3125,-2.0042100123293793,0.5217391304347826,0.463768115942029,0.0,0.0,0.014492753623188406,0.26570048309178745,0.01932367149758454,-11.588541666666666,13.972972972972974,86,-83.8736445012708,-0.9752749360612885,-3.646680195707426,16.425780051148905,0.5348837209302325,25.301287390192254,-31.193321611252866,0.9327791654039387,-228.53580562659042,-69.93983375958632,4,4,27.790697674418606,-29.1453488372093,0.9535208458009177,2.0,3.739130434782609,-0.32739332263865895,0.46511627906976744,0.5348837209302325,0.0,0.0,0.0,0.29069767441860467,0.03488372093023256,-10.445652173913043,16.025
A.stop0.75atr_tgt1.5R,"stop 0.75 ATR, target 1.5R",186,-632.1075000000872,-3.3984274193553072,-13.168906250001816,-20.162135549870726,0.3763440860215054,38.57088646328031,-28.72473752094575,0.8102958266464876,-682.370249360686,-150.9221994884964,6,5,31.766129032258064,-28.448924731182796,1.1166020977038646,2.0,3.875,-1.6249922880242536,0.6075268817204301,0.3763440860215054,0.0,0.0,0.016129032258064516,0.41935483870967744,0.010752688172043012,-11.014285714285714,16.56896551724138,75,-104.18622122757361,-1.3891496163676482,-4.529835705546679,-22.16661125319544,0.4266666666666667,38.562903412724864,-31.120910010110915,0.9221444560394203,-334.3251918158479,-88.66644501278176,6,7,34.12,-32.68,1.04406364749082,2.0,3.260869565217391,-0.4256685663889154,0.5733333333333334,0.4266666666666667,0.0,0.0,0.0,0.4533333333333333,0.013333333333333334,-10.4375,20.511627906976745
A.stop0.75atr_tgt2R,"stop 0.75 ATR, target 2R",178,-490.9975959079856,-2.7584134601572226,-10.229116581416369,-22.92812020460289,0.3202247191011236,52.34942387939144,-28.7183037771347,0.85870226171327,-518.7927365729361,-150.9221994884964,7,4,34.82022471910113,-30.40730337078652,1.1451270207852193,2.0,3.7083333333333335,-1.260492801851372,0.6629213483146067,0.3202247191011236,0.0,0.0,0.016853932584269662,0.4044943820224719,0.0,-11.807017543859649,18.326446280991735,71,56.77705882356801,0.7996768848389861,2.468567774937741,-22.16661125319544,0.38028169014084506,52.40155441886986,-30.865111601952687,1.0418073233357108,-263.14808184141873,-88.66644501278176,6,7,38.04929577464789,-35.26056338028169,1.0790892750149792,4.0,3.0869565217391304,0.1916329827068633,0.6197183098591549,0.38028169014084506,0.0,0.0,0.0,0.4507042253521127,0.0,-11.87037037037037,21.704545454545453
A.stop1atr_tgt0.5R,"stop 1 ATR, target 0.5R",224,-452.2454731458138,-2.01895300511524,-9.421780690537787,12.092659846546011,0.6473214285714286,16.877865772995737,-36.70298747126828,0.8440283302051804,-640.7218414322348,-155.74524296675284,5,9,26.290178571428573,-25.506696428571427,1.030716723549488,2.0,4.666666666666667,-1.101748026140301,0.3392857142857143,0.6473214285714286,0.0,0.0,0.013392857142857142,0.18303571428571427,0.026785714285714284,-14.389655172413793,9.240506329113924,95,-301.77404092068025,-3.176568851796634,-13.120610474812185,12.951355498721822,0.6631578947368421,16.410810295133125,-41.7392215473146,0.7740628974577032,-332.9627877237537,-105.57751918158115,4,4,24.50526315789474,-28.305263157894736,0.8657493492004463,2.0,4.130434782608695,-1.2460693394978308,0.3368421052631579,0.6631578947368421,0.0,0.0,0.0,0.16842105263157894,0.07368421052631578,-11.087301587301587,13.109375
A.stop1atr_tgt0.75R,"stop 1 ATR, target 0.75R",207,-442.147416879764,-2.1359778593225314,-9.211404518328413,13.233005115086852,0.5652173913043478,25.328429405207267,-37.83970730321126,0.8701694746982122,-727.4331202045591,-198.93626598466187,5,5,29.884057971014492,-29.20048309178744,1.0234097113078005,2.0,4.3125,-0.9269511749148545,0.42028985507246375,0.5652173913043478,0.0,0.0,0.014492753623188406,0.2946859903381642,0.004830917874396135,-15.196581196581196,12.883333333333333,86,-197.35030690537843,-2.294771010527656,-8.580448126320801,17.576195652172174,0.5930232558139535,25.000889122912422,-42.06844720496892,0.8659665242735527,-332.1790281329959,-97.20198209719965,4,4,28.813953488372093,-31.523255813953487,0.9140538546661748,2.0,3.739130434782609,-0.6323204407917745,0.4069767441860465,0.5930232558139535,0.0,0.0,0.0,0.313953488372093,0.011627906976744186,-12.284313725490197,16.185714285714287
A.stop1atr_tgt1R,"stop 1 ATR, target 1R",188,-563.6822506393868,-2.9983098438265254,-11.743380221653888,-7.785856777495356,0.48404255319148937,34.00656755009722,-37.71422574946634,0.8459160407616562,-752.9192327365719,-198.93626598466187,6,6,33.316489361702125,-31.295212765957448,1.0645874054559359,3.0,3.9166666666666665,-1.226814093501214,0.5,0.48404255319148937,0.0,0.0,0.015957446808510637,0.48936170212765956,0.005319148936170213,-14.796703296703297,15.3659793814433,75,-204.35038363169585,-2.7246717817559447,-8.8847992883346,22.474373401536724,0.5066666666666667,34.94953829586801,-41.417103753369744,0.86664969684299,-372.58797953965257,-115.92859335039509,6,7,32.946666666666665,-35.66,0.9239110114040008,2.0,3.260869565217391,-0.650601974606143,0.49333333333333335,0.5066666666666667,0.0,0.0,0.0,0.5333333333333333,0.02666666666666667,-13.605263157894736,19.37837837837838
A.stop1atr_tgt1.5R,"stop 1 ATR, target 1.5R",169,-392.23370843992575,-2.3209095173960104,-8.171535592498449,-25.71488491048396,0.39644970414201186,51.465326564110306,-37.65108419838544,0.8978667255940054,-618.6094884910527,-198.93626598466187,6,3,38.55029585798817,-34.603550295857985,1.1140560875512997,4.0,3.5208333333333335,-0.8858689402278278,0.5857988165680473,0.39644970414201186,0.0,0.0,0.01775147928994083,0.47928994082840237,0.005917159763313609,-15.522388059701493,19.230392156862745,68,99.55470588238597,1.464039792388029,4.3284654731472125,-26.996214833760604,0.45588235294117646,52.64475950829246,-41.417103753369744,1.064965134756243,-363.3513043478241,-115.92859335039509,6,4,42.11029411764706,-38.94117647058823,1.0813821752265862,4.0,2.9565217391304346,0.23489907986966146,0.5441176470588235,0.45588235294117646,0.0,0.0,0.0,0.5294117647058824,0.0,-15.564516129032258,21.986486486486488
A.stop1atr_tgt2R,"stop 1 ATR, target 2R",158,-141.7318670076616,-0.8970371329598836,-2.952747229326284,-28.032020460358325,0.34177215189873417,69.3831069432611,-37.3886504033054,0.9635502646168065,-559.0074168797858,-198.93626598466187,8,9,43.901898734177216,-36.5126582278481,1.202374761657133,4.0,3.2916666666666665,-0.2582015872464446,0.6392405063291139,0.33544303797468356,0.0,0.0,0.02531645569620253,0.4936708860759494,0.0,-15.601851851851851,22.673076923076923,62,145.48531969309943,2.3465374144048297,6.325448682308666,-28.982148337598773,0.3870967741935484,71.39135976129602,-41.26071880468435,1.0927894897487966,-435.5008695652234,-115.92859335039509,10,7,47.943548387096776,-41.82258064516129,1.1463555726957193,5.0,2.6956521739130435,0.32842492598986617,0.6129032258064516,0.3870967741935484,0.0,0.0,0.0,0.4838709677419355,0.0,-16.583333333333332,23.57894736842105
A.stop1.25atr_tgt0.5R,"stop 1.25 ATR, target 0.5R",215,150.79303069055052,0.701362933444421,3.1415214727197998,17.404040920716653,0.6837209302325581,21.579809054056625,-44.43292500376136,1.0499076882467442,-372.6290025575471,-120.26544757032883,4,6,29.29767441860465,-28.59767441860465,1.0244775148410181,2.0,4.479166666666667,0.26106700790584336,0.3023255813953488,0.6837209302325581,0.0,0.0,0.013953488372093023,0.24186046511627907,0.009302325581395349,-17.367346938775512,9.764705882352942,92,-516.4960741687848,-5.614087762704183,-22.45635105081673,16.0069820971851,0.6413043478260869,20.62031600849612,-52.51802177788048,0.7019804696161476,-559.7820076726192,-146.9791560102254,4,4,26.494565217391305,-33.54347826086956,0.7898574206092029,2.0,4.0,-1.5402452295262448,0.358695652173913,0.6413043478260869,0.0,0.0,0.0,0.20652173913043478,0.021739130434782608,-12.135593220338983,15.045454545454545
A.stop1.25atr_tgt0.75R,"stop 1.25 ATR, target 0.75R",189,-170.34534526862825,-0.9012981231144351,-3.54886135976308,17.64860613810859,0.5714285714285714,32.474506606989976,-45.40237109658699,0.953680195480104,-497.9345620205017,-185.2127493606205,6,4,35.423280423280424,-33.75396825396825,1.0494552864644564,3.0,3.9375,-0.2906840345065872,0.4126984126984127,0.5714285714285714,0.0,0.0,0.015873015873015872,0.4708994708994709,0.005291005291005291,-18.34259259259259,14.777777777777779,75,-385.66839833760616,-5.142245311168082,-16.768191232069825,20.96222506393795,0.56,32.08157905553452,-52.51802177788048,0.7774683667413396,-514.3700799232729,-143.1907416879793,6,4,32.72666666666667,-40.06,0.8169412547844899,3.0,3.260869565217391,-1.0679616267023608,0.44,0.56,0.0,0.0,0.0,0.49333333333333335,0.013333333333333334,-14.94047619047619,18.560606060606062
A.stop1.25atr_tgt1R,"stop 1.25 ATR, target 1R",170,119.89539641946769,0.7052670377615746,2.497820758738912,15.37798593350206,0.5176470588235295,43.690424174611096,-45.425145499345234,1.0321878766628558,-357.34420716111566,-185.2127493606205,6,4,39.879411764705885,-36.161764705882355,1.1028060187067914,3.0,3.5416666666666665,0.19768981679760417,0.4647058823529412,0.5176470588235295,0.0,0.0,0.01764705882352941,0.5529411764705883,0.0058823529411764705,-18.863636363636363,17.0609756097561,68,-360.79216112532674,-5.305767075372452,-15.686615701101163,-8.841483375958632,0.5,41.83614374905888,-52.447677899803786,0.7976738994809796,-565.077647058818,-145.2591560102254,6,7,39.0514705882353,-44.36764705882353,0.8801789857474313,4.0,2.9565217391304346,-0.8576353902811682,0.5,0.4852941176470588,0.0,0.0,0.014705882352941176,0.5588235294117647,0.0,-15.794117647058824,21.941176470588236
A.stop1.25atr_tgt1.5R,"stop 1.25 ATR, target 1.5R",149,154.79320971864797,1.038880602138577,3.2248585358051756,-26.641675191813846,0.40939597315436244,67.0762611630539,-44.73703092304136,1.039318964859978,-426.7993989769783,-185.2127493606205,6,10,47.72818791946309,-40.43624161073826,1.180331950207469,5.0,3.1041666666666665,0.24180787575676338,0.5704697986577181,0.40268456375838924,0.0,0.0,0.026845637583892617,0.5637583892617449,0.0,-20.401639344262296,23.289772727272727,63,-12.73563938615493,-0.2021530061294433,-0.553723451571951,-34.66757033247879,0.4444444444444444,64.37315628425326,-51.8624004384356,0.9929838301359586,-569.5884143222388,-143.1907416879793,9,7,48.095238095238095,-46.93650793650794,1.0246871829556983,6.0,2.739130434782609,-0.024577021920302373,0.5555555555555556,0.42857142857142855,0.0,0.0,0.015873015873015872,0.5238095238095238,0.0,-16.75,23.271428571428572
A.stop1.25atr_tgt2R,"stop 1.25 ATR, target 2R",136,349.88210997441456,2.5726625733412836,7.289210624466977,-32.31542838874404,0.34558823529411764,92.14224628611872,-44.72812882554119,1.087892334552323,-466.1008312020465,-185.2127493606205,9,9,55.091911764705884,-43.54779411764706,1.2650907555930773,7.0,2.8333333333333335,0.4594072714234008,0.6323529411764706,0.3382352941176471,0.0,0.0,0.029411764705882353,0.5735294117647058,0.0,-23.351063829787233,27.876404494382022,55,-77.73682864447758,-1.413396884445047,-3.3798621149772874,-35.79768542199483,0.36363636363636365,86.87235933503841,-51.8624004384356,0.9571741333179974,-629.8121483375842,-212.72873401533812,11,7,54.36363636363637,-52.04545454545455,1.0445414847161572,7.0,2.391304347826087,-0.1495654759473592,0.6363636363636364,0.34545454545454546,0.0,0.0,0.01818181818181818,0.4909090909090909,0.0,-19.05,27.814285714285713
A.stop1.5atr_tgt0.5R,"stop 1.5 ATR, target 0.5R",203,-529.981930946251,-2.6107484283066555,-11.041290228046895,18.99898976981902,0.645320197044335,25.724492981394796,-54.165145993180126,0.8641033820354134,-807.2170204603692,-198.03439897698553,4,4,31.958128078817733,-34.5,0.9263225530092096,3.0,4.229166666666667,-0.8499040511729236,0.3399014778325123,0.645320197044335,0.0,0.0,0.014778325123152709,0.32019704433497537,0.0,-19.3206106870229,12.38888888888889,86,-528.3253708440188,-6.1433182656281256,-22.970668297566025,19.552378516623577,0.6511627906976745,24.809914139568583,-63.92268542199532,0.7244977181646867,-767.2721227621571,-174.6549872122865,4,4,29.976744186046513,-38.54651162790697,0.7776772247360484,3.0,3.739130434782609,-1.2176442427968572,0.3372093023255814,0.6511627906976745,0.0,0.0,0.011627906976744186,0.32558139534883723,0.0,-14.8125,15.983333333333333
A.stop1.5atr_tgt0.75R,"stop 1.5 ATR, target 0.75R",172,-373.7867710998214,-2.1731789017431478,-7.787224397912943,21.11591751917993,0.5581395348837209,39.178572370523646,-54.4069699825012,0.9096026301457811,-614.2130051151886,-221.2232992327446,6,6,38.3343023255814,-38.88953488372093,0.9857228285244433,4.0,3.5833333333333335,-0.5905848297556067,0.42441860465116277,0.5581395348837209,0.0,0.0,0.01744186046511628,0.5755813953488372,0.0,-20.010416666666668,15.80921052631579,70,-451.4003196930702,-6.448575995615288,-19.62610085622044,25.498670076726995,0.5571428571428572,38.735513476294486,-63.293075653824374,0.7699384887708408,-760.6760485933432,-193.69186061381595,6,7,38.31428571428572,-45.364285714285714,0.8445914029286727,4.0,3.0434782608695654,-0.9631296864682029,0.44285714285714284,0.5571428571428572,0.0,0.0,0.0,0.5714285714285714,0.0,-16.871794871794872,20.20967741935484
A.stop1.5atr_tgt1R,"stop 1.5 ATR, target 1R",157,-270.50035805629784,-1.7229322169190946,-5.635424126172871,-1.72,0.49044585987261147,52.908832165276955,-54.30600543478279,0.9377370062733792,-553.278618925851,-221.2232992327446,6,7,44.12101910828026,-43.1656050955414,1.022133687472333,5.0,3.2708333333333335,-0.43879723270808785,0.49044585987261147,0.49044585987261147,0.0,0.0,0.01910828025477707,0.5605095541401274,0.0,-22.357142857142858,18.7125,67,-431.88514066494304,-6.446046875596164,-18.77761481151926,-38.01156010230508,0.4925373134328358,51.16853367434036,-62.366080938769834,0.7963235151864787,-671.9011764705873,-172.93498721227922,6,7,43.723880597014926,-49.67164179104478,0.8802584134615384,5.0,2.9130434782608696,-0.8449843048336273,0.5074626865671642,0.47761194029850745,0.0,0.0,0.014925373134328358,0.5671641791044776,0.0,-16.757575757575758,22.91176470588235
A.stop1.5atr_tgt1.5R,"stop 1.5 ATR, target 1.5R",134,-111.8150383631914,-0.8344405847999359,-2.3294799658998167,-34.74973145780197,0.39552238805970147,80.48269748588508,-54.04195068043336,0.9744562778544391,-654.6919181585887,-221.2232992327446,7,5,54.30597014925373,-47.82462686567164,1.1355231333385347,7.0,2.7916666666666665,-0.15412839972392894,0.582089552238806,0.3880597014925373,0.0,0.0,0.029850746268656716,0.5895522388059702,0.0,-24.650943396226417,26.69753086419753,56,-308.7630946291614,-5.513626689806453,-13.424482375180924,-42.61322250639088,0.4107142857142857,77.11617813855253,-63.10409672169302,0.8517297941167034,-800.8233375959214,-254.24248081841884,11,7,56.285714285714285,-56.151785714285715,1.0023851168707267,8.5,2.4347826086956523,-0.5377716209795731,0.5892857142857143,0.39285714285714285,0.0,0.0,0.017857142857142856,0.5178571428571429,0.0,-19.217391304347824,28.62121212121212
A.stop1.5atr_tgt2R,"stop 1.5 ATR, target 2R",122,92.37739130432226,0.7571917320026414,1.924528985506721,-38.60427109974145,0.3442622950819672,103.51973937401006,-53.19314578005126,1.0217080109546193,-628.573350383635,-370.2687979539711,10,7,63.34836065573771,-49.34836065573771,1.283697367328295,9.0,2.5416666666666665,0.1090466859447802,0.6311475409836066,0.3360655737704918,0.0,0.0,0.03278688524590164,0.6147540983606558,0.0,-24.55952380952381,35.38125,52,-78.65227621484277,-1.512543773362361,-3.4196641832540373,-43.43898976981902,0.38461538461538464,98.28856777493608,-63.888238491048895,0.9615283862919745,-750.6145780051272,-254.24248081841884,11,7,60.66346153846154,-58.80769230769231,1.0315565729234795,10.5,2.260869565217391,-0.13002915345175012,0.6153846153846154,0.34615384615384615,0.0,0.0,0.038461538461538464,0.5,0.0,-19.85,28.84375
C.structural_tgt0.5R,"stop at signal-bar extreme, target 0.5R",239,-1258.5800000130093,-5.266025104656943,-26.220416666937695,-5.22,0.2301255230125523,6.743636363636361,-8.855869565288094,0.2276186267993708,-1246.9800000090079,-115.89,16,28,19.497907949790793,-18.46234309623431,1.0560906515580735,1.0,4.979166666666667,-6.779850611349157,0.7364016736401674,0.2510460251046025,0.0,0.0,0.012552301255230125,0.12552301255230125,0.6150627615062761,-8.6,14.605978260869565,104,-636.1300000100043,-6.116634615480811,-27.657826087391506,-4.22,0.25,3.9915384615384615,-9.486025641153905,0.14026030192671643,-605.4300000080036,-120.22,11,21,18.620192307692307,-18.08653846153846,1.029505582137161,1.0,4.521739130434782,-4.72789077442921,0.7115384615384616,0.28846153846153844,0.0,0.0,0.0,0.10576923076923077,0.625,-4.884615384615385,16.365384615384617
C.structural_tgt0.75R,"stop at signal-bar extreme, target 0.75R",238,-1164.3600000125073,-4.892268907615577,-24.257500000260563,-5.22,0.22268907563025211,10.301226415094337,-9.245000000067606,0.3192171078572829,-1152.7600000085056,-105.515,16,16,20.096638655462186,-18.930672268907564,1.0615913883031851,1.0,4.958333333333333,-6.613367134221222,0.7521008403361344,0.23529411764705882,0.0,0.0,0.012605042016806723,0.13865546218487396,0.5672268907563025,-8.084905660377359,14.602702702702702,104,-559.7550000100043,-5.382259615480811,-24.33717391347846,-4.22,0.25961538461538464,6.613333333333334,-9.588506493636421,0.241847991707578,-536.0550000080036,-120.22,11,13,18.620192307692307,-18.08653846153846,1.029505582137161,1.0,4.521739130434782,-4.005540271602321,0.7115384615384616,0.28846153846153844,0.0,0.0,0.0,0.10576923076923077,0.5865384615384616,-4.777777777777778,15.902597402597403
C.structural_tgt1R,"stop at signal-bar extreme, target 1R",236,-1018.9200000120052,-4.317457627169514,-21.22750000025011,-5.72,0.211864406779661,14.43,-9.357096774258093,0.41455510738501233,-1007.3200000080036,-101.74,16,16,20.574152542372882,-19.152542372881356,1.0742256637168142,1.0,4.916666666666667,-5.830985038201189,0.7627118644067796,0.2245762711864407,0.0,0.0,0.012711864406779662,0.1483050847457627,0.5254237288135594,-8.15,14.688172043010752,104,-483.3800000100043,-4.647884615480811,-21.016521739565412,-4.22,0.27884615384615385,8.762758620689656,-9.833333333466726,0.34456949152074956,-466.6800000080036,-120.22,11,8,18.740384615384617,-18.08653846153846,1.0361509835194047,1.0,4.521739130434782,-3.299225605961176,0.7115384615384616,0.28846153846153844,0.0,0.0,0.0,0.10576923076923077,0.5865384615384616,-4.517241379310345,15.72
C.structural_tgt1.5R,"stop at signal-bar extreme, target 1.5R",233,-770.7600000110083,-3.307982832665272,-16.057500000229343,-5.72,0.19742489270386265,22.37782608695652,-9.626417112358334,0.5718333018508033,-759.1600000070067,-79.32,16,9,21.854077253218883,-19.431330472103003,1.1246824958586417,1.0,4.854166666666667,-4.167811215256058,0.7811158798283262,0.20600858369098712,0.0,0.0,0.012875536480686695,0.17167381974248927,0.44635193133047213,-7.923913043478261,14.855614973262032,102,-383.1900000100045,-3.7567647059804363,-16.660434783043673,-4.22,0.2647058823529412,13.807777777777776,-10.080000000133392,0.4931349206283947,-380.49000000800356,-120.22,11,10,19.892156862745097,-18.63235294117647,1.0676137858458299,1.0,4.434782608695652,-2.404708265938962,0.7352941176470589,0.2647058823529412,0.0,0.0,0.0,0.14705882352941177,0.5392156862745098,-4.2592592592592595,15.68
C.structural_tgt2R,"stop at signal-bar extreme, target 2R",230,-508.60000001000435,-2.211304347869584,-10.595833333541757,-5.72,0.19130434782608696,29.55272727272727,-9.725376344139807,0.7188377595431575,-497.0000000060027,-79.32,16,9,22.389130434782608,-19.632608695652173,1.1404052707341379,1.0,4.791666666666667,-2.4668140407422134,0.7913043478260869,0.1956521739130435,0.0,0.0,0.013043478260869565,0.1826086956521739,0.3695652173913043,-7.909090909090909,15.024193548387096,102,-300.4400000100045,-2.9454901961765145,-13.062608696087148,-4.22,0.24509803921568626,19.12,-10.109610389740318,0.6140486100327023,-315.3000000060026,-120.22,11,10,20.66176470588235,-19.568627450980394,1.0558617234468937,1.0,4.434782608695652,-1.7359798495104337,0.7549019607843137,0.24509803921568626,0.0,0.0,0.0,0.16666666666666666,0.47058823529411764,-4.44,15.7012987012987
D.trail0.75atr,trail 0.75 ATR,219,-1178.9805115090126,-5.3834726552922945,-24.562093989771096,-9.047046035803506,0.2648401826484018,21.84187163770966,-15.191360661466913,0.5179588923521322,-1175.3865856777973,-166.46938618924293,9,15,23.82191780821918,-22.397260273972602,1.0636085626911316,1.0,4.5625,-3.9801365334702754,0.0,0.0,0.0,0.0,0.0136986301369863,0.1963470319634703,0.0,-10.482758620689655,13.394409937888199,92,-576.5967774935873,-6.26735627710421,-25.06942510841684,-6.698580562659772,0.31521739130434784,9.77334156451218,-13.651169569276835,0.3295570936219529,-571.6726854219949,-94.83289002556353,17,20,23.222826086956523,-23.70108695652174,0.9798211419399221,1.0,4.0,-4.244450808926389,0.0,0.0,0.0,0.0,0.0,0.18478260869565216,0.0,-7.586206896551724,16.746031746031747
D.trail1atr,trail 1 ATR,204,-1857.8889514066932,-9.107298781405358,-38.70601982097278,-13.012838874680456,0.27941176470588236,20.526847938259746,-20.598090366581623,0.3864139769864082,-1839.13038363174,-205.42506393860384,10,12,28.970588235294116,-25.627450980392158,1.130451415455241,2.0,4.25,-4.68625499317525,0.0,0.0,0.0,0.0,0.014705882352941176,0.3137254901960784,0.0,-10.666666666666666,18.255102040816325,83,-719.2357033248315,-8.665490401503995,-31.271117535862242,-10.414373401536723,0.3253012048192771,15.836123898834574,-20.47876872488152,0.3728385297586566,-685.1571355498708,-121.35831202046538,8,11,30.5,-28.156626506024097,1.0832263585793753,2.0,3.608695652173913,-2.958329237170841,0.0,0.0,0.0,0.0,0.0,0.3253012048192771,0.0,-9.148148148148149,19.508928571428573
D.trail1.5atr,trail 1.5 ATR,172,-1856.4653196930628,-10.793403021471295,-38.67636082693881,-20.41916879795346,0.3081395348837209,35.43917096945445,-31.38438135356427,0.5029199801890634,-1866.3774680306692,-211.9643989769928,8,9,44.625,-32.71511627906977,1.36404833836858,4.0,3.5833333333333335,-4.284646440005552,0.0,0.0,0.0,0.0,0.01744186046511628,0.45930232558139533,0.0,-14.216981132075471,23.718487394957982,68,-440.1441432225629,-6.472707988567102,-19.136701879241865,-19.943785166243032,0.3382352941176471,47.56939174913703,-34.09422563228256,0.7131191344249168,-506.5320716112741,-144.06611253195442,12,6,51.588235294117645,-38.0514705882353,1.3557487922705311,5.0,2.9565217391304346,-1.2209394756571366,0.0,0.0,0.0,0.0,0.0,0.47058823529411764,0.0,-14.195652173913043,24.711111111111112
D.stop1atr_be1R,"stop 1 ATR, target 2R, break-even at 1R",178,-1598.950281329915,-8.982866749044467,-33.31146419437323,-1.72,0.16292134831460675,66.45144368992088,-23.66471240495047,0.5465311490721254,-1795.5249104859254,-254.87253196930192,20,11,38.79494382022472,-32.18258426966292,1.2054639085275378,3.0,3.7083333333333335,-3.020697580932149,0.8202247191011236,0.16292134831460675,0.0,0.0,0.016853932584269662,0.4943820224719101,0.016853932584269662,-14.431034482758621,30.835570469798657,69,-417.4613299232658,-6.050164201786461,-18.15049260535938,-1.72,0.21739130434782608,67.64300085251519,-26.52048782798137,0.7084983723115095,-523.6904347825862,-139.05002557544154,13,7,41.08695652173913,-36.58695652173913,1.1229946524064172,4.0,3.0,-1.1797027761778622,0.782608695652174,0.21739130434782608,0.0,0.0,0.0,0.5217391304347826,0.0,-15.533333333333333,30.73148148148148
E.time1b,time stop 1b,239,446.9200000000003,1.8699581589958172,9.310833333333337,-0.72,0.4686192468619247,20.39160714285714,-14.464094488188977,1.2432959160342743,-187.54000000000013,-90.63999999999999,7,5,19.230125523012553,-18.10460251046025,1.0621677836838457,1.0,4.979166666666667,1.0718091705358694,0.0,0.0,0.9874476987447699,0.0,0.012552301255230125,0.12552301255230125,0.0,-12.464285714285714,8.299212598425196,104,52.12000000000012,0.5011538461538473,2.2660869565217423,3.5300000000000002,0.5288461538461539,14.916363636363634,-15.679183673469387,1.0678398500546675,-151.2,-66.72,5,2,18.182692307692307,-17.20673076923077,1.0567197541212627,1.0,4.521739130434782,0.3102157005719767,0.0,0.0,1.0,0.0,0.0,0.10576923076923077,0.0,-8.2,10.918367346938776
E.time3b,time stop 3b,200,-11.49999999999983,-0.05749999999999915,-0.239583333333328,-2.2199999999999998,0.46,31.986521739130442,-27.35425925925925,0.9961073162145516,-662.0,-161.94,6,7,31.6175,-29.9575,1.0554118334306934,3.0,4.166666666666667,-0.021092002230494736,0.0,0.0,0.975,0.0,0.025,0.3,0.0,-15.652173913043478,15.287037037037036,92,462.76,5.03,20.12,6.53,0.5760869565217391,29.685660377358488,-28.47641025641026,1.4166831745574382,-284.88000000000005,-163.66,6,3,32.57608695652174,-28.95108695652174,1.1252111882860898,3.0,4.0,1.2613643960556755,0.0,0.0,1.0,0.0,0.0,0.32608695652173914,0.0,-15.30188679245283,16.358974358974358
E.time5b,time stop 5b,183,47.74000000000015,0.26087431693989155,0.994583333333337,0.28,0.5027322404371585,39.17673913043478,-39.082637362637364,1.0134232339477918,-465.7399999999999,-207.88,8,6,40.256830601092894,-39.19398907103825,1.0271174625304984,5.0,3.8125,0.07243576930542259,0.0,0.0,0.9781420765027322,0.0,0.02185792349726776,0.4207650273224044,0.0,-22.054347826086957,17.615384615384617,85,486.29999999999995,5.721176470588235,21.143478260869564,7.28,0.5647058823529412,41.227916666666665,-40.34162162162163,1.325798585057348,-482.5,-161.88,5,6,42.588235294117645,-38.747058823529414,1.0991346591771671,5.0,3.6956521739130435,0.8467113993957315,0.0,0.0,1.0,0.0,0.0,0.4235294117647059,0.0,-17.614583333333332,19.216216216216218
E.time10b,time stop 10b,150,120.49999999999955,0.8033333333333303,2.510416666666668,-2.2199999999999998,0.4866666666666667,53.25260273972603,-48.921298701298696,1.0319888291292139,-659.3000000000001,-374.44000000000005,8,7,56.516666666666666,-52.97666666666667,1.0668218712640785,10.0,3.125,0.1348110890225287,0.0,0.0,0.9733333333333334,0.0,0.02666666666666667,0.56,0.0,-29.123287671232877,24.727272727272727,64,-150.08000000000004,-2.3450000000000006,-6.525217391304345,4.53,0.5625,43.405,-61.16642857142857,0.9123702311024956,-489.02,-185.22,8,5,55.953125,-56.234375,0.9949986107252015,10.0,2.782608695652174,-0.27631971377064385,0.0,0.0,0.984375,0.0,0.015625,0.578125,0.0,-31.48611111111111,30.964285714285715
E.time20b,time stop 20b,121,20.379999999999,0.16842975206610744,0.4245833333333356,-3.2199999999999998,0.4628099173553719,67.90499999999999,-58.18923076923078,1.0053882558231761,-1004.2600000000001,-317.44000000000005,6,5,69.68595041322314,-76.98760330578513,0.9051580698835274,20.0,2.5208333333333335,0.021205150533185866,0.0,0.0,0.9586776859504132,0.0,0.04132231404958678,0.6694214876033058,0.0,-46.17857142857143,41.03076923076923,55,-304.60000000000014,-5.538181818181821,-13.243478260869566,6.28,0.5454545454545454,66.33,-91.77999999999999,0.8672477663979081,-701.36,-404.22,7,5,73.77272727272727,-74.67272727272727,0.9879474068663258,20.0,2.391304347826087,-0.3692713895757197,0.0,0.0,0.9272727272727272,0.0,0.07272727272727272,0.6363636363636364,0.0,-31.966666666666665,35.44
E.time30b,time stop 30b,103,740.8399999999996,7.192621359223297,15.434166666666668,-2.2199999999999998,0.4854368932038835,85.81999999999996,-66.98415094339622,1.2086779187416903,-873.9400000000003,-295.44,8,5,90.75242718446601,-83.29126213592232,1.089579205035552,30.0,2.1458333333333335,0.6423103204925118,0.0,0.0,0.941747572815534,0.0,0.05825242718446602,0.7281553398058253,0.0,-53.35,55.29245283018868,47,-965.8400000000004,-20.54978723404256,-41.99304347826087,8.28,0.5106382978723404,76.05083333333333,-121.35043478260866,0.6539522618646681,-1059.1799999999998,-514.72,5,5,90.19148936170212,-98.55319148936171,0.9151554404145077,30.0,2.0434782608695654,-1.1568159844691617,0.0,0.0,0.8723404255319149,0.0,0.1276595744680851,0.6595744680851063,0.0,-42.104166666666664,41.130434782608695
