panel,symbol,period,entries,sessions,long_share,mean_1,median_1,win_1,t_1,ci_lo_1,ci_hi_1,ctrl_1,ctrl_pctile_1,diff_1,mfe_1,mae_1,asym_1,mean_3,median_3,win_3,t_3,ci_lo_3,ci_hi_3,ctrl_3,ctrl_pctile_3,diff_3,mfe_3,mae_3,asym_3,mean_5,median_5,win_5,t_5,ci_lo_5,ci_hi_5,ctrl_5,ctrl_pctile_5,diff_5,mfe_5,mae_5,asym_5,mean_10,median_10,win_10,t_10,ci_lo_10,ci_hi_10,ctrl_10,ctrl_pctile_10,diff_10,mfe_10,mae_10,asym_10,mean_15,median_15,win_15,t_15,ci_lo_15,ci_hi_15,ctrl_15,ctrl_pctile_15,diff_15,mfe_15,mae_15,asym_15,mean_30,median_30,win_30,t_30,ci_lo_30,ci_hi_30,ctrl_30,ctrl_pctile_30,diff_30,mfe_30,mae_30,asym_30,verdict
etf,SPY,2016,377,78,0.3713527851458886,0.2600802139036454,0.0,0.4946524064171123,0.6194182338479166,-0.509819518716704,1.116969919786044,0.07347708894878244,0.55,0.18660312495486295,5.131176470588186,-4.6827540106952235,1.0957604133953618,-0.25393048128352314,0.0,0.48663101604278075,-0.42647646542766715,-1.3867827540108137,0.8911570855613126,0.18060646900263505,0.37,-0.4345369502861582,8.435320855614892,-8.293850267379803,1.0170572874689456,-0.3293048128343273,-0.10999999999938836,0.48128342245989303,-0.4172620250966923,-1.954668449197951,1.2340955882351523,0.3447708894880429,0.41,-0.6740757023223702,10.78965240641704,-10.68494652406434,1.0097993829091128,-0.9112834224599293,0.0,0.48128342245989303,-0.8571060943191566,-3.006340240641769,1.1057653743315645,-0.11764150943396053,0.35,-0.7936419130259688,15.137085561497255,-15.267967914438703,0.9914276507735077,-0.708636363636421,0.1649999999997931,0.5026737967914439,-0.5986046484337558,-3.094878342246079,1.5378235294116998,-0.0715498652292296,0.4,-0.6370864984071914,18.13537433155073,-18.38521390374359,0.9864108422398072,-1.3004278074867122,0.24999999999977263,0.5,-0.7816989076617651,-4.612706550802156,1.7921818181817755,-0.1967789757412376,0.39,-1.1036488317454745,24.781871657753957,-27.066443850267667,0.9155939285872933,FAILS
etf,SPY,2017,287,77,0.42160278745644597,-0.47550877192970364,0.3500000000002501,0.5087719298245614,-1.3189895060944024,-1.2139438596491674,0.2296543859649384,0.2206914893617415,0.3,-0.6962002612914451,3.2967719298246143,-4.071824561403442,0.8096547088679849,-0.9144210526316381,-0.42000000000257387,0.4631578947368421,-1.6206791131001281,-2.036035964912371,0.16999210526313943,0.041046099290817394,0.19,-0.9554671519224555,5.843438596491344,-6.712771929824556,0.8704956249934842,-0.7832631578947401,0.0,0.4982456140350877,-1.1701939689185896,-2.098507894736865,0.4372184210525492,-0.3931560283686831,0.4,-0.39010712952605703,7.52698245614042,-8.878210526315797,0.8478040066553706,-1.9769122807017119,-2.000000000001023,0.4421052631578947,-2.2406395357898155,-3.7442675438595354,-0.2423631578946774,0.02049645390077988,0.28,-1.9974087346024918,10.59659649122802,-12.95308771929822,0.8180749425050701,-3.854666666666701,-3.0000000000001137,0.42105263157894735,-3.890975882906526,-5.83916929824557,-1.9387175438596647,-0.287517730496585,0.1,-3.567148936170116,12.221438596491204,-15.837929824561376,0.7716563169473237,-4.151684210526398,-6.000000000000227,0.41403508771929826,-2.914276184422027,-6.980242105263208,-1.319015789473646,-0.19230496453907692,0.15,-3.9593792459873205,17.183614035087654,-22.0218596491228,0.7802980451640528,FAILS
etf,SPY,2018,497,112,0.38832997987927564,0.3034072580647151,0.9999999999990905,0.5443548387096774,0.4952382938131777,-0.895363911290203,1.5399833669355247,-0.10657894736849845,0.69,0.4099862054332135,9.446250000000044,-8.311451612903172,1.1365343191477102,1.0831854838709976,1.0000000000019327,0.5362903225806451,1.0814672652764543,-0.9139047379033607,3.0962656250000067,0.032074898785439884,0.82,1.0511105850855578,16.133346774193576,-14.60516129032247,1.1046332494036677,2.1846370967743036,1.999999999998181,0.532258064516129,1.6628831940217077,-0.35962550403203336,4.720611391129019,-0.3244028340081362,0.92,2.50903993078244,21.467116935483915,-19.18439516129025,1.1189884671891912,4.612741935483734,4.005000000000791,0.5625,2.6413575285734296,1.0017988911289066,8.206024193548112,-0.5641700404858168,0.99,5.176911975969551,30.738125000000053,-26.22427419354827,1.1721249088968986,6.602298387096871,4.74999999999568,0.5524193548387096,3.183300762520244,2.1781834677419587,10.5944642137097,-0.03966777804232217,1.0,6.641966165139193,37.81659274193545,-31.15897177419338,1.2136662601060564,4.007540322580741,3.999999999999204,0.5201612903225806,1.3345089225258977,-1.9547081653224598,10.22227923387105,-0.6745748987853604,0.86,4.682115221366102,51.41274193548385,-45.30697580645159,1.1347643717187326,MARGINAL
etf,SPY,2019,395,76,0.4835443037974684,0.8018158567774413,0.24999999999977263,0.5038363171355499,1.4766450834951934,-0.29560230179018104,1.8651118925830084,0.09208439897697873,0.89,0.7097314578004625,7.787851662404065,-6.669181585677679,1.167737234674907,1.2841432225064995,0.0,0.4936061381074169,1.3625261050846922,-0.5334271099742833,3.111316496163937,-0.017544757033158127,0.88,1.3016879795396576,13.777672634271047,-11.901636828644497,1.157628386131844,2.8030179028133144,1.0000000000047748,0.5140664961636828,2.553935253021442,0.6536924552430345,4.982964833759701,-0.3636828644499018,1.0,3.166700767263216,17.47754475703308,-14.743631713555011,1.1854300959623512,2.613785166240437,1.4999999999986358,0.5242966751918159,1.7706540706157263,-0.28951086956507754,5.506612531969522,-0.29308184143215943,0.92,2.9068670076725964,24.62023017902805,-20.541355498721213,1.198568915306527,4.070537084398931,2.9999999999972715,0.5396419437340153,2.264224569266232,0.42131329923271255,7.75623913043504,-0.21861892583106327,0.9,4.289156010229995,29.965933503836204,-24.293657289002464,1.2334879490294586,5.78099744245528,0.49999999999954525,0.5012787723785166,2.208429564153376,0.8299661125319033,11.09474168797971,-0.4832608695650902,0.94,6.26425831202037,43.48782608695645,-34.56148337595902,1.2582742937823843,MARGINAL
etf,SPY,2020,345,82,0.3681159420289855,-1.8928779069765909,-0.7499999999993179,0.4796511627906977,-1.4951680987737141,-4.445225290697487,0.44709883720958554,-0.029118314610760865,0.02,-1.86375959236583,13.719273255814052,-15.257354651162888,0.899190821048942,-2.724505813953363,-1.0050000000035197,0.46511627906976744,-1.1662749813342197,-7.234165697674259,1.8142318313954366,-0.21925816023736794,0.03,-2.5052476537159953,24.137180232558293,-26.43037790697689,0.9132362888457506,-3.395145348837229,-0.4500000000007276,0.48255813953488375,-1.2450766845953043,-9.058609738372043,1.7885654069768566,-0.04850148367943169,0.02,-3.3466438651577977,30.454127906976897,-33.55575581395351,0.9075679318870576,-5.583779069767418,1.0050000000035197,0.5058139534883721,-1.5972446904479773,-12.490053779069827,1.5268866279071613,-0.5856973293766976,0.02,-4.99808174039072,41.97395348837213,-46.070930232558105,0.9110724110951278,-4.738226744185971,-0.05000000000165983,0.49709302325581395,-1.1501310052572278,-12.876458575581331,2.6114934593024866,-0.5613056379822918,0.1,-4.176921106203679,51.13706395348842,-55.14520348837193,0.9273166244507797,-4.56880813953486,1.1449999999996407,0.5058139534883721,-0.8392759058273812,-15.108973110465213,6.157590116279115,-1.3535311572701076,0.26,-3.2152769822647524,67.98430232558137,-74.75427325581389,0.9094370042624152,FAILS
etf,SPY,2021,379,87,0.58311345646438,0.4466843501327836,0.0,0.4960212201591512,0.6412115768319043,-0.9054283819627557,1.730588196286871,-0.03892183288405229,0.69,0.4856061830168359,10.017188328912658,-8.896631299734537,1.1259529580833092,-1.1301061007956599,0.0,0.493368700265252,-0.9349620348163649,-3.489101458885902,1.2878129973477923,0.0666981132074937,0.17,-1.1968042140031536,16.65968169761295,-15.911856763925599,1.0469979679167785,-0.5528647214852261,0.8199999999987995,0.5119363395225465,-0.3376134643478398,-3.7326067639253706,2.788253978780041,0.2649865229110837,0.36,-0.8178512443963099,21.617161803713763,-20.608992042440228,1.0489189262239222,-1.4693899204242393,1.490000000001146,0.519893899204244,-0.6304449895927385,-6.360438328912219,3.1192108753316954,0.620350404312635,0.22,-2.089740324736874,30.06164456233431,-30.48944297082216,0.9859689660812352,-2.835702917771677,-0.009999999997489795,0.4986737400530504,-1.054924142495267,-8.08548342175033,2.6257248010610486,0.6784366576816676,0.15,-3.5141395754533447,35.72673740053055,-37.25368700265242,0.959012121350213,0.6070026525201114,1.6999999999995907,0.5225464190981433,0.14888705514528414,-7.273982758620421,8.808653183023884,0.46185983827486654,0.52,0.1451428142452449,52.703395225464305,-52.68350132625987,1.0003776115615632,FAILS
etf,SPY,2022,401,101,0.3640897755610973,2.080552763819008,2.9999999999972715,0.5477386934673367,1.5639842934582753,-0.523964824120651,4.575275753768861,-0.07997468354423523,1.0,2.1605274473632434,19.75788944723606,-17.932160804020317,1.1018130867310996,4.745150753768712,6.000000000000227,0.5678391959798995,1.915875889809892,0.15081721105523016,9.613837939698357,-0.025481012658213884,1.0,4.770631766426926,34.63952261306521,-30.776859296482524,1.1255054415842929,2.3163819095477103,4.999999999998295,0.5376884422110553,0.7145746397538529,-3.9940829145730037,8.357055904522495,0.10402531645578565,0.87,2.2123565930919247,43.57148241206015,-40.283969849246425,1.08160845554985,0.945251256281358,7.175000000000864,0.542713567839196,0.20405127322539218,-8.981669597989926,10.041519472361566,-0.3477848101265322,0.72,1.2930360664078902,59.903869346733565,-59.25309045226133,1.01098303716321,3.6147738693466183,6.539999999998258,0.5376884422110553,0.6790015887730415,-7.477555276381869,13.767092336683293,-0.6229240506329612,0.9,4.2376979199795795,73.13429648241204,-72.08429648241209,1.0145662793595571,2.5711557788943895,7.495000000000118,0.5301507537688442,0.3646628299474535,-11.05759861809075,16.52754020100465,-0.9811139240506082,0.83,3.5522697029449977,100.53633165829136,-100.86306532663323,0.996760621271188,REPLICATES
etf,SPY,2023,561,114,0.47950089126559714,0.8021645796062897,0.9999999999990905,0.5223613595706619,1.2088812334823658,-0.4908640429338056,2.063769230768999,-0.05122082585273036,0.92,0.8533854054590201,10.983488372093031,-10.816171735241717,1.0154691179972815,0.565688729874733,0.9900000000016007,0.5152057245080501,0.4270927389842788,-2.079132826475841,3.096185599284357,0.05148114901252867,0.63,0.5142075808622043,19.532379248658284,-18.976744186046623,1.0292797888386045,1.3276565295168952,0.9899999999959164,0.5062611806797853,0.8043638071176578,-1.974097495527806,4.406945438282457,0.4077648114901222,0.73,0.9198917180267729,25.20093023255814,-24.766529516994726,1.0175398299251144,1.2823076923076075,1.999999999998181,0.5116279069767442,0.5918558736585671,-2.8925196779965483,5.5216203041145215,0.7147962653216502,0.61,0.5675114269859574,34.984543828264684,-34.11955277280867,1.0253517700309767,2.274740608229001,-0.49999999999954525,0.49552772808586765,0.8187176963738308,-3.188602415026753,7.567215563506159,0.40723518850992213,0.82,1.8675054197190788,43.42669051878355,-41.96574239713768,1.0348128744588947,4.798193202146563,4.500000000001592,0.5402504472271914,1.4177670988396212,-1.8646766547406948,11.722551431126819,0.7603411131058408,0.86,4.037852089040722,59.46436493738809,-56.52998211091227,1.051908433664786,MARGINAL
etf,SPY,2024,499,116,0.4789579158316633,-0.8814837398375515,0.8249999999975444,0.508130081300813,-1.070657840666551,-2.5691270325204885,0.7814258130081416,0.1440862422997018,0.1,-1.0255699821372533,11.231605691056727,-13.462215447154739,0.8343058937918383,-1.3656910569109042,0.0,0.4959349593495935,-0.9257865237538863,-4.361741361788694,1.4939258130081678,0.17743326488703898,0.08,-1.5431243217979431,20.320691056910174,-23.327418699187298,0.8711075716927962,-1.7252845528459932,-0.9999999999990905,0.4796747967479675,-0.8658749903675478,-5.645285569106478,2.195496951219078,-0.00763851919448256,0.11,-1.7176460336515107,27.29081300812976,-30.548516260162764,0.8933596897378201,0.2449593495934363,1.6000000000019554,0.5101626016260162,0.0896171358836537,-4.913885670732056,5.189391768292809,0.5033162217657821,0.47,-0.25835687217234576,38.14432926829229,-42.08101626016269,0.9064498117742182,1.8232926829267349,-0.580000000002201,0.4898373983739837,0.5839428284789224,-4.682170731707273,7.79679065040621,0.3542915811087728,0.74,1.469001101817962,46.84152439024353,-49.731239837398384,0.9418933560352991,2.762540650406239,-2.749999999997499,0.483739837398374,0.6638564168086764,-5.370717987805442,10.885965447153996,0.16064681724843805,0.74,2.601893833157801,64.1949796747964,-68.09674796747984,0.9427025752456378,FAILS
etf,SPY,2025,393,86,0.49363867684478374,1.4438402061854956,0.9999999999990905,0.5231958762886598,0.8796911285723135,-1.6565277061855763,4.727911082474269,-0.007286821705370818,0.99,1.4511270278908663,17.9945618556702,-17.6756185567006,1.018044251065188,-2.561804123711558,0.005000000004429239,0.5,-0.8336679272446618,-8.72379445876306,3.1660444587628245,0.023397932816374152,0.01,-2.585202056527932,29.83097938144313,-33.15567010309264,0.8997248219893648,-4.982886597938302,0.9999999999990905,0.5103092783505154,-1.0116862347956075,-15.578628221649684,4.153289304123422,-0.22342377260974502,0.0,-4.759462825328557,39.445257731958684,-45.65551546391735,0.8639757394291873,-4.984484536082363,1.7499999999984084,0.5128865979381443,-0.7473168813025807,-17.939063144329907,7.63167074742281,0.47551679586564743,0.0,-5.4600013319480105,55.774716494845286,-61.59376288659771,0.9055253954452165,-4.488067010309353,0.9999999999990905,0.5051546391752577,-0.6690829860408823,-18.26329059278327,8.613014819587603,-0.14762273901822576,0.04,-4.340444271291128,66.79621134020589,-73.78195876288623,0.9053190300201909,-0.2934020618556822,6.569999999999254,0.5541237113402062,-0.035126934756493235,-16.095981958762856,16.299770618556444,0.5660077519378335,0.44,-0.8594098137935157,94.81773195876262,-99.35760309278324,0.9543077631433888,FAILS
etf,SPY,2026,261,61,0.39846743295019155,2.635521235521112,0.5000000000109139,0.5135135135135135,1.8540595543270668,-0.13395656370705816,5.419717181466806,0.1649416342413017,1.0,2.4705796012798107,16.865096525096668,-15.530540540540636,1.0859310711737515,-0.5503861003860783,0.9999999999990905,0.5173745173745173,-0.22165994740582973,-5.396737451737323,4.17009845559854,-0.32268482490273065,0.43,-0.22770127548334762,28.93629343629363,-27.525791505791407,1.051242919943118,0.020733590733214576,1.0000000000104592,0.5096525096525096,0.006437402781903014,-6.656767374518278,6.417011583011152,-0.09869649805437808,0.53,0.11943008878759265,37.58602316602317,-35.857953667953375,1.0481920835213245,0.6872200772202081,2.4999999999977263,0.5096525096525096,0.17052168345225832,-7.039240347490435,8.413279922779951,-0.044474708171040364,0.58,0.7316947853912484,50.62397683397703,-49.12490347490315,1.0305155481850408,-0.8208494208491922,0.0,0.4980694980694981,-0.1662499825066877,-10.087052123551562,9.576020270270876,-0.3604474708171093,0.43,-0.4604019500320829,59.270231660231666,-61.18065637065607,0.9687740402971438,-8.429459459459647,1.999999999998181,0.5135135135135135,-1.2356340015084426,-21.24982915057946,5.486692084942131,-0.3655252918287741,0.03,-8.063934167630872,79.22498069498054,-83.90162162162159,0.944260422668209,MARGINAL
etf,QQQ,2016,387,76,0.3875968992248062,0.08231770833333485,0.0,0.46875,0.3434005256496742,-0.365050130208376,0.5567272135416825,-0.12275456919050134,0.6,0.2050722775238362,2.6838802083332927,-2.6341406249999664,1.0188826605767591,0.3820572916666598,0.0,0.4921875,0.9865182521948248,-0.3835032552083795,1.1193639322915716,0.0011749347259191068,0.65,0.3808823569407407,4.944427083333307,-4.626484374999962,1.0687223132215478,0.12992187499997568,0.24999999999906208,0.5104166666666666,0.24310116803733947,-0.9880963541667106,1.1216484374999884,-0.08077023498691609,0.53,0.21069210998689175,6.437968749999956,-6.309713541666639,1.0203266293289506,0.09518229166660674,0.0,0.4895833333333333,0.1213941264868828,-1.371694661458355,1.6079615885415843,-0.4421801566579287,0.56,0.5373624483245354,9.51789062499995,-8.97429687499997,1.0605722941386404,-1.0407031249999792,0.824999999999676,0.5104166666666666,-1.0752394199989923,-2.9959088541666197,0.8917207031250184,-0.4087597911227402,0.43,-0.631943333877239,11.492526041666663,-11.7674739583333,0.9766349245691827,-0.3343750000000014,1.0000000000005116,0.5130208333333334,-0.24621625067889713,-3.0711614583332643,2.3416979166667047,-0.4329634464751191,0.51,0.09858844647511766,16.74997395833336,-16.373463541666677,1.0229951601692917,MARGINAL
etf,QQQ,2017,298,82,0.5,-0.3415202702702437,0.0,0.46283783783783783,-1.386441321866165,-0.8127423986485934,0.15690793918926235,0.11672354948797659,0.34,-0.45824381975822026,2.5352027027027115,-2.8531418918919123,0.8885652374693584,-0.3656418918918643,0.004999999998744897,0.5,-0.872558706517846,-1.1591503378378398,0.44492060810809375,0.32039249146767584,0.38,-0.6860343833595401,4.472905405405392,-4.912871621621608,0.91044622165987,-0.6368581081081446,-0.07499999999964757,0.46621621621621623,-1.1856190890611227,-1.694152027027112,0.38371706081079565,0.030802047781552138,0.4,-0.6676601558896967,5.916317567567537,-6.39111486486484,0.9257097850161478,-0.17854729729722804,0.5000000000023874,0.5101351351351351,-0.25914235401752994,-1.479993243243185,1.1456224662162338,0.20080204778140226,0.44,-0.3793493450786303,8.547229729729612,-8.952702702702664,0.954709433962255,-0.3806756756756863,0.19999999999953388,0.5067567567567568,-0.4326607514153622,-2.1122474662161825,1.3605354729729124,0.011006825938662673,0.45,-0.3916825016143489,10.568310810810768,-10.879459459459504,0.9714003577284166,0.2241554054053667,0.07499999999964757,0.5,0.1837656967273622,-2.1818243243244106,2.707266047297329,-0.3371501706482731,0.54,0.5613055760536397,15.075743243243243,-15.271925675675712,0.9871540474594545,FAILS
etf,QQQ,2018,377,82,0.46153846153846156,-0.1003713527849949,0.0,0.46684350132625996,-0.17809744854317958,-1.192746684349983,0.9488176392574237,-0.1669385026739221,0.53,0.0665671498889272,6.981140583554532,-6.584854111405771,1.0601815113052155,1.1988328912468267,0.0,0.4960212201591512,1.3223314353528668,-0.5556120689653109,2.970854111406006,0.053302139037488865,0.89,1.1455307522093379,12.457692307692419,-11.440822281167078,1.0888808515275363,2.027824933687178,0.9999999999990905,0.5145888594164456,1.7832473864799263,-0.2304874005303362,4.2204602122018535,0.05701871657752746,0.91,1.9708062171096505,15.993129973474867,-14.324615384615274,1.1164788403779125,1.6537400530505035,2.000000000001023,0.5517241379310345,1.0393148152407496,-1.4504920424401826,4.811458885941735,-0.33947860962575743,0.77,1.993218662676261,22.626153846153947,-20.629655172413703,1.096778092365305,2.5972148541115225,3.0000000000001137,0.5623342175066313,1.3944447018415165,-0.8331889920423327,6.171446286472208,-0.2682352941177458,0.84,2.8654501482292685,27.3433421750664,-24.855172413792967,1.100106719030147,4.531671087533266,6.000000000000227,0.5729442970822282,1.7173317818870952,-0.4881312997347601,9.674620026525332,-1.0179679144385245,0.87,5.549639001971791,38.10973474801075,-33.8197082228115,1.126849897608094,MARGINAL
etf,QQQ,2019,377,79,0.4403183023872679,0.5025600000000092,0.10999999999796728,0.5013333333333333,1.324467173356848,-0.2309486666666737,1.2477000000001297,0.07873655913978958,0.62,0.4238234408602196,5.4249066666666295,-4.50178666666668,1.2050563628070514,0.8323733333332939,0.0,0.488,1.2342677763768062,-0.39157800000006165,2.1671819999998223,0.2743817204300841,0.62,0.5579916129032099,9.630426666666631,-8.792133333333284,1.095345839462552,1.1064533333333733,0.1599999999996271,0.504,1.3218414822288607,-0.5782479999999708,2.72182466666671,0.4445833333334018,0.68,0.6618699999999715,12.208853333333318,-11.30639999999997,1.0798179202339693,0.09981333333327408,-0.49999999999954525,0.49066666666666664,0.08339754798896734,-2.1740599999999635,2.3750693333332613,0.009260752688162321,0.51,0.09055258064511176,17.0957866666667,-16.426506666666615,1.0407439033497132,0.17098666666674187,-0.49999999999954525,0.488,0.11748854643816989,-2.5137399999998515,3.0670473333333894,0.3248118279569113,0.47,-0.15382516129016946,20.962000000000064,-20.230639999999866,1.0361511054519383,3.0019466666666847,1.0000000000019327,0.512,1.551737618370015,-0.7409233333333657,6.661862000000043,-0.8073521505375187,0.81,3.8092988172042035,29.875813333333394,-26.719519999999854,1.1181268725386369,MARGINAL
etf,QQQ,2020,368,86,0.47554347826086957,-0.47632876712330857,0.0,0.4904109589041096,-0.44784992617196695,-2.647709589041295,1.551341095890501,0.06910468319564703,0.27,-0.5454334503189556,13.22624657534249,-12.915041095890313,1.0240963599838027,1.2313972602740324,0.0,0.4849315068493151,0.715449019914998,-2.15339520547942,4.712954109589099,0.3457024793389778,0.75,0.8856947809350546,23.736684931506883,-21.367835616438335,1.1108605175362818,1.0436438356165338,0.7000000000005002,0.5068493150684932,0.48332978964663,-3.189746575342462,4.970293835616707,0.24477961432513587,0.66,0.798864221291398,30.188164383561663,-28.19778082191769,1.070586532118048,-1.4691232876711564,-1.999999999998181,0.4849315068493151,-0.477225208963908,-7.275615753424608,4.657672602739669,-0.10904958677689164,0.25,-1.3600737008942647,42.90580821917818,-40.86150684931508,1.0500300044587654,-2.7344931506848744,-0.9999999999990905,0.4904109589041096,-0.7558370679779072,-9.73858082191773,4.484536301369953,-0.1326033057851101,0.25,-2.6018898448997643,50.95054794520552,-50.21043835616442,1.0147401539056717,0.8084931506847818,-3.999999999999204,0.4821917808219178,0.1766599534659554,-8.138317808219304,9.854050684931309,0.13991735537189712,0.56,0.6685757953128847,67.25882191780835,-68.42117808219182,0.9830117487455833,MARGINAL
etf,QQQ,2021,343,80,0.47230320699708456,-1.3054545454548745,-0.8199999999987995,0.4633431085043988,-1.5649472058484466,-2.9568643695016785,0.371637829911922,-0.06369117647042255,0.08,-1.241763368984452,9.846891495601106,-11.038240469208361,0.8920707537645539,-0.3448680351907789,-0.9999999999990905,0.4809384164222874,-0.2459723465003701,-3.090693548387408,2.4546700879763974,-0.1309999999999998,0.44,-0.2138680351907791,16.95859237536659,-18.062639296187697,0.9388767664172905,-1.6675366568916172,-0.9999999999990905,0.4750733137829912,-0.9036435847132772,-5.15355425219958,2.074065249266668,-0.30101470588231233,0.26,-1.366521951009305,21.76258064516124,-23.696187683284663,0.9184000792039897,0.2620234604103122,-2.9999999999972715,0.4750733137829912,0.10067574537609439,-4.65499193548429,5.690074780058164,-0.5963529411763117,0.58,0.8583764015866239,31.437096774193407,-32.77431085044002,0.959199322837061,0.42739002932531517,-2.9999999999972715,0.4750733137829912,0.13678854435877952,-5.497320381231843,7.004059384163989,-0.9013235294118531,0.63,1.3287135587371683,38.29457478005857,-39.13085043988281,0.978628737928683,-0.6801759530794044,1.999999999998181,0.5102639296187683,-0.1733364785049393,-8.283739002932903,7.287049853372193,-1.0634264705881151,0.54,0.38325051750871075,53.279208211143605,-52.91046920821123,1.0069691123222009,FAILS
etf,QQQ,2022,425,87,0.4117647058823529,-0.6417452830187615,0.0,0.49292452830188677,-0.5216940868022454,-3.0660076650942893,1.8892488207550435,0.014239904988157415,0.17,-0.655985188006919,16.92785377358491,-18.878349056603746,0.8966808338393054,-1.0277594339622427,-0.005000000001587068,0.49528301886792453,-0.49985511413791717,-5.19546108490561,2.793495872641545,-0.006745843230376265,0.24,-1.0210135907318665,29.25851415094332,-32.28393867924525,0.9062870067261365,-0.7900707547171265,-0.24999999999977263,0.49292452830188677,-0.29061980134637416,-6.045225235849075,4.626140919811173,0.09486935866955701,0.3,-0.8849401133866835,38.00749999999993,-40.97037735849055,0.9276824488931243,-1.0219811320755332,0.37000000000091404,0.5023584905660378,-0.2894457910941472,-7.951528891509671,6.260204599056407,0.2557244655582501,0.36,-1.2777055976337834,51.93643867924527,-56.693679245283015,0.9160886957881896,-2.234716981131989,0.3199999999992542,0.5023584905660378,-0.5192409855791964,-10.50423761792451,6.356032429245467,0.3332779097386367,0.16,-2.567994890870626,63.53632075471692,-69.30735849056612,0.9167326837793893,-5.914174528302034,-1.9450000000006185,0.49292452830188677,-0.9676991827637511,-17.783209316038082,6.089744693396079,0.46622327790986584,0.03,-6.3803978062119,86.21830188679252,-96.30556603773584,0.8952577242836537,FAILS
etf,QQQ,2023,456,97,0.4758771929824561,-0.41301552106440637,0.0,0.49667405764966743,-0.4856672308879181,-2.0318924611974056,1.2896790465630812,-0.003396436525604951,0.29,-0.4096190845388014,11.328048780487737,-12.15004434589814,0.9323462909262624,0.6158758314855387,1.999999999998181,0.5388026607538803,0.4223201558956536,-2.244384146341598,3.54865077605331,0.1624387527839511,0.61,0.4534370787015876,20.222239467849143,-20.912439024390352,0.9669957408728737,1.3415521064301354,2.0000000000038654,0.5254988913525499,0.7642662912762226,-2.1314257206209204,4.798491130820422,0.29394209354122813,0.71,1.0476100128889074,26.04126385809305,-26.35024390243904,0.9882741106499818,0.3580044345897239,1.0000000000047748,0.5077605321507761,0.1522543853461182,-4.247580931264077,5.014801552106349,-0.02515590200426878,0.56,0.3831603365939927,36.31926829268278,-36.77745011086482,0.9875417731027882,1.8186252771616858,2.9999999999972715,0.5188470066518847,0.6133675838580088,-3.6588697339247873,7.916196784922078,0.21125835189313646,0.71,1.6073669252685492,43.98121951219508,-44.290776053215055,0.9930108124398623,2.768780487804897,4.000000000002046,0.5210643015521065,0.6478499938691631,-6.057419623059974,11.203171286031074,0.1163919821826826,0.7,2.6523885056222145,60.70893569844782,-61.742195121951156,0.9832649386458892,MARGINAL
etf,QQQ,2024,484,105,0.53099173553719,-1.5902494802494753,0.9999999999990905,0.5197505197505198,-1.9219762524900177,-3.211311330561328,0.0715166320165104,0.14123700623706964,0.01,-1.731486486486545,11.607047817047688,-15.095696465696582,0.76889780100067,-1.9143451143452854,0.49999999999954525,0.5051975051975052,-1.311224536377643,-4.708431912682037,0.816840436590211,-0.04229729729738073,0.12,-1.8720478170479047,20.642390852390825,-25.799646569646754,0.8001036291976406,-4.46553014553038,0.0,0.4968814968814969,-2.0586539939959745,-8.885591476091736,-0.46296777546786044,-0.141715176715293,0.0,-4.323814968815087,27.825841995841973,-34.67891891891911,0.8023849319207458,-6.114033264033253,-4.000000000002046,0.4594594594594595,-2.0117555717519533,-12.099360187110152,-0.20298128898139592,-0.2966839916839122,0.0,-5.8173492723493405,39.24636174636168,-49.23731808731823,0.7970856917259703,-7.103887733887824,-2.5000000000034106,0.4781704781704782,-1.9748681794678136,-13.626977650727738,-0.3083752598753805,0.265821205821161,0.0,-7.3697089397089846,48.17590436590419,-59.453264033264254,0.8103155503615351,-4.827900207900135,-1.0000000000047748,0.49480249480249483,-1.0136996129410378,-13.794753638253404,4.697991164241429,-0.047910602910645306,0.07,-4.77998960498949,68.31008316008297,-81.09760914760912,0.8423193220869059,FAILS
etf,QQQ,2025,403,86,0.4466501240694789,-1.2213216957605935,-1.999999999998181,0.456359102244389,-0.8318656163782291,-4.01702431421452,1.8627936408978296,-0.060829145728775486,0.05,-1.160492550031818,18.47386533665859,-19.628403990024783,0.9411802073182857,-3.07236907730679,-0.9999999999990905,0.48877805486284287,-1.105466252333041,-8.54477244389047,2.2278372817953187,-0.05738693467347945,0.0,-3.0149821426333103,31.698403990025028,-35.26541147132156,0.8988525205725364,-6.83179551122174,-6.4899999999965985,0.4389027431421446,-1.6774529899005006,-15.148609725685487,0.751858478803217,0.18868985987868866,0.0,-7.0204853711004285,39.93847880299265,-46.39281795511225,0.8608763287807921,-9.241246882793137,-3.00000000000864,0.4688279301745636,-1.5793494261110188,-21.213953241895364,1.3925049875307574,-0.2739020410616379,0.0,-8.9673448417315,55.88768079800515,-66.78443890274298,0.8368368697293903,-10.849526184538593,-7.000000000005002,0.4538653366583541,-1.8330359012338588,-22.447830423939962,0.6832780548627593,-0.2753559674949545,0.0,-10.574170217043639,66.97955112219448,-81.17920199501219,0.8250826501880351,-17.845586034912397,-10.000000000002274,0.44389027431421446,-2.241845953953972,-33.43552805486252,-3.4704183291769133,-0.2876884422111598,0.0,-17.557897592701238,90.7823441396508,-109.63578553615925,0.8280356974293731,FAILS
etf,QQQ,2026,206,45,0.5631067961165048,-2.3755121951219778,-1.0099999999965803,0.47317073170731705,-0.8380620045527275,-8.24022195121968,2.7916902439018494,0.01368292682915755,0.0,-2.3891951219511354,20.353853658536543,-24.48956097560978,0.8311236644384042,-9.80141463414589,-4.499999999995907,0.424390243902439,-2.43600406559968,-17.35424999999955,-2.0385829268291147,-0.2598292682927472,0.0,-9.541585365853143,34.65878048780474,-43.52463414634108,0.7963026264913097,-12.858146341462799,-10.500000000001819,0.43414634146341463,-2.447406315799162,-23.448637804877773,-2.1707414634141524,-0.3457317073169216,0.0,-12.512414634145877,41.2455609756096,-58.15141463414614,0.7092787206485337,-14.523658536585039,-11.009999999998854,0.4,-2.431918955750041,-26.313198780487877,-3.082182926828555,0.09880487804888582,0.0,-14.622463414633925,56.430292682926876,-78.50975609756057,0.7187679020783541,-22.121999999999662,-7.999999999992724,0.45365853658536587,-3.3738216139209487,-35.1542073170726,-8.782748780487077,0.10753658536602316,0.0,-22.229536585365686,63.03663414634157,-93.61273170731697,0.6733767191350372,-30.188731707317057,-9.28000000000111,0.45365853658536587,-3.3993102498546266,-48.18109390243935,-13.356382926829292,1.0167073170734502,0.0,-31.205439024390508,81.51560975609776,-127.6479024390243,0.6385973306144742,FAILS
etf,IWM,2016,397,88,0.654911838790932,0.1380964467005257,0.0,0.47715736040609136,0.5942744744113799,-0.3148648477157314,0.5971313451776811,0.11508905852417148,0.55,0.023007388176354227,3.170989847715719,-2.7167258883248775,1.1672100823064409,0.15758883248735445,0.9599999999991837,0.5152284263959391,0.36308838492384027,-0.7133800761420521,0.992465101522875,0.12044529262080998,0.53,0.037143539866544464,5.7483248730964425,-5.400913705583728,1.064324517378151,-0.44289340101520797,0.49999999999954525,0.5025380710659898,-0.8013924077310232,-1.4999435279187416,0.6195621827411345,0.35899491094144775,0.27,-0.8018883119566558,7.516827411167547,-7.422055837563456,1.0127689114280771,-0.42230964466997095,0.6249999999994316,0.5050761421319797,-0.5749641168795278,-1.8726827411166564,0.9810304568528135,0.09026717557257771,0.27,-0.5125768202425487,10.402817258883289,-10.739314720812185,0.9686667659271794,-0.6847969543146623,1.0000000000005116,0.5329949238578681,-0.7155701424309442,-2.5897633248730325,1.0708096446701025,0.10573791348599143,0.28,-0.7905348678006536,12.857360406091374,-13.47304568527919,0.9543024425530954,0.6853553299492491,3.0000000000001137,0.5558375634517766,0.5570705323434814,-1.7348007614212715,3.1894492385786775,0.20371501272259807,0.6,0.481640317226651,17.749873096446706,-17.93459390862941,0.9897003069529317,MARGINAL
etf,IWM,2017,347,69,0.5850144092219021,0.09345930232542865,0.0,0.48255813953488375,0.3639396779650377,-0.4113037790698318,0.5962376453486605,0.015278592375390348,0.58,0.0781807099500383,3.198372093023238,-3.1778488372094373,1.0064582227994905,0.6290116279069381,0.9999999999990905,0.5319767441860465,1.4148117769719222,-0.22147529069766425,1.5126220930232128,-0.0046920821114093455,0.73,0.6337037100183475,5.710639534883653,-5.658081395348942,1.0092890391392946,0.7895348837208169,0.9999999999990905,0.5348837209302325,1.3404177529503807,-0.3359389534884925,1.8672020348835958,-0.005586510263910868,0.77,0.7951213939847278,7.571482558139442,-7.192383720930261,1.0527083720666879,1.9860755813952489,2.000000000001023,0.563953488372093,2.251405015966077,0.41553633720924427,3.7629934593021614,0.261788856304941,0.86,1.724286725090308,11.402238372092993,-10.06377906976752,1.1329976833798272,2.531308139534831,2.000000000001023,0.5552325581395349,2.3905468777193564,0.5189876453487837,4.5472434593022175,0.22231671554250498,0.88,2.308991423992326,14.04470930232552,-11.894738372093132,1.180749745221513,4.490872093023107,3.0000000000001137,0.5697674418604651,3.2564158023716345,1.798938226744057,7.186335755813718,0.2740322580645094,0.93,4.216839834958598,20.176860465116214,-15.592529069767526,1.2940081993649948,MARGINAL
etf,IWM,2018,477,103,0.4591194968553459,-0.25514767932488,0.0,0.47468354430379744,-0.7131438354364281,-0.9194198312236757,0.46049472573840755,0.028569915254228286,0.24,-0.2837175945791083,4.714261603375496,-4.885105485232035,0.9650275961546766,0.30928270042194267,0.0,0.4957805907172996,0.5064617041376235,-0.8688438818565413,1.5075137130801943,-0.06215042372890317,0.69,0.37143312415084584,8.788354430379753,-8.846413502109694,0.9934369932271315,0.2943670886075992,0.0,0.4767932489451477,0.4056494961753629,-1.13238924050632,1.6537325949367256,-0.00983050847449465,0.65,0.3041975970820938,11.483565400843888,-11.257594936708866,1.0200727122805047,0.8482911392404848,0.0,0.4978902953586498,0.803398072867517,-1.2387336497890937,2.8648507383966626,0.02654661016941686,0.71,0.821744529071068,16.41151898734181,-15.661075949367081,1.0479177190890934,1.066983122362864,0.20499999999969987,0.5,0.8202899859670307,-1.5596967299577915,3.6150516877636845,0.2394597457626902,0.75,0.8275233766001739,19.983713080168762,-18.93120253164554,1.0555966028446337,2.4139451476792733,2.250000000000796,0.5210970464135021,1.2964683299364508,-1.0468734177216419,5.84998312236284,0.15763771186440412,0.84,2.256307435814869,28.29833333333326,-25.373080168776347,1.115289635515229,MARGINAL
etf,IWM,2019,311,77,0.5305466237942122,-0.19482200647244716,0.0,0.4886731391585761,-0.5315212327531522,-0.908159385113171,0.5046011326861461,-0.09517857142857511,0.37,-0.09964343504387205,4.056116504854461,-4.31569579288023,0.9398522740055018,-1.3406148867313588,-0.49999999999954525,0.4627831715210356,-2.0899826283302967,-2.6150760517799223,-0.021838996763718845,-0.025551948052041914,0.06,-1.315062938679317,7.045760517799363,-8.240194174757233,0.8550478748890574,-1.7150809061487746,0.0,0.4563106796116505,-2.062841555726903,-3.3140202265371492,-0.06373624595467542,-0.14613636363633103,0.08,-1.5689445425124435,8.7748867313916,-10.872233009708665,0.8070914892603772,-3.230388349514525,-2.000000000001023,0.44336569579288027,-2.8903203931612884,-5.370350323624553,-0.966809061488761,-0.19896103896102957,0.02,-3.0314273105534952,12.169320388349545,-15.68889967637537,0.7756643639371555,-2.7491585760516886,-2.000000000001023,0.44336569579288027,-2.058564794725901,-5.32891343042067,-0.17018284789637728,-0.2135551948051902,0.08,-2.5356033812464984,15.357702265372147,-19.07391585760508,0.8051677683819068,-3.486116504854275,-4.009999999999536,0.42718446601941745,-1.9161642275476904,-7.243719255663398,0.10168527508093612,-0.28553571428566316,0.12,-3.200580790568612,22.167961165048514,-27.545598705501494,0.8047732562306246,FAILS
etf,IWM,2020,351,82,0.43874643874643876,-1.1867335243553212,-0.49999999999954525,0.4785100286532951,-1.6035969044204532,-2.661141117478546,0.24630659025794682,0.0036599423631396965,0.0,-1.1903934667184608,8.780802292263687,-9.187736389684778,0.9557089929269235,-2.4065616045844167,-1.0000000000019327,0.4670487106017192,-1.790929175209347,-5.019535816618811,0.1650802292264566,0.11210374639772402,0.0,-2.5186653509821406,15.145186246418364,-17.567650429799386,0.8621065353582013,-2.0790830945558536,-0.9000000000014552,0.4871060171919771,-1.2946496613261556,-5.296666189111687,0.9457378223495863,0.17308357348702352,0.05,-2.252166668042877,19.415214899713543,-22.1626361031518,0.876033645517126,-3.308166189111729,-3.0000000000001137,0.4670487106017192,-1.620333350407576,-7.166205587392452,0.8130995702006505,0.3150864553314617,0.01,-3.6232526444431907,27.004498567335325,-30.610171919770725,0.8822066938439329,-5.244011461318042,-3.999999999999204,0.4670487106017192,-2.1200366175285708,-10.040566618911123,-0.40312535816616407,0.5608069164264877,0.01,-5.80481837774453,31.681919770773675,-37.55398280802281,0.843636743743871,-10.656676217765026,-11.999999999997613,0.40974212034383956,-3.1400223971418355,-17.46189828080229,-3.9129892550142924,0.4894243807365619,0.0,-11.146100598501588,42.49260744985678,-52.00527220630365,0.8170826850264264,FAILS
etf,IWM,2021,386,70,0.5673575129533679,-0.05643229166663044,0.49999999999954525,0.5078125,-0.08222823910649353,-1.3847884114583293,1.3155944010417506,-0.0767708333333228,0.51,0.020338541666692356,9.42299479166669,-9.08705729166667,1.0369687885987133,-0.15705729166667717,-1.2500000000017053,0.4739583333333333,-0.12631252482768748,-2.5756022135417127,2.283164713541638,-0.07975260416666816,0.45,-0.07730468750000902,16.689765625000064,-16.09421874999999,1.037003776589036,0.5620833333332816,-0.9999999999990905,0.4713541666666667,0.3415505837714968,-2.535557942708434,3.7069759114582745,-0.18756510416672958,0.73,0.7496484375000112,22.272526041666705,-21.25953125000002,1.0476489711722445,0.14906249999995205,-1.0250000000013415,0.4791666666666667,0.06580026830529417,-4.400442057291676,4.604531249999876,-0.07561197916671017,0.57,0.22467447916666222,31.42924479166669,-30.332552083333336,1.0361556358766115,0.10419270833329097,1.0000000000005116,0.5104166666666666,0.03832058565272093,-5.370837239583457,5.228161458333239,-0.07154947916671779,0.55,0.17574218750000875,37.33354166666671,-37.936640625000045,0.9841024679993438,0.01945312499996395,-5.499999999999261,0.4609375,0.005435127059162481,-7.220649739583287,7.13851692708328,-0.3234114583332839,0.53,0.3428645833332478,50.17789062500003,-51.00515625,0.9837807452065208,FAILS
etf,IWM,2022,346,80,0.4421965317919075,-0.005217391304298595,0.9999999999990905,0.5101449275362319,-0.006678758989783497,-1.469765217391335,1.5522760869566106,0.09210755813956653,0.42,-0.09732494944386513,9.759826086956531,-9.799333333333362,0.9959683740686274,0.3138840579709966,1.0099999999994225,0.5217391304347826,0.2269349806966773,-2.488414492753562,3.0780615942029086,0.06485465116279343,0.65,0.24902940680820318,17.294782608695613,-17.599971014492727,0.9826597211128469,1.9030724637682035,3.999999999999204,0.5507246376811594,1.101779633356483,-1.4617956521737954,5.2656644927536895,0.09325581395350857,0.96,1.809816649814695,22.32426086956515,-22.411188405797052,0.9961212437886866,-0.08736231884058823,5.500000000000682,0.5710144927536231,-0.035585366918498076,-4.876436231884162,4.668214492753574,-0.1198546511627995,0.5,0.03249233232221127,30.410782608695644,-31.507681159420283,0.9651863129763618,2.685130434782625,3.0000000000001137,0.5391304347826087,0.9454468528152672,-2.915384782608683,8.270836231884047,0.29824127906977416,0.91,2.3868891557128507,37.494405797101486,-37.272898550724655,1.0059428500328564,0.7478550724637479,8.00000000000125,0.5565217391304348,0.17330469317566016,-7.945439855072452,9.312625362318837,-0.09959302325582971,0.63,0.8474480957195777,52.90710144927537,-53.96139130434779,0.9804621447003448,MARGINAL
etf,IWM,2023,295,61,0.4847457627118644,0.4145762711864066,0.9999999999990905,0.5288135593220339,0.7782470335386881,-0.6353813559321467,1.4265872881356032,-0.021779661017019426,0.83,0.43635593220342606,6.062067796610097,-5.957118644067718,1.0176174353429892,1.1568813559322915,2.000000000001023,0.5559322033898305,1.2681573016792627,-0.6416228813558059,2.93129745762728,0.02035474576267043,0.9,1.136526610169621,10.824101694915289,-10.6576949152542,1.0156137683602589,1.5411186440677684,0.9999999999990905,0.5084745762711864,1.282787652173919,-0.7974237288135242,3.842027966101759,-0.05472881355930348,0.91,1.5958474576270718,14.285898305084721,-13.611220338983037,1.0495677793246343,3.0998305084745548,3.499999999999659,0.5525423728813559,1.8056788406666302,-0.3574432203391081,6.341194915254105,-0.28886440677970016,1.0,3.3886949152542547,21.0887457627118,-18.758576271186417,1.1242188883547934,3.737389830508403,2.4999999999977263,0.5288135593220339,1.9331316953049777,0.031663559322021896,7.580010169491383,-0.41710169491534965,0.97,4.154491525423753,24.979728813559305,-22.32667796610169,1.1188287326706512,10.70362711864413,9.000000000000341,0.5864406779661017,3.73092427151094,5.118222881355953,16.099568644067954,0.1365932203389461,1.0,10.567033898305183,37.01542372881361,-29.511627118644107,1.2542657705724718,MARGINAL
etf,IWM,2024,317,80,0.5205047318611987,0.02092063492073391,0.0,0.49206349206349204,0.030945308138249753,-1.290603968253882,1.369650000000053,0.006942675159264746,0.51,0.013977959761469164,7.327460317460464,-8.165587301587335,0.8973586402090215,-0.38171428571419913,0.0,0.49523809523809526,-0.35531794967684094,-2.4061198412696294,1.6978373015873773,-0.04950636942670919,0.34,-0.3322079162874899,12.760698412698458,-14.186031746031684,0.8995255784809632,0.07130158730168955,0.0,0.4984126984126984,0.04552187635782758,-2.9831928571427393,3.2863420634921043,0.0801910828025125,0.49,-0.00888949550082295,16.94282539682546,-18.25082539682538,0.928332008467549,-1.1310793650793332,0.49999999999954525,0.5079365079365079,-0.5554474789159213,-5.12464206349203,2.6642753968253596,0.20888535031844274,0.23,-1.3399647153977758,24.746317460317538,-26.455904761904787,0.935379745392455,0.9713015873015748,2.000000000001023,0.5174603174603175,0.3699477980706857,-4.18847539682553,6.189281746031694,0.14850318471339496,0.74,0.8227984025881798,31.003777777777913,-31.146698412698427,0.9954113712783681,-1.2006031746031047,0.0,0.49523809523809526,-0.33031924500465837,-8.047327777777681,5.775870634920652,-0.03338653059563711,0.35,-1.1672166440074676,42.10257142857155,-42.89155555555554,0.9816051407610513,MARGINAL
etf,IWM,2025,262,68,0.5076335877862596,0.45484732824428464,0.005000000000165983,0.5,0.42536915539510645,-1.6417729007632982,2.5202108778625645,0.013474903475018844,0.79,0.4413724247692658,10.815954198473309,-9.975877862595505,1.0842107679593458,-1.8232442748090671,0.17500000000012506,0.5,-0.9103628723656603,-5.7448072519082585,1.9124904580152469,-0.03368725868728237,0.01,-1.7895570161217849,16.788511450381748,-18.663091603053477,0.8995568262460316,-1.3147709923663515,-0.24999999999977263,0.4847328244274809,-0.5233075062924386,-6.561433206106757,3.2752767175574213,-0.020405405405402432,0.16,-1.2943655869609492,21.583396946564957,-24.08267175572521,0.8962210325120551,-4.963358778625918,0.49999999999954525,0.5,-1.3867313758207331,-12.404784351145045,1.549635496183277,-0.047548262548277244,0.0,-4.915810516077641,28.925839694656514,-35.9302290076336,0.8050558121550252,-6.975305343511424,-3.504999999999825,0.4732824427480916,-1.5640083565658358,-16.045182251908418,1.273705152671716,-0.637432432432425,0.0,-6.337872911079,34.93763358778628,-44.13312977099236,0.7916418746886594,-3.6539694656488195,5.7950000000005275,0.5343511450381679,-0.6982251667150282,-13.776042938931274,6.555617366412235,0.26090733590732523,0.08,-3.9148768015561446,46.950343511450306,-60.11709923664118,0.7809815195280451,FAILS
etf,IWM,2026,230,49,0.48695652173913045,0.33066666666665395,0.9999999999990905,0.52,0.3403809806273934,-1.6006300000002343,2.1410766666664625,0.01683035714290515,0.73,0.3138363095237488,10.645866666666912,-10.219022222221964,1.0417695974392487,0.5838222222224532,0.9999999999990905,0.5111111111111111,0.3428433188847516,-2.5744388888887273,3.9914422222226107,-0.05252232142847202,0.72,0.6363445436509252,18.18146666666698,-18.399288888888638,0.9881613782175462,0.7096888888890666,2.9999999999972715,0.5466666666666666,0.360015954349356,-3.1995866666666495,4.462680000000074,-0.04602678571435449,0.73,0.755715674603421,23.358577777778002,-22.83524444444414,1.022917789849243,-3.5383555555551993,-3.000000000002956,0.43555555555555553,-1.2274148525806243,-9.168992222221927,2.034620000000349,-0.28031250000002395,0.02,-3.2580430555551754,31.00920000000019,-33.425866666666465,0.9277007028489028,-5.712577777777521,-4.000000000002046,0.4222222222222222,-1.6630491166840133,-12.630211111110858,0.6406433333336388,-0.29334821428572055,0.0,-5.4192295634918,35.975466666666904,-41.27359999999965,0.8716338450405879,-12.75311111111071,-10.499999999996135,0.37777777777777777,-3.1918559186641446,-20.43085222222149,-5.1504377777772845,0.07377232142859011,0.0,-12.8268834325393,44.45973333333362,-59.042533333333076,0.7530119529649892,MARGINAL
etf,DIA,2016,375,82,0.52,0.5436314363144479,0.0,0.4823848238482385,1.4704301948814427,-0.165196476964715,1.3347560975610788,0.08125720590893493,0.73,0.46237423040551295,3.6249593495935826,-3.0181842818428346,1.2010397679827107,-0.8475609756097863,-0.49999999999954525,0.43360433604336046,-1.7010247948563268,-1.7646605691057773,0.12777371273706756,0.2857048537292286,0.18,-1.133265829339015,6.064336043360479,-6.4610027100271195,0.938606020695358,-0.1827642276422356,0.0,0.47696476964769646,-0.2620495411687085,-1.5590785907858682,1.2425210027101448,0.17560903067306566,0.39,-0.35837325831530126,8.318672086720943,-8.549620596205989,0.9729872797410996,-0.8810027100271006,0.0,0.4959349593495935,-0.929145739426771,-2.6160467479675362,1.0033739837398001,0.3914857390376665,0.21,-1.2724884490647672,12.04392953929541,-12.046558265582705,0.9997817861143954,-1.2091598915988881,0.0,0.4796747967479675,-1.1279101309899848,-3.2801415989160176,0.8687405149050976,0.45132990128193956,0.24,-1.6604897928808278,14.79712737127374,-14.94674796747973,0.98998975586318,-4.377181571815666,-3.499999999999659,0.43089430894308944,-2.9741724684599182,-7.2434579945798365,-1.465602981029696,0.6950590471172465,0.08,-5.072240618932913,19.36178861788613,-22.397506775067832,0.8644617819443652,FAILS
etf,DIA,2017,275,60,0.5563636363636364,0.6121691176471198,0.46499999999980446,0.5257352941176471,2.2153625950918197,0.06734283088241506,1.201930147058961,0.04275661375668064,0.74,0.5694125038904392,2.7922058823528966,-2.0006985294117765,1.3956155019386307,0.9773161764705662,0.43999999999897454,0.5183823529411765,1.9303909413573233,0.041454044117520863,2.0426158088234034,0.042258066688087514,0.79,0.9350581097824787,5.274374999999953,-4.175110294117638,1.2632899800110866,1.1208823529411243,0.3600000000005821,0.5073529411764706,1.7400223041351508,-0.0551884191176607,2.5006810661764303,-0.10834457821582726,0.72,1.2292269311569515,7.039264705882347,-5.499007352941146,1.2800973437719434,1.4517647058822714,0.9999999999990905,0.5330882352941176,1.6747421649729513,-0.2096966911764729,3.1578124999999315,-0.15001845018450552,0.79,1.6017831560667768,10.602647058823448,-8.094669117647086,1.3098308163960342,1.884705882352948,1.1549999999999727,0.5330882352941176,1.8601721385369323,-0.028780330882332124,3.8960726102940035,0.004420107987784994,0.8,1.8802857743651629,13.283124999999915,-9.963455882352926,1.333184505140101,1.2585294117646568,1.0650000000012483,0.5183823529411765,1.0129235685989633,-1.2446406250001225,3.691884191176324,0.7996111111111761,0.58,0.4589183006534807,17.53878676470582,-14.02647058823526,1.250406269658208,MARGINAL
etf,DIA,2018,543,114,0.4125230202578269,0.0998151571164548,0.0,0.4953789279112754,0.17692111477712275,-1.0504302218115014,1.2134510166359107,-0.04609665427501984,0.59,0.14591181139147463,7.5776709796672534,-6.959593345656155,1.0888094466606835,1.4928465804067022,0.9999999999990905,0.5175600739371534,1.4692864825059424,-0.4948512014786719,3.446245841035188,-0.027240734178277604,0.97,1.5200873145849798,13.926728280961253,-12.363271719038796,1.1264597751673464,2.5546395563770607,0.9999999999990905,0.5341959334565619,2.1473844024958244,0.27235073937156057,4.813193160813214,0.15225496122744203,1.0,2.4023845951496186,18.30177449168211,-16.215194085027665,1.1286805693297925,2.7273567467653326,2.029999999999177,0.532347504621072,1.6738127064617914,-0.3637740295746973,5.7335087800370745,0.1968626324857704,0.94,2.5304941142795623,26.056229205175686,-22.684029574861277,1.148659638235154,4.487486136783728,3.999999999996362,0.5582255083179297,2.340740214458271,0.7928974121996255,8.088643715342075,-0.026012414562732282,0.98,4.51349855134646,32.16768946395571,-27.736709796672816,1.1597514521284142,4.908632162661717,2.020000000001687,0.5101663585951941,1.9102934553514883,-0.263969038817091,9.845834565619281,0.015667298980058135,0.99,4.892964863681659,44.17674676524961,-38.79844731977812,1.1386215123802086,REPLICATES
etf,DIA,2019,336,68,0.47023809523809523,0.13056886227543518,0.0,0.49101796407185627,0.21971746659037222,-1.0065022455090806,1.2923577844313414,-0.17295528156555456,0.71,0.30352414384098975,5.567694610778471,-5.012035928143649,1.110864864219085,-0.5402395209579608,-0.8450000000010505,0.45808383233532934,-0.4988167525727187,-2.6974670658681466,1.5430965568863564,-0.0642293720335958,0.31,-0.476010148924365,10.373113772454978,-10.92176646706588,0.949765205448648,-0.010598802395178497,0.8250000000032287,0.5089820359281437,-0.00783500945838315,-2.6902148203591154,2.563023203592819,0.020533553053174898,0.49,-0.031132355448353397,13.807874251496914,-14.13619760479047,0.9767742810002674,0.31494011976050984,1.0000000000019327,0.5089820359281437,0.1507830832819849,-3.9517829341318245,4.1984498502994985,-0.12972355289410867,0.57,0.4446636726546185,20.07736526946098,-19.73380239520945,1.017409866956757,0.2279640718563582,0.0,0.4940119760479042,0.09414288974336359,-4.542348053892231,4.861336826347414,-0.12699178532309338,0.54,0.35495585717945155,25.290808383233546,-24.91002994011972,1.0152861495561893,-0.8103592814370774,3.2850000000024693,0.5209580838323353,-0.2455227440404308,-7.760432634730599,5.344594311377265,0.11643792914023815,0.4,-0.9267972105773155,34.9872155688622,-34.91919161676644,1.0019480391425526,FAILS
etf,DIA,2020,395,82,0.5139240506329114,-0.26385204081631247,0.0,0.46938775510204084,-0.3051083778950303,-1.9541371173469926,1.4286485969389524,-0.0067647369812186995,0.33,-0.25708730383509376,9.98596938775512,-9.56543367346935,1.0439641033163154,-0.426811224489703,0.9999999999990905,0.5178571428571429,-0.26397164461946654,-3.5557716836734317,2.6058915816328203,0.06262273901816545,0.35,-0.48943396350786844,18.207423469387766,-18.300637755102038,0.9949065006934917,1.7808163265306889,1.0000000000005116,0.5204081632653061,0.8911725539156093,-1.981926658163155,5.708695790816132,-0.026206582554815564,0.9,1.8070229090855046,25.017270408163267,-23.229719387755157,1.0769510380461316,2.3250255102041923,2.0000000000024443,0.5306122448979592,0.846783543751077,-2.764728954081597,8.090244260204182,-0.2717174873112641,0.91,2.5967429975154563,35.981275510204256,-32.680306122449025,1.1010079090259104,-0.6224489795917924,1.999999999999602,0.5331632653061225,-0.2032186985709339,-6.126820790816098,5.562676020408102,-0.1988117607613483,0.4,-0.42363721883044403,42.61747448979601,-41.04395408163269,1.0383374468510935,-1.3848724489796116,0.9999999999990905,0.5025510204081632,-0.3179751505114893,-10.095806760203997,7.160202168367358,-0.610115089513938,0.33,-0.7747573594656736,56.95640306122466,-58.248010204081744,0.9778257293539863,FAILS
etf,DIA,2021,245,48,0.5510204081632653,-0.19844262295060472,0.0,0.48770491803278687,-0.26835940549364273,-1.6496352459010655,1.216899590164077,-0.2021687001157752,0.5,0.0037260771651704827,6.92807377049196,-6.827131147540923,1.0147855110396402,0.6672540983608494,-0.010000000000331966,0.48770491803278687,0.5586820664129083,-1.6524497950818329,3.194978483606969,-0.0975836820083266,0.65,0.7648377803691759,13.077049180328062,-12.017418032786859,1.08817460994119,-0.07782786885216551,-2.000000000001023,0.45491803278688525,-0.04952083070188231,-3.104810450819211,2.9571731557381993,0.14820971074382983,0.47,-0.22603757959599535,16.94647540983621,-15.910000000000073,1.065146160266256,-0.7565573770490887,-1.654999999999518,0.47540983606557374,-0.32310637455294855,-5.355590163934315,3.768159836065593,0.13721010161376818,0.36,-0.8937674786628569,24.907500000000088,-24.074426229508248,1.034604096585726,-2.6228278688524806,-1.7500000000012506,0.47540983606557374,-1.0019871729968526,-8.013036885245915,2.260556352459062,0.0793418914247391,0.16,-2.70216976027722,29.33270491803311,-29.77069672131144,0.9852878215320774,-4.44922131147542,-3.4250000000014325,0.4672131147540984,-1.308915206687989,-11.14814344262317,2.166350409836031,0.05314766387721176,0.12,-4.502368975352632,38.617868852459054,-40.8004098360656,0.9465068857794344,FAILS
etf,DIA,2022,501,103,0.41317365269461076,1.017914979756983,1.999999999998181,0.5384615384615384,1.196261131184226,-0.690263663967869,2.675130566801331,-0.04488738053577483,1.0,1.0628023602927579,11.178299595141631,-10.689210526315748,1.0457553967733908,0.7571862348177787,1.095000000000823,0.520242914979757,0.5130163534475889,-2.005820850202474,3.5130809716599467,0.084371076925645,0.81,0.6728151578921338,20.83831983805651,-20.198319838056747,1.0316858038258165,1.9298178137651356,2.5100000000037426,0.5222672064777328,0.9482750151955619,-2.1613820850203203,5.859612348178002,0.09444057377036827,0.93,1.8353772399947674,28.2305060728744,-27.042489878542618,1.0439314648786995,1.833744939271241,2.250000000000796,0.5182186234817814,0.6798715905713739,-3.4828461538462534,6.991696862348125,0.0668684847124838,0.86,1.7668764545587572,39.61070850202424,-37.62801619433204,1.052691917040018,2.685607287449305,3.999999999999204,0.5384615384615384,0.9120192058174142,-2.7104848178140015,8.276155870445107,0.12026351629956666,0.87,2.565343771149738,47.61230769230761,-45.460829959514264,1.047325966875426,-0.8215991902835479,1.2250000000022965,0.5060728744939271,-0.22639301914792886,-8.04284615384635,6.021674595141646,0.05162217659150799,0.37,-0.8732213668750559,63.8572874493927,-63.45477732793526,1.0063432595370598,MARGINAL
etf,DIA,2023,470,95,0.5297872340425532,-0.23941935483860782,0.0,0.4881720430107527,-0.37481225335985086,-1.5311370967742028,0.9401946236559933,0.014992762680257406,0.4,-0.2544121175188652,6.373182795699004,-6.485698924731097,0.9826516570784608,-0.25881720430100613,0.0,0.4989247311827957,-0.27031876143511707,-2.114499999999854,1.5359069892473751,-0.14059957173450563,0.45,-0.1182176325665005,12.197440860215222,-12.56931182795685,0.9704143732901505,-1.282709677419102,0.009999999997489795,0.5032258064516129,-0.951625548523676,-3.999004301075159,1.2308467741936968,0.06448184476533723,0.15,-1.3471915221844393,15.814623655914188,-17.137935483870756,0.9227846417555957,-2.5100215053761388,0.0,0.4989247311827957,-1.3522096861222246,-6.155893010752665,1.1075887096777672,-0.20207526881712798,0.1,-2.307946236559011,22.069913978494824,-24.84120430107504,0.8884397757454825,-4.062021505376159,0.49999999999954525,0.5010752688172043,-1.7762755048318368,-8.627850537634124,0.4497543010753459,-0.0957741935485287,0.03,-3.9662473118276305,26.59587096774209,-30.945999999999724,0.8594283903490703,-8.059376344086052,-2.9999999999972715,0.45806451612903226,-2.772783468433909,-13.64462150537629,-2.752207526881655,-0.15559299684836886,0.0,-7.903783347237684,35.42675268817216,-43.38255913978472,0.8166127907305368,FAILS
etf,DIA,2024,278,67,0.5107913669064749,-0.10469090909104621,1.0000000000047748,0.5309090909090909,-0.1364833836464129,-1.6574745454546127,1.386502727272584,0.16729090909082472,0.35,-0.27198181818187095,6.782327272727281,-6.734509090909114,1.0071004703049131,-0.5317818181818397,0.9999999999990905,0.5345454545454545,-0.42499814313566975,-3.0368154545455854,1.7945663636364146,0.30882740447953716,0.31,-0.8406092226613768,12.966145454545456,-13.381381818182076,0.968969096818356,0.3851272727273557,0.9999999999990905,0.5163636363636364,0.24257082140074102,-2.637389090908775,3.5232345454546485,0.2076561923583473,0.55,0.17747108036900838,17.486799999999903,-17.391527272727483,1.0054781115987335,2.267599999999902,5.500000000000682,0.5636363636363636,0.9382279579888497,-2.512551818182038,6.955457272727196,0.2763428853754647,0.89,1.9912571146244376,26.83723636363621,-25.11345454545459,1.0686397729576242,4.377709090909031,6.999999999999318,0.5927272727272728,1.5128683388013446,-1.4296072727273823,9.990639090909024,0.48393175664922133,0.95,3.8937773342598097,34.201127272727206,-31.352800000000016,1.090847620395218,10.336109090909055,12.000000000000455,0.5890909090909091,2.7601295558081502,3.077363636363318,17.888666363636148,1.0978181818180444,1.0,9.23829090909101,50.82596363636357,-41.29116363636374,1.2309162338937536,FAILS
etf,DIA,2025,345,77,0.4057971014492754,0.4771052631580512,1.0000000000019327,0.5146198830409356,0.3840815341048185,-1.8844057017543403,2.9845402046783693,0.0701166180757968,0.78,0.4069886450822544,10.768976608187186,-10.943333333333333,0.984067311134985,-2.0741520467834538,-0.9999999999990905,0.47953216374269003,-0.8282886761825454,-7.187634502923718,2.4453793859650452,0.0593440233236172,0.03,-2.133496070107071,19.81397660818727,-23.525847953216353,0.8422215704016054,-0.9153801169590355,0.09499999999889042,0.5,-0.2961904230687093,-7.105579678362647,4.689380116959113,0.21421282798828176,0.23,-1.1295929449473172,27.328333333333497,-30.61906432748519,0.8925267291333338,-0.9022514619882135,1.5099999999989677,0.5087719298245614,-0.19123150681656936,-10.077882309941492,8.6974773391813,-0.13666666666658708,0.3,-0.7655847953216264,40.50406432748542,-44.043888888888844,0.919629609221532,0.4690058479534626,-0.9949999999975034,0.48830409356725146,0.08496576222232248,-10.507537280701602,11.362023391812999,-0.19588115697415734,0.57,0.66488700492762,50.15093567251468,-52.09122807017539,0.9627520319726994,-1.3729239766080568,-7.2499999999990905,0.4649122807017544,-0.23121861666698043,-12.816759502923917,10.22510818713459,0.8213157894736991,0.25,-2.194239766081756,67.49087719298247,-69.26748538011691,0.9743514842875411,FAILS
etf,DIA,2026,149,39,0.5100671140939598,1.1572108843539326,0.0,0.4897959183673469,0.6710234156424784,-2.0745765306119575,4.546904761904687,0.14583333333311188,0.86,1.0113775510208207,13.065646258503405,-12.180612244897855,1.0726592387813896,3.1389795918369376,2.9999999999972715,0.5374149659863946,0.9782645212445725,-2.9099353741492817,9.1781513605448,-0.051627394636095066,0.95,3.190606986473033,25.06945578231266,-23.15598639455815,1.0826338967017268,-0.06673469387773626,3.999999999996362,0.5170068027210885,-0.015435524828813506,-9.04518707483021,7.740226190476181,-0.11889655172431166,0.51,0.0521618578465754,31.979523809523435,-31.410136054422058,1.018127516356976,-0.7843537414965736,0.9999999999990905,0.5102040816326531,-0.1489247411022469,-10.486032312925035,9.48190986394567,-0.0703866320264841,0.42,-0.7139671094700895,43.360272108843226,-43.01102040816346,1.0081200514976267,-2.2669387755102086,-1.999999999998181,0.47619047619047616,-0.3541390384098627,-15.060006802721416,9.14761734693862,-0.03504349315059819,0.27,-2.2318952823596105,50.27891156462559,-51.757959183673705,0.9714237647238096,-19.689387755102235,-12.000000000000455,0.4217687074829932,-2.3364691292226194,-36.13567517006862,-3.252188775509979,-0.2923809523810864,0.01,-19.397006802721148,61.98068027210869,-78.19081632653055,0.7926849108886759,MARGINAL
futures,MNQ,2025,108,24,0.3055555555555556,3.663551401869159,1.5,0.5794392523364486,1.7733462045176895,-0.5051401869158878,7.800584112149524,0.29523809523809524,0.97,3.3683133066310638,18.69158878504673,-17.705607476635514,1.0556875164951174,5.224299065420561,0.0,0.4953271028037383,1.3519048457578877,-2.0199766355140185,12.574415887850442,-0.38095238095238093,0.95,5.605251446372941,33.49065420560748,-27.121495327102803,1.2348380427291523,4.247663551401869,3.0,0.5420560747663551,0.8074502016826008,-5.608878504672897,14.458878504672892,-0.20714285714285713,0.84,4.4548064085447265,41.728971962616825,-35.257009345794394,1.1835652750165673,-1.4813084112149533,-0.5,0.4953271028037383,-0.21887991432156387,-14.175700934579439,11.875700934579429,-1.1809523809523808,0.48,-0.3003560302625725,51.41121495327103,-51.61682242990654,0.9960166576136158,3.6728971962616823,1.0,0.5046728971962616,0.4442644021285536,-11.63785046728972,20.749532710280363,-1.0738095238095238,0.68,4.746706720071206,62.71028037383178,-63.68691588785047,0.9846650524616627,19.7196261682243,9.5,0.5887850467289719,1.4536515389149693,-4.683294392523364,47.55058411214951,-2.533333333333333,0.97,22.252959501557633,96.80373831775701,-79.00467289719626,1.2252912994617615,MARGINAL
futures,MNQ,2026,235,47,0.7319148936170212,2.9914163090128754,1.0,0.5321888412017167,1.8336671564354514,-0.030042918454935622,6.281437768240342,0.06759656652360516,0.99,2.92381974248927,19.238197424892704,-18.105150214592275,1.0625814863102998,3.9356223175965663,3.5,0.5236051502145923,1.4272868630885327,-1.5582618025751072,9.310085836909865,-0.21566523605150215,0.95,4.151287553648069,32.637339055793994,-30.379828326180256,1.0743095288549835,7.15450643776824,6.0,0.5708154506437768,2.044038300589723,0.4049356223175966,13.899302575107294,0.6062231759656652,1.0,6.548283261802575,42.85407725321888,-38.047210300429185,1.1263395375070502,3.42274678111588,5.5,0.5236051502145923,0.7005030730492704,-5.895225321888412,13.200751072961367,0.4141630901287554,0.8,3.0085836909871246,58.46351931330472,-54.08583690987125,1.0809395334073957,2.087982832618026,2.0,0.5150214592274678,0.3678091269705358,-8.94672746781116,13.293562231759648,0.528969957081545,0.65,1.5590128755364807,66.79184549356223,-65.48497854077253,1.019956744003146,1.4206008583690988,10.0,0.5278969957081545,0.18961581260003368,-13.27269313304721,15.223766094420576,0.11266094420600858,0.56,1.3079399141630903,89.52789699570816,-87.15021459227468,1.0272825765783513,REPLICATES
futures,NQ,2025,254,39,0.46062992125984253,18.46,15.0,0.556,1.6734195404418009,-1.88,39.80249999999998,0.19467213114754098,0.89,18.26532786885246,139.7,-126.32,1.105921469284357,32.7,20.0,0.528,1.6869232880294276,-1.7209999999999999,71.3605,-0.19467213114754098,0.93,32.894672131147544,237.92,-203.1,1.1714426390940422,53.52,35.0,0.564,1.951745458427786,2.380500000000001,109.3384999999999,1.639344262295082,0.97,51.88065573770492,317.0,-257.24,1.2323122375991291,18.84,20.0,0.52,0.5368347721711659,-49.845000000000006,85.60199999999999,-3.0122950819672134,0.78,21.852295081967213,419.28,-368.22,1.1386671011895062,33.7,30.0,0.536,0.807117153455416,-48.0065,116.14299999999999,-6.475409836065574,0.78,40.175409836065576,496.7,-447.66,1.1095474243845775,54.16,55.0,0.54,0.8268079871824914,-73.904,186.26349999999996,0.9426229508196722,0.86,53.21737704918032,686.48,-603.18,1.1381013959348787,MARGINAL
futures,NQ,2026,216,42,0.7175925925925926,9.669811320754716,0.0,0.49528301886792453,0.5631926855459299,-23.91568396226415,43.1379716981132,2.4642857142857144,0.67,7.205525606469002,182.54716981132074,-182.87735849056602,0.9981944802682486,39.31603773584906,27.5,0.5188679245283019,1.401831946008707,-14.01061320754717,94.88679245283016,11.357142857142858,0.92,27.9588948787062,305.6132075471698,-295.0943396226415,1.035645780051151,78.11320754716981,60.0,0.6037735849056604,2.448941020411506,18.153891509433965,136.96049528301887,8.773809523809526,0.99,69.33939802336027,410.0707547169811,-365.3066037735849,1.122538575763445,105.91981132075472,95.0,0.5754716981132075,2.223131847191019,5.37441037735849,200.11792452830176,6.7976190476190474,0.97,99.12219227313567,587.0990566037735,-501.67452830188677,1.1702787833200132,97.00471698113208,75.0,0.5471698113207547,1.6873415047544813,-17.57193396226415,212.64327830188677,12.476190476190476,0.94,84.5285265049416,693.8207547169811,-610.188679245283,1.1370593692022264,89.95283018867924,172.5,0.5613207547169812,1.3380981715430618,-40.66332547169811,212.75943396226415,-0.1428571428571428,0.83,90.09568733153638,897.3584905660377,-805.872641509434,1.1135239544616466,MARGINAL
futures,MES,2025,128,30,0.5546875,-0.05905511811023622,1.25,0.5118110236220472,-0.05983001086059226,-1.9488188976377954,1.8799212598425197,-0.1016260162601626,0.52,0.04257089814992638,8.257874015748031,-8.622047244094489,0.9577625570776255,-0.17716535433070865,0.0,0.4881889763779528,-0.10826274773767432,-3.5531496062992125,3.101131889763775,0.06605691056910569,0.43,-0.24322226489981436,13.59251968503937,-15.403543307086615,0.8824281150159744,2.9133858267716537,1.25,0.5118110236220472,1.2981772383943593,-1.3196358267716537,7.136318897637793,0.41158536585365857,0.89,2.501800460917995,19.133858267716537,-18.031496062992126,1.0611353711790394,1.3681102362204725,1.25,0.5118110236220472,0.506375481031007,-3.730807086614173,6.497047244094483,0.5182926829268293,0.68,0.8498175532936432,25.826771653543307,-24.478346456692915,1.0550864495375956,0.1968503937007874,0.0,0.48031496062992124,0.06258656849330307,-5.827263779527559,6.407972440944879,0.3404471544715447,0.48,-0.1435967607707573,30.787401574803148,-28.89763779527559,1.0653950953678475,6.299212598425197,0.0,0.48031496062992124,1.1937891008859174,-3.367372047244094,17.342765748031496,0.5182926829268293,0.92,5.780919915498368,45.96456692913386,-38.46456692913386,1.1949846468781986,FAILS
futures,MES,2026,321,60,0.632398753894081,0.109717868338558,0.0,0.445141065830721,0.1772942898349769,-1.140380094043887,1.2697884012539176,0.021756329113924052,0.56,0.08796153922463394,8.96551724137931,-8.283699059561128,1.0823084200567643,0.7327586206896551,0.0,0.47648902821316613,0.6846131364604001,-1.3127938871473355,2.8292515673981184,0.14042721518987342,0.72,0.5923314054997817,14.623824451410659,-14.134012539184953,1.034654837815359,0.12147335423197492,0.0,0.49843260188087773,0.0979503303313031,-2.304271159874608,2.5314459247648897,0.19580696202531644,0.48,-0.07433360779334153,17.981974921630094,-17.970219435736677,1.0006541648495422,-1.2304075235109717,0.0,0.4890282131661442,-0.6665621628691206,-4.839341692789969,2.4179075235109706,0.5003955696202531,0.22,-1.7308030931312248,24.71394984326019,-25.65830721003135,0.9631948686621868,-1.4106583072100314,0.0,0.47648902821316613,-0.6489484804295089,-5.5801332288401255,2.848844043887147,0.4232594936708861,0.15,-1.8339178008809176,28.926332288401255,-31.238244514106583,0.9259909683893628,-6.661442006269592,-5.0,0.4231974921630094,-1.9402132057302581,-13.77096394984326,0.11148119122256091,0.557753164556962,0.04,-7.219195170826554,37.77037617554859,-45.28213166144201,0.8341121495327103,MARGINAL
futures,ES,2025,157,39,0.4394904458598726,6.009615384615385,6.25,0.5,0.7395402906847932,-10.336538461538462,20.915464743589734,-1.0212418300653594,0.84,7.030857214680744,78.52564102564102,-81.08974358974359,0.9683794466403162,9.294871794871796,0.0,0.4935897435897436,0.6097689747458066,-21.07371794871795,38.94431089743589,0.04084967320261437,0.75,9.25402212166918,134.85576923076923,-136.37820512820514,0.9888366627497062,2.1634615384615383,6.25,0.5,0.09396000599646716,-40.46875,48.80008012820512,2.5326797385620914,0.48,-0.36921820010055306,182.85256410256412,-178.125,1.0265407107512372,22.03525641025641,6.25,0.5,0.7945250926762396,-28.373397435897438,75.4066506410256,1.0620915032679739,0.85,20.973164906988433,255.28846153846155,-238.38141025641025,1.0709243697478992,27.564102564102566,31.25,0.5448717948717948,0.894805837410644,-26.85096153846154,88.08894230769215,2.0833333333333335,0.85,25.480769230769234,304.0064102564103,-277.2435897435897,1.0965317919075146,9.695512820512821,43.75,0.532051282051282,0.2041412168971263,-81.0917467948718,99.35897435897436,5.5964052287581705,0.54,4.099107591754651,426.28205128205127,-373.6378205128205,1.1408964186146258,MARGINAL
futures,ES,2026,207,49,0.5265700483091788,2.487864077669903,0.0,0.48058252427184467,0.27769558333916866,-16.33040048543689,19.723907766990276,-0.2450980392156863,0.66,2.7329621168855893,80.15776699029126,-76.39563106796116,1.0492454328832408,-3.9441747572815533,-12.5,0.45145631067961167,-0.2677218594497958,-33.86074029126214,24.880157766990283,-0.5514705882352942,0.38,-3.392704169046259,134.10194174757282,-132.88834951456312,1.009132420091324,7.220873786407767,6.25,0.5,0.3835166989025863,-28.957827669902912,42.48027912621357,-0.7352941176470589,0.69,7.956167904054825,176.2742718446602,-164.44174757281553,1.0719557195571956,9.405339805825243,-12.5,0.47572815533980584,0.3613657657404245,-39.2627427184466,60.56128640776697,0.5821078431372549,0.63,8.823231962687988,244.6601941747573,-233.43446601941747,1.048089420327528,16.20145631067961,0.0,0.49514563106796117,0.5553528559868106,-39.99696601941748,76.76425970873784,2.0220588235294117,0.72,14.179397487150199,290.4126213592233,-283.19174757281553,1.0254981787015214,60.61893203883495,0.0,0.47572815533980584,1.3148257510456842,-29.31735436893204,158.6832524271844,3.400735294117647,0.97,57.218196744717304,423.7257281553398,-378.27669902912623,1.1201475777991659,MARGINAL
