symbol,strategy,kind,base_per_trade,gated_per_trade,base_per_trade_norm,gated_per_trade_norm,base_capture,gated_capture,ctrl_norm_p50,ctrl_norm_p95,ctrl_norm_pctile,was_phase3_winner
ES,trend.ret_15.q80,trend,-18.14187486468933,-12.871388771633601,-0.008889071539286454,-0.005786152790107225,-0.0012785323637796242,0.0019241079406683743,-0.008725843219754165,-0.007199259201856774,0.975,True
ES,trend.ret_15.q90,trend,-16.549138755980874,-7.720298507462688,-0.008284260455609347,-0.00478711379305809,-0.00013379989853507695,0.0034163340680288317,-0.008651489117312455,-0.006617290798047745,1.0,True
ES,trend.ret_30.q80,trend,-18.54190476190477,-12.902193985599324,-0.008946064776698431,-0.005697178574940145,-0.0015535654885461712,0.0019002799785548341,-0.008830509995763566,-0.0075087492143959544,1.0,True
ES,trend.ret_30.q90,trend,-16.668755980861253,-7.732480573819488,-0.008323381090783292,-0.004797733620336562,-0.00019326652010622224,0.0034073985822362543,-0.008670379415692434,-0.006675051919084466,1.0,True
ES,trend.ret_60.q80,trend,-20.88643509240705,-16.252885032537954,-0.009623680460069048,-0.006522198535509921,-0.0030755393343826713,1.489247632096265e-05,-0.009725131243249441,-0.008350677692575212,1.0,True
ES,trend.ret_60.q90,trend,-17.695882174309137,-9.02587660354307,-0.008624170709755723,-0.004996773999332526,-0.0006931578076886625,0.0028295705009829036,-0.0090640524472195,-0.0068705810054212986,1.0,True
ES,trend.ma_agree.30_120,trend,-25.735523190678904,-27.86296943231442,-0.011483519305777424,-0.009772701800586925,-0.00627372857575583,-0.006320366950616548,-0.011510552042358423,-0.009785590330407892,0.95,False
ES,trend.multi_horizon_agree,trend,-20.318292253521125,-16.3279094076655,-0.009765167067430037,-0.006795421251318524,-0.0034100390807203637,-3.2763447906117826e-05,-0.009603493898697371,-0.008261619675604364,1.0,False
ES,trend.accel_confirm,trend,-24.62604715672676,-28.635549583445304,-0.00909603699375741,-0.008148565824508932,-0.008946009882609173,-0.010954905581700125,-0.009119506121177949,-0.007720236793973919,0.85,False
ES,breakout.opening_range.q90,breakout,-52.12834834834834,-70.86815028901738,-0.019548314041730838,-0.023858878023611117,-0.0035494139750277356,-0.004500506344194913,-0.018284006945912503,-0.015881038971203434,0.1,False
ES,breakout.opening_range.q95,breakout,-46.37615384615384,-6.981219512195135,-0.023799327418888395,-0.0126960099284114,-0.0011633157844855302,0.00018168821111574432,-0.016885159296959728,-0.005745981438330607,0.725,False
ES,breakout.range_expansion.q80,breakout,-16.233383058071407,-4.930151668351868,-0.007884731189489565,-0.0024083314823257892,1.3008323468688036e-05,0.002674688747244892,-0.006920681600826564,-0.0034127548492778495,1.0,False
ES,breakout.range_expansion.q90,breakout,-14.700177383592024,4.792247706422012,-0.00927811511181065,-0.0030914059285531447,0.00021184983934720517,0.0021891940191815095,-0.009930609363494151,-0.004916378456074359,0.975,True
ES,breakout.failed_reversal,breakout,-15.63064935064935,-20.56082191780822,-0.00530476229149504,-0.0034551551499921234,2.229998308917949e-05,-7.446238160481325e-05,-0.005028551263955636,-0.00161449339480096,0.85,False
ES,breakout.compression_expansion,breakout,-12.26602840128264,-3.2391346153846152,-0.007413177976138708,-0.0029924368163468055,0.0013026906787929019,0.001939000416989337,-0.0070399594886257025,-0.004714131703172564,0.95,True
ES,revert.z_60.q90,reversion,-15.824504181600961,-24.551181384248217,-0.0029557772507255308,-0.003991716590293545,0.00022671649473999148,-0.003303151247989516,-0.002141574520172132,-0.0009636053726737755,0.05,False
ES,revert.z_60.q95,reversion,-12.617396504139839,-21.79605504587157,-0.002505241758294598,-0.0037510112417593463,0.0011837574356506112,-0.001432656222076607,-0.0019474262467182144,-0.0004869652472651402,0.05,False
ES,revert.vwap.q90,reversion,-1.3043506493506507,1.2200000000000042,0.006012790107058938,0.006791717442664945,0.0034286223999613467,0.0043366891046643236,0.0061679564935644944,0.008694214598224411,0.6,False
ES,revert.vwap.q95,reversion,8.079309623430959,11.362276422764223,0.007488914934406363,0.00822807575516378,0.003462072374595116,0.004860904271162209,0.0072433255695615074,0.010128110654523896,0.725,False
ES,revert.z_calm_only,reversion,-19.06010033444819,-31.0230668841762,-0.004381565603261785,-0.006152727750903017,-0.0004943162918101453,-0.002153452076011199,-0.004230356915691077,-0.0025373357164080648,0.05,False
ES,session.late_day_continuation,session,-21.98891653706583,-17.87774436090226,-0.010368797310834624,-0.007534692197527229,-0.0016371904251305943,-0.0003544409364389111,-0.009788919804674407,-0.00620895077591796,0.875,False
ES,session.late_day_fade,session,-10.571083462934167,-14.682255639097736,-0.001238906769357132,-0.0016086867844535288,0.0016371904251305943,0.0003544409364389111,-0.0014909482943275024,0.0006399354792768913,0.45,False
ES,session.opening_drive,session,-13.721709844559593,-13.716868686868692,-0.009364786497572775,-0.006760141165706359,0.0007340411100188249,0.0006046345386310836,-0.008345375813808831,-0.0028427937412407,0.675,False
ES,session.midday_reversion,session,-4.389965635738832,-7.761854838709677,-0.00045871251594474153,-0.0008846231286994015,0.0025719313829520346,0.0015100970989456127,0.0007495893328064067,0.002684536844051307,0.1,False
ES,vol.expansion_trend,volatility,-22.702848281209626,-25.50191984166255,-0.010461558944479397,-0.00921095622570902,-0.0036943638651074024,-0.004440936438911062,-0.009802583978743371,-0.007577009403504489,0.625,False
ES,vol.contraction_revert,volatility,-10.073624941833412,-10.401057513914655,-0.0024610649017386727,-0.001844408901641098,0.0019828401630128762,0.0015100970989456127,-0.0011578369829128672,0.00015670273780389607,0.275,False
ES,vol.vol_of_vol_shock,volatility,-30.41888888888887,-32.20368045649072,-0.010059555737893012,-0.010071635160321467,-0.00189178189873206,-0.0026597962709239294,-0.011179268466237742,-0.007374332786880078,0.7,False
ES,volume.heavy_continuation.q80,volume,-18.2940859343332,-14.14473232529628,-0.007281008880755822,-0.004710641794149675,-0.0014773738796581412,0.0012450110204324776,-0.0066753187990142805,-0.005787491507006112,1.0,True
ES,volume.heavy_continuation.q90,volume,-17.045800697944934,-11.488821233411398,-0.00726060034017447,-0.004417149446638376,-0.00029361644400753,0.0014624411747185323,-0.0068653988988692845,-0.0050439384110396905,1.0,True
ES,volume.climax_reversion,volume,-13.978821796759942,-24.499696969697005,-0.001716889198058169,-0.0027768778459492014,0.00023229149051228636,-0.000646333472329779,-0.00046102136323139867,0.0026620278577529064,0.15,False
NQ,trend.ret_15.q80,trend,-13.331116838487977,-1.2903305785123949,-0.004813180523898616,-0.0029665273182611003,0.0001402577723106327,0.003379664335130013,-0.004345818358050278,-0.003516616581319523,1.0,True
NQ,trend.ret_15.q90,trend,-20.513882837798057,-13.411109022556387,-0.004583802816987967,-0.002994178240727968,-0.0015351179624907767,7.314685699137193e-05,-0.004798124998747399,-0.003666156416946782,1.0,True
NQ,trend.ret_30.q80,trend,-14.016391238343097,-2.404826147426979,-0.004889427938275694,-0.0030341827456122905,-7.31487903438228e-05,0.003048406912704118,-0.004431433948349989,-0.003626533053498712,1.0,True
NQ,trend.ret_30.q90,trend,-20.649475545079547,-13.63176470588235,-0.004613787393237481,-0.0030398967093309,-0.0015646459145561731,2.9351923506091922e-05,-0.00488535946449946,-0.003731501477841806,1.0,True
NQ,trend.ret_60.q80,trend,-14.449229030070097,-1.7472727272727233,-0.004956864475069981,-0.003006453204037275,-0.00019864258662175734,0.003083349678782799,-0.004584173151652076,-0.003636153155763208,1.0,True
NQ,trend.ret_60.q90,trend,-21.985166716731747,-14.564785748675973,-0.004725501047931793,-0.003216825392375582,-0.0018330818424234128,-0.0001518845565553328,-0.0049532102519902425,-0.0038305446871408477,1.0,True
NQ,trend.ma_agree.30_120,trend,-32.707289048473996,-30.51763984121257,-0.0069244150362461,-0.0062040287463900525,-0.005659971539080748,-0.004321721308611248,-0.006771400162161318,-0.005701439193421545,0.775,False
NQ,trend.multi_horizon_agree,trend,-18.289337561663135,-6.866611944523066,-0.005332263704061116,-0.0034648611839517333,-0.0017176543934404997,0.0022759388305914133,-0.005391465270718964,-0.004254629156244271,1.0,False
NQ,trend.accel_confirm,trend,-22.6255137983636,-26.077415681121337,-0.004084892905828933,-0.004168842978991771,-0.00428054641475297,-0.0052320968408478144,-0.004171185843003911,-0.0032697685127301888,0.5,False
NQ,breakout.opening_range.q90,breakout,-99.63191082802545,-103.96382352941175,-0.01866626414791317,-0.01899226500479969,-0.0036181807627405564,-0.003428584207640166,-0.015603697282265227,-0.013024100789502778,0.1,False
NQ,breakout.opening_range.q95,breakout,-70.9684984025559,-69.82651162790698,-0.014419476036027315,-0.01643390483155606,-0.0012012507772058974,-0.0011228275499949448,-0.010820493195174155,-0.008614785969557228,0.0,False
NQ,breakout.range_expansion.q80,breakout,-5.311959852086628,11.338577075098812,-0.0030782436821206773,-0.0005996387785745062,0.001075756980927963,0.002960817045733558,-0.0026734484285447398,-0.0008478376370892216,0.975,False
NQ,breakout.range_expansion.q90,breakout,-8.865130533484672,12.147835051546387,-0.004100674828001246,-8.880789345278496e-05,0.0002905818919162869,0.0014060969070061177,-0.003390182046132278,-0.0018459769745258624,0.975,False
NQ,breakout.failed_reversal,breakout,1.5357894736842164,5.290351758793971,-0.000592766030163111,-0.0003070910328053104,0.0002929307062851253,0.0003536207927162503,0.0005859025638529738,0.0017482062435854452,0.25,False
NQ,breakout.compression_expansion,breakout,-0.4881113084665491,17.716350364963493,-0.0029935928223346823,0.0003054723518682834,0.0015065966451548824,0.0020103738083934388,-0.002385409910314585,-0.0003320258292232462,1.0,False
NQ,revert.z_60.q90,reversion,-7.0716421424367235,-14.15359022556389,0.00042170505181815955,-0.00047064635038155295,0.001529749243933432,-7.407866408680342e-05,0.0008169777020710243,0.0016799331738754013,0.0,False
NQ,revert.z_60.q95,reversion,4.551018518518518,-1.5731292008961881,0.0018602354393930786,0.0008732258709047824,0.0026571801409758385,0.0015230386974827697,0.002104837315144891,0.003298129971251683,0.125,False
NQ,revert.vwap.q90,reversion,25.538727490996404,12.730040160642568,0.00878098231504879,0.007627628956841088,0.004395973863735883,0.003075429318471631,0.008767310997991103,0.010629828794060688,0.175,False
NQ,revert.vwap.q95,reversion,10.676415279138105,3.0548623853210986,0.006787199773874927,0.006423227982219943,0.0016757112797112434,0.0013678928160934267,0.006045475232080363,0.008157016323136913,0.65,False
NQ,revert.z_calm_only,reversion,2.004224841341795,2.214236311239193,0.0007126990101230152,0.0006654479460294881,0.0011683673760421605,0.0010343058759289534,0.0011956422888091736,0.0021645080195841554,0.3,False
NQ,session.late_day_continuation,session,-2.6722484881803132,-4.74476510067114,-0.002087251982470674,-0.002713615253937552,0.0013559369806393942,0.0010035562417797144,-0.0024177094004966724,-0.0001824566742587811,0.4,False
NQ,session.late_day_fade,session,-24.887751511819676,-22.815234899328885,-0.002141527485838269,-0.000886937182251793,-0.0013559369806393942,-0.0010035562417797144,-0.0017351040033326533,0.0001493749953922532,0.75,False
NQ,session.opening_drive,session,-22.69206030150754,-25.55215189873419,-0.007239833066044254,-0.006339025578907237,-0.0011901777951813738,-0.0013865289580020565,-0.0052974910785531,-0.002238020017367225,0.275,False
NQ,session.midday_reversion,session,12.079323158593208,15.932041884816728,0.0020260378644248967,0.0019199966954641687,0.002615237027246582,0.0026440026332868517,0.0027556412049003867,0.0042727852804361355,0.175,False
NQ,vol.expansion_trend,volatility,-11.028914223669922,-5.222268461852302,-0.0046854677522162515,-0.00326896884251918,0.0006801495322336184,0.0019544653826675494,-0.003720929988712353,-0.0020028505305826286,0.75,False
NQ,vol.contraction_revert,volatility,-1.7707366563740632,-5.055985663082435,0.00015457230000411073,-0.0001763528087531958,0.0018270420340463999,0.001134009235140123,0.00037900847430136697,0.0015466792153459741,0.175,False
NQ,vol.vol_of_vol_shock,volatility,-14.761661272923424,0.30970976253297733,-0.005666378202902932,-0.0039001611906263243,-6.106917358979702e-05,0.0009951699779208309,-0.005192191085210361,-0.002030378792112305,0.65,False
NQ,volume.heavy_continuation.q80,volume,-14.922857142857145,-13.085908962397514,-0.002890455132049769,-0.002499885234599749,-0.00042412876603023866,0.00022875864192843068,-0.002675423738236273,-0.002132753266961806,0.7,False
NQ,volume.heavy_continuation.q90,volume,-9.901201536849458,-4.526058558558556,-0.002431973576662625,-0.001297318435339463,0.000745245244741424,0.0015314249613416532,-0.002028306975439484,-0.0009175837601324935,0.875,False
NQ,volume.climax_reversion,volume,-15.52436090225567,-31.712330827067696,0.0006796182153354931,-0.0008544469564430663,-7.78464190814995e-05,-0.0006667079767812308,0.0024024065871531167,0.004386490825716987,0.025,False
MES,trend.ret_15.q80,trend,-2.843332322619771,-2.437634709587124,-0.011861397267637646,-0.008336056472197194,-0.0025027504846697004,0.00016725960951661972,-0.010736093435027133,-0.009099314742451122,0.975,False
MES,trend.ret_15.q90,trend,-2.7444654605263175,-1.7183026188166823,-0.011957297138142052,-0.007302564260215177,-0.0013568210749376854,0.0028027285919001144,-0.010649273817093782,-0.00900599712335689,1.0,True
MES,trend.ret_30.q80,trend,-2.8579835516296077,-2.521272984441302,-0.011863447306342154,-0.008559141024065804,-0.0025891398415009387,-0.0002621907392422688,-0.010935111112084948,-0.00930939178054328,0.975,False
MES,trend.ret_30.q90,trend,-2.75051787916153,-1.7292143549951497,-0.011970286454297948,-0.007341743266536293,-0.00138731143617224,0.0027620438220176935,-0.010666263689759328,-0.00903104895921502,1.0,True
MES,trend.ret_60.q80,trend,-2.992137046307887,-2.79828282828283,-0.012112531944622145,-0.009067506302380282,-0.0033920526873442132,-0.0016454729152445833,-0.011401312298942194,-0.00986719293072252,0.975,False
MES,trend.ret_60.q90,trend,-2.823249475890986,-1.8505748265609507,-0.012157887833272523,-0.007474381828389,-0.0017125419560074906,0.002260264993467834,-0.010941818257824401,-0.009336034983473648,1.0,True
MES,trend.ma_agree.30_120,trend,-3.7934139447236164,-4.675464868701208,-0.01463460561338793,-0.014036981347750862,-0.008565250643473665,-0.011238037547522072,-0.014078115442078792,-0.011863050430699512,0.5,False
MES,trend.multi_horizon_agree,trend,-3.032577447335811,-3.0357599551318,-0.012608166300620767,-0.01019812140237621,-0.004614208000162615,-0.0036480676994570843,-0.011839273286095532,-0.010485972885662347,1.0,False
MES,trend.accel_confirm,trend,-3.34371083868457,-4.286904453091225,-0.011384539169866854,-0.0115367124993931,-0.009126781462876715,-0.015198021816077717,-0.011260062554615839,-0.00974826523051714,0.4,False
MES,breakout.opening_range.q90,breakout,-5.564758064516127,-8.68761658031088,-0.020440367304593112,-0.027406777211612644,-0.0031201802996694335,-0.004339708787458241,-0.020451519657992814,-0.015318038516845527,0.025,False
MES,breakout.opening_range.q95,breakout,-7.080389610389613,-11.660140845070423,-0.02207878067490118,-0.02824624379723069,-0.0028864208635378473,-0.004719433306360838,-0.01948418808645863,-0.00823687180212224,0.0,False
MES,breakout.range_expansion.q80,breakout,-2.8818075801749266,-1.594790619765494,-0.011406218204317349,-0.0057410232032937165,-0.001148470273168228,0.0018895815345391094,-0.00908983760533542,-0.0050922807551739505,0.875,False
MES,breakout.range_expansion.q90,breakout,-2.6402049780380685,-1.12017361111111,-0.011614884317534012,-0.006837003496438136,-0.00023630029956779914,0.0014058848259369929,-0.010474308420474455,-0.007379385868717947,0.95,False
MES,breakout.failed_reversal,breakout,-2.312057761732853,-1.9758139534883716,-0.007345057512092929,-0.004518967143788995,8.893022026745128e-05,0.00023054702933371907,-0.007418104385190328,-0.004706333425582839,0.975,False
MES,breakout.compression_expansion,breakout,-2.314447544642856,-1.216105919003115,-0.011311476019596345,-0.007003481639685526,0.0005666125462754754,0.001455610655793285,-0.009042266849539595,-0.005024745260696571,0.75,False
MES,revert.z_60.q90,reversion,-2.1865160230073966,-3.201086323957321,-0.0046410071066560815,-0.005346618344768904,0.0014025566167895174,-0.002725879582122208,-0.004412907282229981,-0.0018518137407909769,0.175,False
MES,revert.z_60.q95,reversion,-1.61242327365729,-2.092262773722628,-0.00395363437300896,-0.0032759233298734905,0.002726346467056435,0.0009357497072956833,-0.0031514077701150023,-0.0011045937295113537,0.45,False
MES,revert.vwap.q90,reversion,-0.5972032902467684,0.37506398537477176,0.004706700875631779,0.0073828344680969766,0.0032396008811714397,0.005628059833734907,0.004416102496108937,0.007958577265039176,0.9,False
MES,revert.vwap.q95,reversion,-0.1037209302325582,1.5844871794871787,0.004595379191459589,0.00822151420955807,0.0020682628370772955,0.004574776346778896,0.0037308048103820374,0.00993492262952885,0.85,False
MES,revert.z_calm_only,reversion,-2.2641527446300707,-2.868936170212766,-0.006204063590728596,-0.005647595633294445,0.00035063915419737934,-0.0005424635984322802,-0.004727587549275042,-0.0025088256996308603,0.275,False
MES,session.late_day_continuation,session,-3.4093601190476193,-3.5858432708688244,-0.013471286022873119,-0.012400664434618226,-0.002566272070575023,-0.0023687577131542904,-0.01149483560219226,-0.0074824431367788964,0.375,False
MES,session.late_day_fade,session,-1.5306398809523816,-1.3541567291311765,-0.0032420928166894403,-0.001155439615192536,0.002566272070575023,0.0023687577131542904,-0.003924852617001551,0.00027733571140377186,0.875,False
MES,session.opening_drive,session,-2.101132756132755,-1.9881219110378912,-0.013547420044452155,-0.010575715949529087,0.0010392131454110736,0.0010578040169429465,-0.011385719012477025,-0.005106358436237498,0.55,False
MES,session.midday_reversion,session,-1.024761904761905,-1.208636363636363,-0.0019703305796555564,-0.0020481000484381126,0.0030846082115624533,0.0020071153141994367,-0.0012950786744085323,0.0007297069808283963,0.375,False
MES,vol.expansion_trend,volatility,-3.260862759373861,-4.488533440773569,-0.013329202662724493,-0.013840093622502584,-0.00441602065213801,-0.00905914209381908,-0.01274229787045486,-0.0085840136199916,0.275,False
MES,vol.contraction_revert,volatility,-1.5094566623544636,-1.2311441307578015,-0.004175533955736504,-0.002661273724238829,0.003018545762220918,0.003015193501286091,-0.0031922098633117898,-0.0015414675561441192,0.7,False
MES,vol.vol_of_vol_shock,volatility,-5.598850102669403,-6.200263157894737,-0.015008731622895406,-0.015664880425610643,-0.003097312528743518,-0.005126281005185048,-0.014462206630010908,-0.010537575492948988,0.4,False
MES,volume.heavy_continuation.q80,volume,-2.595684420109506,-1.954393232205367,-0.009812475647393184,-0.00646955988733609,-0.001026508828230009,0.0031960147007635176,-0.008320576477276714,-0.007037521448346632,1.0,False
MES,volume.heavy_continuation.q90,volume,-2.582315601251676,-1.8093057110862267,-0.010035579705007694,-0.006408687538183887,-0.0005107135506787916,0.0021336901538336357,-0.008539993099484939,-0.007017241982600965,0.975,False
MES,volume.climax_reversion,volume,-2.0495246800731266,-1.6202192982456138,-0.004408836295890312,-0.00204464320570668,0.0004675188722631725,0.0007006821479750286,-0.001697942004193871,0.001616336365368928,0.45,False
MNQ,trend.ret_15.q80,trend,-2.170465325728011,-1.0896969696969692,-0.005815598908588982,-0.0040140135579160895,-0.0013378442296384432,0.0015739072591657054,-0.005698209837555592,-0.004202312969720126,0.95,False
MNQ,trend.ret_15.q90,trend,-2.2166777408637883,-1.3229298380878942,-0.004875931193840876,-0.003109510841380359,-0.0010663523483156136,0.0007085334252363096,-0.005238324007656215,-0.0037620152473081163,1.0,True
MNQ,trend.ret_30.q80,trend,-2.2861519830457158,-1.5051170568561874,-0.005793026548442794,-0.004255211434518026,-0.0016672900429349476,0.0005303682241331988,-0.005565927616204896,-0.004101767884734467,0.925,False
MNQ,trend.ret_30.q90,trend,-2.2100207900207907,-1.4001697530864192,-0.00484734570570785,-0.0032280394897679526,-0.0010507493666303935,0.0005702662228358259,-0.005260397503667821,-0.0037494070154694067,1.0,True
MNQ,trend.ret_60.q80,trend,-2.451991192198807,-1.4457971014492745,-0.005907692191288774,-0.004078211362615569,-0.0020747507646575523,0.0006507501167704358,-0.005821387457089796,-0.00440165043183896,0.95,False
MNQ,trend.ret_60.q90,trend,-2.4267796610169494,-1.4537559429477012,-0.005047687479041949,-0.0032746617499758964,-0.0014871870543398356,0.00046226646772699035,-0.005511539863206601,-0.003985872430246503,1.0,True
MNQ,trend.ma_agree.30_120,trend,-4.009548468582254,-4.575479840999431,-0.007748241670982897,-0.008057337165999334,-0.0064649840114017676,-0.006918175395729676,-0.008267949680225132,-0.006677136576890652,0.525,False
MNQ,trend.multi_horizon_agree,trend,-2.7356095143706654,-2.1035955056179776,-0.0063484982657478735,-0.00496475719460794,-0.0036546641101552675,-0.0011742393756100783,-0.006563639648801769,-0.005248636929312938,1.0,True
MNQ,trend.accel_confirm,trend,-2.5678684056842505,-3.895990271021542,-0.004382433574547376,-0.0056715392838699785,-0.003883359241712922,-0.008615904030179396,-0.005067052762557116,-0.003859421955580671,0.2,False
MNQ,breakout.opening_range.q90,breakout,-12.6801677148847,-16.947272727272733,-0.01994836606488906,-0.02455849524442325,-0.004661279328590324,-0.006222024108021768,-0.02054182442158444,-0.014451135886575029,0.075,False
MNQ,breakout.opening_range.q95,breakout,-9.638454935622319,-13.40897637795276,-0.015305591352420461,-0.02002164103096091,-0.0016450000690989188,-0.0020423647956568963,-0.014344929971108044,-0.004900663508215122,0.1,False
MNQ,breakout.range_expansion.q80,breakout,-1.3038028169014084,1.6982509505703418,-0.004218544582872828,8.282352437992832e-05,0.0005269349814837187,0.0037105138793443247,-0.0026785632179050717,-0.0006577144540594488,1.0,False
MNQ,breakout.range_expansion.q90,breakout,-2.7158217270195015,-0.4020448877805495,-0.005136335247844327,-0.00185399059553949,-0.0006374932517104211,0.000727106631528912,-0.004162453118271901,-0.0014440727519912018,0.925,False
MNQ,breakout.failed_reversal,breakout,1.787246376811593,1.9104347826086956,0.002460595982525975,0.0023354180843147376,0.0006473008401982738,0.0005743936020119598,0.001451187455733046,0.00436661187745856,0.65,False
MNQ,breakout.compression_expansion,breakout,-1.0129334428923584,0.02197530864197504,-0.004110398230538357,-0.003108745910155327,0.0007672208994361083,0.0009706220029208086,-0.002793541912292366,0.0006587611642498196,0.45,False
MNQ,revert.z_60.q90,reversion,-1.2513408053134083,-2.1102157164869024,-6.914843857042273e-05,-0.0008972649560479991,0.0010066152184350567,-0.0006968391842372638,0.0006578828919205956,0.0018289228415409027,0.025,False
MNQ,revert.z_60.q95,reversion,0.5509551656920079,0.29626506024096405,0.0015895948752652567,0.0011316991783955979,0.0031161383422768137,0.0023023896837533284,0.002360779348595988,0.0038707582110266104,0.1,False
MNQ,revert.vwap.q90,reversion,2.6218756815703372,1.109819277108434,0.008332546603886907,0.007245916508179598,0.0035499012331259325,0.0025851151573184966,0.007440660660948704,0.009574563280578945,0.475,False
MNQ,revert.vwap.q95,reversion,4.300669291338581,5.3055813953488355,0.00832799565449142,0.009976428889907808,0.0027269553990997525,0.00415627083036678,0.009063363660672268,0.011939683433699609,0.625,False
MNQ,revert.z_calm_only,reversion,0.5645373891001267,0.7074004683840758,0.0009374293300814372,0.0007385889725766574,0.00160710711357767,0.0014260095053542426,0.0022591385645829385,0.004447115155067003,0.025,False
MNQ,session.late_day_continuation,session,-1.3907413249211356,-2.971336898395723,-0.003693607381486986,-0.005273521331692507,0.0003722425630616795,-0.001287742302953759,-0.003366476476907458,-0.0009555254943973927,0.05,False
MNQ,session.late_day_fade,session,-2.049258675078865,-0.46866310160427777,-0.0012023066597575765,0.0011085591647791266,-0.0003722425630616795,0.001287742302953759,-0.0014127614995444672,5.994538296859292e-05,0.975,False
MNQ,session.opening_drive,session,-3.9046751412429392,-2.373256704980844,-0.00982296294142044,-0.006490575556471949,-0.0027581613624701926,-0.0007037181495308202,-0.006916591882881566,-0.0024137413648135544,0.525,False
MNQ,session.midday_reversion,session,0.8493668528864071,1.8141296928327653,0.0016321598037830976,0.0028094901646295075,0.002460367312020849,0.0028492674245910628,0.002599360667391447,0.003993133827907429,0.6,False
MNQ,vol.expansion_trend,volatility,-2.359328444615979,-2.7822089155023293,-0.006331644905970598,-0.00615817486673945,-0.0014769336663752624,-0.00219645361823256,-0.005093217352183863,-0.0030583546466401075,0.275,False
MNQ,vol.contraction_revert,volatility,-0.4151219512195122,-0.4937397420867526,-0.00015050015233385134,-3.7000363898113145e-05,0.0018603212163549562,0.0014390795394119999,0.0003667021311456246,0.0013734826186448227,0.35,False
MNQ,vol.vol_of_vol_shock,volatility,-3.857149028077754,-4.318360655737706,-0.00696099814040217,-0.006797550348752032,-0.0008822371644300164,-0.0013083791988344282,-0.005833478302868349,-0.0021110640511425778,0.3,False
MNQ,volume.heavy_continuation.q80,volume,-1.22591358918658,-0.10293118856121553,-0.0026179744062384885,-0.0009190323724383372,0.0018251030576940308,0.004978995079476125,-0.0018117032591382976,-0.0006235090163624244,0.9,False
MNQ,volume.heavy_continuation.q90,volume,-1.4789525514771706,0.5231972789115649,-0.0033771687593452623,-0.0007261619772915204,0.0004801260364280584,0.003629342088880359,-0.002051625733467273,-0.0011551486703983802,1.0,True
MNQ,volume.climax_reversion,volume,-2.41798657718121,-2.678515283842794,-0.000520940744082752,0.00016227654029969855,-0.0002781788734736383,-0.00030198657638712614,0.0009352061368302709,0.003446623826293212,0.4,False
