strategy,symbol,contracts,net_1ct,dll_breach_rate,mc_median_final,mc_p05_final,mc_p95_final,mc_prob_final_positive,mc_median_maxdd,mc_worst5_maxdd,mc_worst1_maxdd,mc_prob_dd_exceeds_mll,mc_median_losing_streak,mc_p95_losing_streak,pass_rate,breach_rate,median_days_to_pass,p25_days,p75_days,median_min_buffer,expected_max_dd,worst_5pct_dd,worst_1pct_dd
revert.vwap.q90,NQ,1,52378.95999999999,0.4161290322580645,52378.959999999985,52378.95999999995,52378.960000000036,1.0,-37079.02999999998,-57470.13599999999,-68261.7816,1.0,4.0,6.0,0.2875,0.9975,8.0,6.0,10.0,2000.0,-24038.4083,-47196.17800000002,-56496.7664
revert.vwap.q90,NQ,2,52378.95999999999,0.5032258064516129,104757.91999999997,104757.9199999999,104757.92000000007,1.0,-74158.05999999995,-114940.27199999998,-136523.5632,1.0,4.0,6.0,0.19,0.9875,6.0,4.0,9.0,2000.0,-47406.485,-90818.07599999999,-109708.66919999997
revert.vwap.q90,NQ,5,52378.95999999999,0.5870967741935483,261894.79999999987,261894.79999999967,261894.80000000008,1.0,-185395.15000000002,-287350.68,-341308.90800000005,1.0,4.0,6.0,0.1175,0.9975,7.0,5.0,10.0,2000.0,-124839.73875000002,-243054.1050000001,-299116.62500000006
revert.vwap.q95,NQ,1,27675.12000000001,0.26129032258064516,27675.12000000001,27675.119999999988,27675.120000000064,1.0,-33696.43,-51719.441,-60701.66899999997,1.0,3.0,4.0,0.27,0.9825,9.0,5.0,15.25,2000.0,-20893.4371,-37285.225,-48070.66739999999
revert.vwap.q95,NQ,2,27675.12000000001,0.34516129032258064,55350.24000000002,55350.239999999976,55350.24000000013,1.0,-67392.86,-103438.882,-121403.33799999995,1.0,3.0,4.0,0.23,0.9875,8.0,5.0,12.0,2000.0,-42154.654299999995,-79815.822,-103023.5628
revert.vwap.q95,NQ,5,27675.12000000001,0.4258064516129032,138375.60000000003,138375.59999999995,138375.60000000018,1.0,-168482.15000000002,-258597.20500000005,-303508.34500000003,1.0,3.0,4.0,0.2175,0.9825,8.0,5.0,13.0,2000.0,-108119.90274999998,-201668.31499999994,-238781.42399999997
session.midday_reversion,NQ,1,13404.380000000028,0.2161290322580645,13404.380000000025,13404.38,13404.380000000036,1.0,-14661.639999999994,-22573.044,-26841.328200000004,1.0,6.0,9.0,0.25,0.995,8.0,6.0,13.0,1054.2799999999988,-10061.341999999997,-18992.707,-22840.96639999999
session.midday_reversion,NQ,2,13404.380000000028,0.4161290322580645,26808.76000000005,26808.76,26808.76000000007,1.0,-29323.279999999988,-45146.088,-53682.65640000001,1.0,6.0,9.0,0.2075,0.995,5.0,3.0,6.0,2000.0,-20851.757399999995,-34393.257999999994,-48490.52360000002
session.midday_reversion,NQ,5,13404.380000000028,0.603225806451613,67021.90000000011,67021.90000000001,67021.90000000015,1.0,-73308.19999999997,-112865.22000000003,-134206.64100000012,1.0,6.0,9.0,0.1925,0.9975,4.0,3.0,5.0,2000.0,-49295.78474999998,-84679.23999999999,-106991.28299999997
added.bollinger_revert.2sd,NQ,1,13301.019999999986,0.3161290322580645,13301.019999999991,13301.019999999977,13301.020000000011,1.0,-21235.769999999993,-33143.473000000005,-39870.564600000005,1.0,6.0,9.0,0.235,1.0,7.0,4.0,11.0,1050.1300000000017,-13680.8508,-25233.694000000003,-34155.233799999995
added.bollinger_revert.2sd,NQ,2,13301.019999999986,0.4935483870967742,26602.039999999983,26602.039999999954,26602.040000000023,1.0,-42471.539999999986,-66286.94600000001,-79741.12920000001,1.0,6.0,9.0,0.205,0.9975,4.0,3.25,6.0,2000.0,-28371.375700000004,-55653.47799999998,-71037.31159999999
added.bollinger_revert.2sd,NQ,5,13301.019999999986,0.6709677419354839,66505.09999999995,66505.09999999985,66505.10000000002,1.0,-106178.84999999995,-165717.36499999993,-199352.82300000006,1.0,6.0,9.0,0.1425,1.0,4.0,2.0,5.0,2000.0,-68603.66625,-125620.85999999999,-156789.55400000003
revert.z_60.q95,NQ,1,11591.720000000025,0.23225806451612904,11591.720000000036,11591.720000000023,11591.720000000056,1.0,-17934.79,-28043.125999999982,-34664.02139999998,1.0,6.0,9.0,0.21,1.0,7.0,4.0,10.0,1165.1400000000028,-12139.674099999997,-21706.628,-33299.40579999999
revert.z_60.q95,NQ,2,11591.720000000025,0.45483870967741935,23183.44000000007,23183.440000000046,23183.44000000011,1.0,-35869.58,-56086.251999999964,-69328.04279999997,1.0,6.0,9.0,0.1575,1.0,4.0,3.0,5.0,2000.0,-24834.929899999992,-45881.54999999998,-59814.69199999998
revert.z_60.q95,NQ,5,11591.720000000025,0.6516129032258065,57958.60000000012,57958.60000000005,57958.60000000018,1.0,-89673.95000000001,-140215.62999999998,-173320.10699999993,1.0,6.0,9.0,0.1625,1.0,4.0,3.0,5.0,2000.0,-60588.45874999999,-109830.6199999999,-130290.90499999998
revert.vwap.q95,ES,1,10439.259999999987,0.16129032258064516,10439.259999999987,10439.259999999977,10439.259999999998,1.0,-17128.56,-25981.63100000001,-29688.688399999995,1.0,3.0,4.0,0.3325,0.9875,16.0,11.0,23.0,1679.9400000000023,-11208.55975,-21673.964,-27760.671199999997
revert.vwap.q95,ES,2,10439.259999999987,0.24516129032258063,20878.519999999975,20878.519999999953,20878.519999999997,1.0,-34257.12,-51963.26200000002,-59377.37679999999,1.0,3.0,4.0,0.3575,0.9875,11.0,7.0,14.0,2000.0,-22628.228100000004,-45599.71400000001,-61488.292
revert.vwap.q95,ES,5,10439.259999999987,0.3774193548387097,52196.29999999993,52196.29999999989,52196.3,1.0,-85642.8,-129908.15500000003,-148443.44199999998,1.0,3.0,4.0,0.26,0.9975,10.0,6.0,14.0,2000.0,-57305.471000000005,-114004.52500000004,-143281.56299999997
revert.vwap.q95,MNQ,1,2771.3999999999933,0.01606425702811245,2771.399999999994,2771.3999999999924,2771.399999999997,1.0,-2818.6000000000013,-4346.489000000001,-4957.356800000002,0.9185,3.0,4.0,0.2075,0.66,81.0,64.5,97.0,563.239999999999,-2009.7952000000005,-3861.404000000003,-4919.5742
revert.vwap.q95,MNQ,5,2771.3999999999933,0.1285140562248996,13856.999999999967,13856.99999999996,13856.99999999998,1.0,-14093.000000000007,-21732.44500000001,-24786.784000000007,1.0,3.0,4.0,0.42,0.98,17.0,11.0,25.0,1652.6,-10330.904500000002,-19477.77,-27039.089
revert.vwap.q95,MNQ,10,2771.3999999999933,0.21285140562248997,27713.999999999935,27713.99999999992,27713.99999999996,1.0,-28186.000000000015,-43464.89000000002,-49573.568000000014,1.0,3.0,4.0,0.3225,0.99,11.0,7.0,17.0,2000.0,-19519.579500000007,-37948.94,-46313.79800000002
revert.vwap.q95,MNQ,20,2771.3999999999933,0.2971887550200803,55427.99999999987,55427.99999999984,55427.99999999992,1.0,-56372.00000000003,-86929.78000000004,-99147.13600000003,1.0,3.0,4.0,0.3175,0.9775,10.0,8.0,16.0,2000.0,-41413.157000000014,-79851.46000000008,-100824.35200000003
revert.vwap.q90,MNQ,1,1493.219999999989,0.020080321285140562,1493.2199999999887,1493.219999999987,1493.2199999999918,1.0,-3928.930000000003,-5934.310000000002,-6965.9320000000025,0.999,4.0,5.0,0.19,0.8575,68.5,49.0,84.0,367.77999999999884,-2724.6371000000013,-5346.550000000002,-6744.0328
revert.vwap.q90,MNQ,5,1493.219999999989,0.23293172690763053,7466.099999999939,7466.09999999993,7466.09999999995,1.0,-19644.650000000016,-29671.550000000014,-34829.66000000001,1.0,4.0,5.0,0.3125,0.9975,10.0,6.0,15.0,1873.9000000000015,-14315.517500000009,-26248.73000000001,-31995.368000000017
revert.vwap.q90,MNQ,10,1493.219999999989,0.3493975903614458,14932.199999999879,14932.19999999986,14932.1999999999,1.0,-39289.30000000003,-59343.10000000003,-69659.32000000002,1.0,4.0,5.0,0.265,0.995,9.0,6.0,11.0,2000.0,-26518.000500000016,-50057.28000000004,-61868.732
revert.vwap.q90,MNQ,20,1493.219999999989,0.4497991967871486,29864.399999999758,29864.39999999972,29864.3999999998,1.0,-78578.60000000006,-118686.20000000006,-139318.64000000004,1.0,4.0,5.0,0.235,0.9975,6.0,5.0,9.0,2000.0,-55705.54000000004,-111149.72000000004,-129657.71600000006
breakout.failed_reversal,MNQ,1,499.04000000000025,0.0,499.0400000000001,499.0399999999996,499.04000000000036,1.0,-271.28,-429.3230000000002,-512.6009999999999,0.0,2.0,4.0,0.0,0.0,,,,1831.2699999999859,-190.33574999999996,-347.89999999999986,-455.4637999999999
breakout.failed_reversal,MNQ,5,499.04000000000025,0.0,2495.2000000000016,2495.2000000000007,2495.2000000000025,1.0,-1356.3999999999996,-2146.614999999999,-2563.0049999999997,0.0845,2.0,4.0,0.125,0.0375,90.5,66.75,108.25,1085.4000000000015,-988.9979999999999,-1837.9449999999995,-2403.2319999999995
breakout.failed_reversal,MNQ,10,499.04000000000025,0.0,4990.400000000003,4990.4000000000015,4990.400000000005,1.0,-2712.7999999999993,-4293.229999999998,-5126.009999999999,0.86,2.0,4.0,0.4425,0.4725,61.0,43.0,87.0,417.000000000009,-1966.7164999999995,-3745.7499999999995,-4981.645999999999
breakout.failed_reversal,MNQ,20,499.04000000000025,0.04819277108433735,9980.800000000007,9980.800000000003,9980.80000000001,1.0,-5425.5999999999985,-8586.459999999995,-10252.019999999999,1.0,2.0,4.0,0.3625,0.825,44.0,30.0,70.0,553.2000000000007,-3867.813999999999,-6850.499999999998,-8988.203999999998
session.midday_reversion,MNQ,1,359.65999999999974,0.0,359.65999999999985,359.6599999999991,359.66000000000105,1.0,-1611.04,-2469.688,-2926.8866000000007,0.2025,6.0,8.0,0.0125,0.1325,101.0,96.0,107.0,801.479999999985,-1253.07535,-2296.2740000000003,-2823.1340000000005
session.midday_reversion,MNQ,5,359.65999999999974,0.08032128514056225,1798.299999999998,1798.2999999999922,1798.3000000000015,1.0,-8055.200000000003,-12348.44,-14634.432999999995,1.0,6.0,8.0,0.26,1.0,17.5,7.75,26.25,584.3000000000065,-6111.6630000000005,-10813.394999999993,-12820.282000000005
session.midday_reversion,MNQ,10,359.65999999999974,0.23694779116465864,3596.599999999996,3596.5999999999844,3596.600000000003,1.0,-16110.400000000005,-24696.88,-29268.86599999999,1.0,6.0,8.0,0.2,0.9975,9.0,6.0,11.0,993.4000000000015,-12451.915,-21990.600000000006,-28127.631999999983
session.midday_reversion,MNQ,20,359.65999999999974,0.4538152610441767,7193.199999999992,7193.199999999969,7193.200000000006,1.0,-32220.80000000001,-49393.76,-58537.73199999998,1.0,6.0,8.0,0.1975,0.995,5.0,3.0,7.0,2000.0,-24823.197999999997,-44020.35999999998,-58323.37999999999
