strategy,symbol,family,newly_added,trades,net_pnl,expectancy_trade,expectancy_session,stressed_expectancy_trade,profit_factor,win_rate,max_dd,dd_over_mll,sharpe,sortino,t_stat,consec_losing_days,median_hold_min,trades_per_session,time_in_market,mc_prob_dd_exceeds_mll,best_twin_pass,dll_breach_rate,verdict
trend.ret_15.q80,ES,trend,False,6981,-136550.6799999999,-19.56033233061165,-440.4860645161288,-32.060332330611644,0.7476700013851747,0.2223177195244234,-136151.2400000001,68.07562000000006,-5.489859763565682,-8.881095538734394,-6.088941859920953,20,3.0,22.51935483870968,0.3326210708687402,,,,REJECT
trend.ret_15.q90,ES,trend,False,5069,-95398.31999999996,-18.819948707831912,-307.7365161290321,-31.31994870783191,0.7303530165153489,0.2294338133754192,-96099.4399999998,48.0497199999999,-5.155506502433777,-8.364282585119668,-5.718102229149614,20,2.0,16.351612903225806,0.1702004785083739,,,,REJECT
trend.ret_30.q80,ES,trend,False,6971,-137925.37999999995,-19.785594606225786,-444.9205806451611,-32.28559460622578,0.7458598251970009,0.2167551283890403,-137496.00000000006,68.74800000000003,-5.579229271187647,-9.038081314340488,-6.188063833777436,15,3.0,22.48709677419355,0.3378434122597145,,,,REJECT
trend.ret_30.q90,ES,trend,False,5067,-95453.25999999997,-18.838219853956968,-307.9137419354837,-31.338219853956968,0.7305709780800372,0.2283402407736333,-96236.93999999984,48.118469999999924,-5.137042129348198,-8.370241545693244,-5.697622927484363,20,2.0,16.34516129032258,0.170390231829057,,,,REJECT
trend.ret_60.q80,ES,trend,False,6768,-144958.03999999998,-21.418150118203297,-467.6065806451612,-33.9181501182033,0.7269830263489426,0.217789598108747,-144411.78000000023,72.20589000000011,-5.8399739807260085,-9.193718328238852,-6.47726236434789,20,3.0,21.83225806451613,0.3242306740367957,,,,REJECT
trend.ret_60.q90,ES,trend,False,4997,-98226.15999999996,-19.657026215729427,-316.8585806451611,-32.157026215729424,0.7199045602278356,0.2283370022013208,-98968.55999999978,49.48427999999989,-5.329449450901069,-8.598307375119504,-5.911026738294571,15,2.0,16.11935483870968,0.1663889118059566,,,,REJECT
trend.ma_agree.30_120,ES,trend,False,6654,-165489.62,-24.870697324917334,-533.8374838709677,-37.37069732491733,0.7260192813069756,0.1961226330027051,-166729.40000000023,83.36470000000011,-5.5061301684393085,-7.812873930460394,-6.106987776133674,13,4.0,21.46451612903226,0.5119627093474136,,,,REJECT
trend.multi_horizon_agree,ES,trend,False,8573,-190243.44,-22.190999650064143,-613.6885161290322,-34.69099965006415,0.7337909478972651,0.2689840195964073,-189846.87999999995,94.92343999999997,-6.149661627813321,-9.149286820575044,-6.820744740776687,13,3.0,27.65483870967742,0.4804224073921294,,,,REJECT
trend.accel_confirm,ES,trend,False,10808,-258904.24000000005,-23.954870466321232,-835.1749677419357,-36.45487046632123,0.7050409039704558,0.3231865284974093,-257594.31999999983,128.7971599999999,-8.793394935336929,-11.460134830396022,-9.752975999119862,15,2.0,34.86451612903226,0.4280257404504579,,,,REJECT
breakout.opening_range.q90,ES,breakout,False,976,-38301.78,-39.243627049180326,-123.55412903225806,-51.74362704918031,0.690146986467576,0.0952868852459016,-38301.779999999984,19.150889999999993,-1.9326991353912315,-2.97332055990456,-2.143605333275998,6,4.0,3.1483870967741936,0.199686494513654,,,,REJECT
breakout.opening_range.q95,ES,breakout,False,414,-18777.42,-45.356086956521736,-60.57232258064516,-57.856086956521736,0.6773223353524941,0.0942028985507246,-18777.42,9.38871,-1.2694823355591016,-1.6424032781329287,-1.4080148612749808,4,4.0,1.335483870967742,0.0828974507053873,,,,REJECT
breakout.range_expansion.q80,ES,breakout,False,2859,-54519.52,-19.069436866037066,-175.8694193548387,-31.569436866037066,0.7928511591318337,0.3578174186778594,-55197.35999999999,27.598679999999998,-2.809979661417104,-4.107520899516441,-3.116619280419695,7,3.0,9.22258064516129,0.1315815526771718,,,,REJECT
breakout.range_expansion.q90,ES,breakout,False,1418,-28797.54,-20.30856135401973,-92.89529032258064,-32.80856135401973,0.802450129488538,0.3589562764456981,-29375.860000000022,14.68793000000001,-1.9766352365377555,-2.5599473344768904,-2.192335970660992,13,3.0,4.574193548387097,0.0649203861067568,,,,REJECT
breakout.failed_reversal,ES,breakout,False,364,-4475.919999999998,-12.296483516483509,-14.43845161290322,-24.796483516483512,0.72879753853313,0.4065934065934066,-4795.639999999998,2.397819999999999,-2.202153036148468,-1.8942818664618584,-2.4424634473809177,4,1.0,1.1741935483870969,0.0030030525534196,,,,REJECT
breakout.compression_expansion,ES,breakout,False,3811,-57618.07999999994,-15.11888743112043,-185.8647741935482,-27.61888743112043,0.7774613261475897,0.2988716872212018,-59138.09999999988,29.56904999999994,-3.689210276370811,-5.160384078899164,-4.0917961203538535,10,3.0,12.293548387096774,0.186667766685917,,,,REJECT
revert.z_60.q90,ES,reversion,False,5078,-69369.83999999994,-13.660858605750288,-223.77367741935464,-26.16085860575029,0.7754636086748607,0.5931469082315872,-71155.71999999994,35.57785999999997,-3.934590406584186,-4.701387573793733,-4.363953408662918,10,2.0,16.38064516129032,0.1706377361603828,,,,REJECT
revert.z_60.q95,ES,reversion,False,3270,-38673.09999999996,-11.826636085626902,-124.75193548387084,-24.326636085626905,0.7898992618650411,0.5737003058103975,-38957.079999999965,19.47853999999998,-3.0944965904250865,-3.516027500436319,-3.432184178887641,8,2.0,10.548387096774194,0.0845969804471578,,,,REJECT
revert.vwap.q90,ES,reversion,False,2046,-1071.37999999999,-0.5236461388074172,-3.4560645161290005,-13.023646138807417,0.9944122353572435,0.7673509286412512,-20127.0,10.0635,-0.044314598270758,-0.0348966306040577,-0.0491504380871733,5,3.0,6.6,0.245606798118967,,,,REJECT
revert.vwap.q95,ES,reversion,False,1233,10439.259999999987,8.466553122465537,33.67503225806448,-4.033446877534466,1.0869999523299805,0.7550689375506894,-11601.360000000011,5.800680000000006,0.4822820261817137,0.2895979427341663,0.5349111532856364,5,3.0,3.97741935483871,0.1317383054203448,1.0,0.3575,0.1612903225806451,REJECT
revert.z_calm_only,ES,reversion,False,1752,-27785.059999999987,-15.859052511415516,-89.62922580645157,-28.35905251141552,0.7024621538245392,0.5570776255707762,-27841.98000000001,13.920990000000005,-3.899364666715532,-4.435426973535031,-4.324883652554315,8,2.0,5.651612903225806,0.0382476693342133,,,,REJECT
session.late_day_continuation,ES,session,False,2908,-66079.73999999995,-22.723431911966973,-213.16045161290305,-35.223431911966976,0.740939065084298,0.2506877579092159,-65881.75999999998,32.94087999999999,-3.809351432673768,-5.712899443964277,-4.225047705497669,8,3.0,9.380645161290325,0.2259384539229436,,,,REJECT
session.late_day_fade,ES,session,False,2908,-28604.73999999995,-9.836568088033005,-92.27335483870952,-22.336568088033005,0.8700007671410581,0.5814993122420908,-40409.619999999966,20.204809999999984,-1.8196214298487663,-2.6061859082367445,-2.0181879994361016,6,3.0,9.380645161290325,0.2259384539229436,,,,REJECT
session.opening_drive,ES,session,False,2915,-47168.69999999998,-16.181372212692956,-152.1570967741935,-28.681372212692956,0.8715794389230823,0.3149228130360206,-50962.49999999999,25.481249999999996,-1.823189900156221,-2.378796353904846,-2.022145879813147,6,3.0,9.403225806451612,0.187138024915436,,,,REJECT
session.midday_reversion,ES,session,False,2256,-13865.179999999977,-6.14591312056737,-44.72638709677411,-18.645913120567368,0.8839634847493262,0.5966312056737588,-14804.35999999998,7.402179999999991,-1.3105131876843823,-1.4966195187936555,-1.4535232137308876,12,2.0,7.27741935483871,0.073038528174243,,,,REJECT
vol.expansion_trend,ES,volatility,False,5783,-124634.74000000003,-21.55191768978038,-402.04754838709687,-34.05191768978038,0.8101591385637835,0.3316617672488328,-124640.1599999999,62.32007999999995,-4.253275777514885,-6.455746192226089,-4.717415387433762,19,3.0,18.65483870967742,0.4149740120452108,,,,REJECT
vol.contraction_revert,ES,volatility,False,3251,-33901.27999999996,-10.427954475545976,-109.35896774193536,-22.927954475545977,0.7933362919468817,0.5816671793294371,-35395.09999999997,17.697549999999985,-3.063117277213232,-3.8274871623537,-3.3973805915502595,9,2.0,10.487096774193548,0.0971619503341308,,,,REJECT
vol.vol_of_vol_shock,ES,volatility,False,1121,-36624.87999999999,-32.6716146297948,-118.14477419354836,-45.1716146297948,0.7675989853893685,0.3024085637823372,-41351.25999999998,20.67562999999999,-2.045061681216509,-1.7738068746431563,-2.2682294654448043,5,4.0,3.6161290322580646,0.0962049335863377,,,,REJECT
volume.heavy_continuation.q80,ES,volume,False,7444,-142638.3199999999,-19.16151531434712,-460.1236129032255,-31.66151531434712,0.6648055762495694,0.3549167114454594,-142731.0199999999,71.36550999999996,-7.693086619233873,-11.20878660748336,-8.532596307601558,18,1.0,24.01290322580645,0.135046613315733,,,,REJECT
volume.heavy_continuation.q90,ES,volume,False,3913,-80491.13999999996,-20.57018655762841,-259.64883870967725,-33.0701865576284,0.6744869045619152,0.3746486072067467,-81194.32000000002,40.59716000000001,-5.602897170163704,-7.462226199583598,-6.214314497185656,11,1.0,12.62258064516129,0.0664631631053543,,,,REJECT
volume.climax_reversion,ES,volume,False,1061,-17623.079999999987,-16.609877474081042,-56.84864516129028,-29.10987747408105,0.8039457640996432,0.5664467483506126,-18725.86000000001,9.362930000000006,-1.7823478053139166,-1.9250042863194952,-1.9768468828182493,7,3.0,3.42258064516129,0.0379259137034898,,,,REJECT
added.donchian_breakout,ES,added,True,417,-19088.759999999995,-45.77640287769783,-61.57664516129031,-58.27640287769783,0.6737178277528452,0.0935251798561151,-19088.76,9.544379999999999,-1.2894096463251057,-1.6717624807310592,-1.4301167440013929,4,4.0,1.3451612903225807,0.082798448972857,,,,REJECT
added.bollinger_revert.2sd,ES,added,True,3884,-38419.01999999996,-9.891611740473728,-123.93232258064504,-22.391611740473728,0.8258385011175725,0.5883110195674562,-39261.41999999994,19.63070999999997,-2.7414864211957304,-3.288413841351926,-3.0406517010156877,7,2.0,12.529032258064516,0.1072271264747133,,,,REJECT
added.vwap_trend,ES,added,True,3566,-80904.48,-22.687739764441947,-260.9821935483871,-35.18773976444194,0.8432843609552112,0.2386427369601794,-82574.12,41.28706,-2.1740612445861345,-2.8474192355687062,-2.4113061331815167,9,4.0,11.503225806451614,0.5190413332233315,,,,REJECT
trend.ret_15.q80,NQ,trend,False,6936,-114383.08000000006,-16.491216839677037,-368.977677419355,-21.491216839677037,0.8845592728370643,0.2458189158016147,-114646.52000000022,57.32326000000011,-2.2466472036613045,-4.111922337571519,-2.4918130502413165,7,3.0,22.374193548387098,0.3390644336275885,,,,REJECT
trend.ret_15.q90,NQ,trend,False,5054,-108874.12000000002,-21.542168579343084,-351.20683870967747,-26.54216857934308,0.8301914931387763,0.277997625643055,-109580.13999999996,54.79006999999998,-3.310895972419177,-5.636009554432631,-3.672198188759002,10,2.0,16.303225806451614,0.1705799851497401,,,,REJECT
trend.ret_30.q80,NQ,trend,False,6882,-116858.96000000012,-16.980377797151984,-376.96438709677454,-21.980377797151984,0.8822203494045162,0.2410636442894507,-116347.26000000015,58.173630000000074,-2.282557846669849,-4.099600617642772,-2.531642449688378,7,3.0,22.2,0.3439815196765943,,,,REJECT
trend.ret_30.q90,NQ,trend,False,5052,-108181.56,-21.4136104513064,-348.97277419354845,-26.4136104513064,0.831478664755768,0.2773159144893111,-109062.57999999994,54.53128999999997,-3.261575594446064,-5.583073480155441,-3.617495714211171,10,2.0,16.296774193548387,0.1706872370266479,,,,REJECT
trend.ret_60.q80,NQ,trend,False,6612,-112423.36000000004,-17.00292800967936,-362.6560000000001,-22.00292800967936,0.8814764210280397,0.2483363581367211,-111925.4400000001,55.962720000000054,-2.205977117711068,-3.950905923853289,-2.4467048326448557,10,3.0,21.329032258064515,0.3299315238016665,,,,REJECT
trend.ret_60.q90,NQ,trend,False,4964,-110543.92,-22.269121676067677,-356.5932903225807,-27.269121676067677,0.8245902874957494,0.2757856567284448,-113102.85999999991,56.551429999999954,-3.310901407447395,-5.714551928010715,-3.672204216885812,10,2.0,16.01290322580645,0.167131424799934,,,,REJECT
trend.ma_agree.30_120,NQ,trend,False,6734,-221884.52,-32.94988416988416,-715.7565161290323,-37.94988416988416,0.8010581932022717,0.208048708048708,-220522.22000000035,110.26111000000017,-3.988938422582229,-5.868053103556751,-4.424232163288009,12,3.0,21.72258064516129,0.5090751588152793,,,,REJECT
trend.multi_horizon_agree,NQ,trend,False,8555,-185322.90000000023,-21.662524839275267,-597.8158064516138,-26.662524839275267,0.8589154565702098,0.3115137346580947,-184332.1800000001,92.16609000000005,-3.037520830749476,-5.250232058672566,-3.36899092750588,13,3.0,27.596774193548388,0.4817919313587987,,,,REJECT
trend.accel_confirm,NQ,trend,False,10851,-254876.78000000023,-23.48878260068195,-822.1831612903234,-28.488782600681947,0.8433548721466325,0.3648511657911713,-256458.67999999996,128.22933999999998,-4.627090468118725,-6.983901584783435,-5.132022684431959,11,2.0,35.00322580645161,0.435186865770151,,,,REJECT
breakout.opening_range.q90,NQ,breakout,False,961,-78557.58,-81.7456607700312,-253.4115483870968,-86.74566077003118,0.6709151864166228,0.0790842872008324,-75908.43999999996,37.95421999999998,-1.9462683440539428,-2.86552973703188,-2.1586552846756164,5,3.0,3.1,0.1853642438742678,,,,REJECT
breakout.opening_range.q95,NQ,breakout,False,515,-39721.70000000001,-77.12951456310682,-128.1345161290323,-82.1295145631068,0.6746003334138878,0.0776699029126213,-51352.07999999998,25.67603999999999,-1.3390335660040542,-1.777186163195002,-1.4851558843072743,3,3.0,1.6612903225806452,0.0835244616780793,,,,REJECT
breakout.range_expansion.q80,NQ,breakout,False,2880,-46281.40000000005,-16.069930555555548,-149.29483870967758,-21.069930555555548,0.9028561566952478,0.3913194444444444,-60331.68000000001,30.165840000000003,-1.2395293599543895,-1.8931662553382456,-1.374793260934818,12,3.0,9.290322580645162,0.1345268542199488,,,,REJECT
breakout.range_expansion.q90,NQ,breakout,False,1409,-29156.02000000001,-20.69270404542227,-94.05167741935487,-25.69270404542228,0.8879583430973265,0.3832505322924059,-34282.140000000014,17.141070000000006,-1.0582452593360654,-1.5133196158158004,-1.1737264948730015,11,3.0,4.54516129032258,0.0636416137282402,,,,REJECT
breakout.failed_reversal,NQ,breakout,False,470,188.4000000000065,0.4008510638297954,0.6077419354838918,-4.599148936170197,1.005602810683882,0.4872340425531914,-6238.7199999999975,3.1193599999999986,0.0364291023343218,0.0365860886657903,0.0404044357553365,2,1.0,1.5161290322580645,0.0038775678574375,,,,REJECT
breakout.compression_expansion,NQ,breakout,False,3317,-34743.26000000001,-10.474302080192931,-112.07503225806455,-15.474302080192931,0.9223856943940876,0.3352426891769671,-44776.03999999997,22.388019999999987,-1.125732664972774,-1.8122979550792029,-1.248578477782657,8,3.0,10.7,0.159689794571405,,,,REJECT
revert.z_60.q90,NQ,reversion,False,5058,-31349.24,-6.1979517595887605,-101.12658064516128,-11.19795175958876,0.9456207058613904,0.6640964808224594,-38733.11999999999,19.366559999999993,-0.9684138353597032,-1.1374668701504085,-1.0740921979432176,7,2.0,16.316129032258065,0.1708934906360861,,,,REJECT
revert.z_60.q95,NQ,reversion,False,3276,11591.720000000025,3.5383760683760808,37.3926451612904,-1.4616239316239192,1.0351551172099072,0.6498778998778999,-11148.799999999996,5.574399999999998,0.5111704638842381,0.5733207911233014,0.5669520478021063,4,2.0,10.567741935483872,0.0826911970959491,1.0,0.21,0.232258064516129,REJECT
revert.vwap.q90,NQ,reversion,False,2118,52378.95999999999,24.73038715769596,168.96438709677415,19.73038715769596,1.1263709091189833,0.8087818696883853,-39960.02,19.98001,0.9904418447261268,0.7811603580544401,1.0985240184447365,6,3.0,6.832258064516129,0.272411517201551,1.0,0.2875,0.4161290322580645,REJECT
revert.vwap.q95,NQ,reversion,False,1246,27675.12000000001,22.21117174959873,89.27458064516132,17.211171749598734,1.1133586589337623,0.7945425361155698,-25508.26,12.75413,0.6233848509479885,0.3810042396127525,0.6914118533535065,4,3.0,4.019354838709678,0.1458048015840277,1.0,0.27,0.2612903225806451,REJECT
revert.z_calm_only,NQ,reversion,False,1668,-175.03999999997723,-0.1049400479616165,-0.5646451612902491,-5.104940047961618,0.9989118047057484,0.6306954436450839,-14657.34,7.32867,-0.011602654632244,-0.0134729584833091,-0.0128687967487516,5,2.0,5.380645161290323,0.0364491378599125,,,,REJECT
session.late_day_continuation,NQ,session,False,2796,-39008.880000000034,-13.95167381974248,-125.83509677419366,-18.95167381974248,0.9123924199233396,0.3047210300429184,-52228.40000000002,26.11420000000001,-1.1280223585286515,-1.769892185441847,-1.2511180346273147,8,4.0,9.019354838709678,0.2292715122514644,,,,REJECT
session.late_day_fade,NQ,session,False,2796,-38048.88000000004,-13.6083261802575,-122.73832258064527,-18.608326180257503,0.9119800912306364,0.6323319027181689,-52560.80000000003,26.280400000000014,-1.1488307846629449,-1.5110097210584528,-1.2741971846210989,8,4.0,9.019354838709678,0.2292715122514644,,,,REJECT
session.opening_drive,NQ,session,False,2975,-53050.50000000005,-17.83210084033612,-171.1306451612905,-22.832100840336125,0.9342593625495936,0.3515966386554622,-60259.300000000025,30.129650000000012,-0.8926034579085145,-1.1615712858912426,-0.9900089971768764,8,3.0,9.596774193548388,0.1887880537909413,,,,REJECT
session.midday_reversion,NQ,session,False,2229,13404.380000000028,6.013629430237787,43.23993548387106,1.013629430237785,1.06073148464879,0.6747420367877972,-13476.76,6.73838,0.6735830401710876,0.8617915214519382,0.7470879304878045,7,2.0,7.190322580645161,0.0728982757198251,1.0,0.25,0.2161290322580645,REJECT
vol.expansion_trend,NQ,volatility,False,5530,-96983.4,-17.537685352622056,-312.84967741935486,-22.53768535262205,0.9207623619086636,0.3672694394213381,-96939.74000000003,48.469870000000014,-1.5017058989164362,-2.4768609971822797,-1.6655798696146629,9,3.0,17.838709677419356,0.3988779803646564,,,,REJECT
vol.contraction_revert,NQ,volatility,False,3349,-16134.219999999965,-4.817623171095841,-52.04587096774181,-9.81762317109584,0.9505042794777296,0.6688563750373245,-21197.519999999997,10.598759999999999,-0.7557915015148516,-0.974932066693074,-0.8382674073913496,6,2.0,10.803225806451612,0.1030360531309297,,,,REJECT
vol.vol_of_vol_shock,NQ,volatility,False,1164,-30304.920000000027,-26.03515463917524,-97.757806451613,-31.035154639175243,0.8898204677863356,0.345360824742268,-55839.16000000002,27.91958000000001,-1.0244671739650584,-1.0542382293976178,-1.1362623688622633,5,4.0,3.7548387096774194,0.0981024667931688,,,,REJECT
volume.heavy_continuation.q80,NQ,volume,False,8339,-155501.42000000007,-18.64749010672741,-501.617483870968,-23.64749010672741,0.8068862037112631,0.4271495383139465,-156548.1,78.27405,-4.736246013981805,-7.759383651179528,-5.2530898520961,9,1.0,26.9,0.1349888623050903,,,,REJECT
volume.heavy_continuation.q90,NQ,volume,False,4418,-82890.03999999998,-18.76189225894069,-267.3872258064516,-23.761892258940687,0.8199525182285768,0.4339067451335446,-84524.84,42.26242,-3.308869028370426,-5.515260737427711,-3.66995005401646,13,1.0,14.251612903225809,0.0665291642603745,,,,REJECT
volume.climax_reversion,NQ,volume,False,1044,-12536.319999999989,-12.007969348658996,-40.43974193548384,-17.007969348658996,0.9175133136009024,0.603448275862069,-22154.82000000001,11.077410000000006,-0.67842177209115,-0.6631738587042817,-0.7524546900419442,6,2.0,3.367741935483871,0.0353848692352116,,,,REJECT
added.donchian_breakout,NQ,added,True,515,-39541.70000000001,-76.78,-127.55387096774196,-81.78,0.6755965395170255,0.0776699029126213,-51172.07999999998,25.58603999999999,-1.333937171881452,-1.77468190158495,-1.479503345108784,3,3.0,1.6612903225806452,0.0834914611005692,,,,REJECT
added.bollinger_revert.2sd,NQ,added,True,3841,13301.019999999986,3.462905493361112,42.90651612903221,-1.5370945066388877,1.0336633165208509,0.6605050768029159,-14784.079999999976,7.392039999999988,0.4999741582634455,0.5648631739732709,0.554533942985776,4,2.0,12.390322580645162,0.1043148255094464,1.0,0.235,0.3161290322580645,REJECT
added.vwap_trend,NQ,added,True,3570,-98339.6,-27.54610644257701,-317.2245161290323,-32.546106442577006,0.903083607531757,0.242296918767507,-98554.37999999996,49.27718999999998,-1.276904194957257,-1.6284179257236648,-1.4162466326342047,9,4.0,11.516129032258064,0.5561422324890686,,,,REJECT
trend.ret_15.q80,MES,trend,False,5607,-15996.790000000006,-2.853003388621365,-64.24413654618476,-4.103003388621365,0.6781179725089781,0.2207954342785803,-15895.070000000014,7.947535000000007,-7.355935129911068,-11.482228465644416,-7.312018706784807,17,3.0,22.518072289156628,0.3340728643474152,,,,REJECT
trend.ret_15.q90,MES,trend,False,4162,-12033.89,-2.891371936568956,-48.32887550200803,-4.141371936568956,0.6377793510068764,0.2294569918308505,-11910.829999999993,5.955414999999996,-7.695700863507417,-11.859457486877313,-7.649755970110972,17,2.0,16.714859437751002,0.1713144136648897,,,,REJECT
trend.ret_30.q80,MES,trend,False,5602,-15878.190000000006,-2.8343787932881104,-63.76783132530123,-4.084378793288111,0.6809812191442732,0.2158157800785433,-15776.440000000006,7.888220000000003,-7.384476656825072,-11.432882746186872,-7.340389835000277,17,3.0,22.497991967871485,0.3395988044248605,,,,REJECT
trend.ret_30.q90,MES,trend,False,4159,-12035.23,-2.8937797547487367,-48.33425702811245,-4.143779754748737,0.6382406719126527,0.2274585236835777,-11912.169999999993,5.956084999999996,-7.691068758208559,-11.878266122393184,-7.645151519419267,20,2.0,16.70281124497992,0.1715814665310859,,,,REJECT
trend.ret_60.q80,MES,trend,False,5436,-16130.670000000006,-2.967378587196467,-64.78180722891568,-4.217378587196468,0.6679504832426941,0.220382634289919,-15996.480000000016,7.998240000000008,-7.40790498101121,-11.348683954911996,-7.363678287344165,22,3.0,21.83132530120482,0.3257325979108249,,,,REJECT
trend.ret_60.q90,MES,trend,False,4093,-12080.96,-2.9516149523576827,-48.51791164658635,-4.201614952357683,0.6313039571858275,0.2301490349376985,-11965.369999999988,5.982684999999994,-7.846802581061979,-11.90416282676627,-7.799955579796713,17,2.0,16.437751004016064,0.1674318758409597,,,,REJECT
trend.ma_agree.30_120,MES,trend,False,5380,-18929.850000000017,-3.5185594795539026,-76.02349397590368,-4.768559479553902,0.6581455195579151,0.1960966542750929,-18852.95,9.426475,-7.257849554257665,-10.111510932888754,-7.214518721891369,11,4.0,21.606425702811244,0.5131831674524184,,,,REJECT
trend.multi_horizon_agree,MES,trend,False,6876,-20843.72000000001,-3.031372891215822,-83.70971887550206,-4.281372891215822,0.6769467805913143,0.2716695753344968,-20667.09000000002,10.33354500000001,-7.9017774224364095,-11.981355028518289,-7.854602210229575,13,3.0,27.6144578313253,0.4822563912940765,,,,REJECT
trend.accel_confirm,MES,trend,False,8656,-28379.07000000002,-3.278543207024029,-113.97216867469888,-4.528543207024029,0.6422457567292275,0.323590573012939,-28282.65000000002,14.141325000000009,-11.256267484388758,-14.195223284685424,-11.189065286852143,15,2.0,34.76305220883534,0.4280241169280703,,,,REJECT
breakout.opening_range.q90,MES,breakout,False,780,-3254.0999999999995,-4.171923076923077,-13.068674698795178,-5.421923076923077,0.7061819088018113,0.1012820512820512,-3868.909999999999,1.9344549999999994,-1.891047782223559,-3.2138437073820074,-1.87975784381472,7,4.0,3.132530120481928,0.2115161412915087,,,,REJECT
breakout.opening_range.q95,MES,breakout,False,496,-2877.6200000000003,-5.801653225806453,-11.556706827309238,-7.051653225806452,0.6085589721615755,0.0826612903225806,-3500.1599999999994,1.7500799999999996,-1.930460668297393,-2.3188354314165265,-1.91893542697317,4,3.0,1.991967871485944,0.108259123450323,,,,REJECT
breakout.range_expansion.q80,MES,breakout,False,2372,-6823.840000000002,-2.8768296795952777,-27.404979919678723,-4.126829679595279,0.7188232162532561,0.3516020236087689,-6795.480000000001,3.3977400000000006,-3.950678755395303,-5.7458794995443645,-3.927092402770688,13,3.0,9.526104417670682,0.1352725479924814,,,,REJECT
breakout.range_expansion.q90,MES,breakout,False,1174,-2653.5299999999997,-2.2602470187393515,-10.656746987951804,-3.5102470187393524,0.7900105171610153,0.3679727427597956,-2655.5600000000004,1.3277800000000002,-2.1134319024309094,-2.903635121530298,-2.1008142857667425,10,3.0,4.714859437751004,0.0669789130948345,,,,REJECT
breakout.failed_reversal,MES,breakout,False,449,-1081.5299999999995,-2.4087527839643643,-4.3434939759036135,-3.658752783964364,0.5361843374889037,0.3919821826280623,-1081.5300000000002,0.540765,-4.334527020221769,-3.636238943594192,-4.308649015683878,3,1.0,1.8032128514056225,0.0046117975739274,,,,REJECT
breakout.compression_expansion,MES,breakout,False,3356,-8454.319999999998,-2.519165673420738,-33.9530923694779,-3.769165673420738,0.6740221613355717,0.2824791418355185,-8388.339999999998,4.194169999999999,-5.930475922318543,-8.572435512509497,-5.895069779476743,9,3.0,13.477911646586346,0.2148029457985394,,,,REJECT
revert.z_60.q90,MES,reversion,False,4164,-8496.33,-2.040425072046109,-34.121807228915664,-3.290425072046109,0.690723822295413,0.6030259365994236,-8588.430000000004,4.294215000000002,-5.870276696313551,-7.225383346196871,-5.835229955048086,14,2.0,16.72289156626506,0.1717458067564375,,,,REJECT
revert.z_60.q95,MES,reversion,False,2612,-5135.389999999998,-1.966075803981622,-20.62405622489959,-3.216075803981622,0.6847376737801473,0.5758039816232772,-5192.129999999991,2.5960649999999954,-4.845241099407838,-5.568326445474377,-4.816314028340408,11,2.0,10.48995983935743,0.0843065356053369,,,,REJECT
revert.vwap.q90,MES,reversion,False,1282,-1495.290000000001,-1.1663728549141965,-6.005180722891571,-2.4163728549141967,0.8900735445472352,0.7761310452418096,-2061.7400000000025,1.0308700000000013,-0.7487455081543334,-0.5248722061208874,-0.7442753457658307,5,3.0,5.14859437751004,0.1873581281648332,,,,REJECT
revert.vwap.q95,MES,reversion,False,648,-556.8100000000015,-0.8592746913580253,-2.2361847389558296,-2.109274691358025,0.9268589037964908,0.7592592592592593,-1391.8500000000006,0.6959250000000003,-0.3419317117474419,-0.1847062411280633,-0.3398903101488433,4,3.0,2.602409638554217,0.0893497262708121,,,,REJECT
revert.z_calm_only,MES,reversion,False,1381,-3416.069999999999,-2.4736205648081087,-13.71915662650602,-3.7236205648081087,0.5918312969127499,0.559739319333816,-3403.800000000002,1.701900000000001,-5.544172243982126,-6.466709574673107,-5.511072412369753,9,2.0,5.546184738955823,0.0382193736583161,,,,REJECT
session.late_day_continuation,MES,session,False,2297,-6742.339999999998,-2.93528080104484,-27.07767068273092,-4.185280801044841,0.6966002673850934,0.2581628210709621,-6752.139999999997,3.376069999999998,-4.570473214385887,-6.82170529884842,-4.543186563263307,10,3.0,9.224899598393574,0.2259678098583592,,,,REJECT
session.late_day_fade,MES,session,False,2297,-4604.839999999997,-2.0047191989551583,-18.49333333333332,-3.254719198955158,0.7609432608576023,0.5833696125380932,-4743.759999999999,2.3718799999999995,-3.609854220498167,-4.989419154398514,-3.588302659402028,6,3.0,9.224899598393574,0.2259678098583592,,,,REJECT
session.opening_drive,MES,session,False,2327,-5838.940000000002,-2.509213579716372,-23.449558232931736,-3.7592135797163726,0.820739589572641,0.3180060163300386,-5864.349999999998,2.9321749999999986,-2.592407918938724,-3.321019519009817,-2.576930718409719,8,4.0,9.345381526104418,0.1871013465627214,,,,REJECT
session.midday_reversion,MES,session,False,1812,-2040.6399999999985,-1.1261810154525378,-8.195341365461841,-2.376181015452538,0.8060005000575163,0.6098233995584988,-2100.7399999999966,1.0503699999999982,-2.3491539030888635,-2.843673869700996,-2.335128978320664,8,2.0,7.27710843373494,0.0722788853624215,,,,REJECT
vol.expansion_trend,MES,volatility,False,4707,-14983.790000000012,-3.1832993414064155,-60.17586345381531,-4.433299341406415,0.7455929351811496,0.3407690673465052,-14923.840000000007,7.461920000000004,-6.005340872009588,-8.974109636020685,-5.969487770249596,18,3.0,18.903614457831324,0.4130178001006584,,,,REJECT
vol.contraction_revert,MES,volatility,False,2651,-4051.7199999999975,-1.528374198415691,-16.271967871485934,-2.7783741984156918,0.7192707741511719,0.5956242927197284,-4113.79,2.056895,-4.418682217261988,-5.749690750228696,-4.392301789146915,9,2.0,10.646586345381523,0.0970737168623342,,,,REJECT
vol.vol_of_vol_shock,MES,volatility,False,636,-2720.920000000001,-4.278176100628929,-10.927389558232935,-5.528176100628929,0.7227890220817618,0.2971698113207547,-3134.6000000000013,1.5673000000000006,-2.333524454795344,-1.6842067321929453,-2.3195928410001705,3,4.0,2.5542168674698797,0.0675027475631425,,,,REJECT
volume.heavy_continuation.q80,MES,volume,False,6786,-18592.67,-2.739857058650161,-74.66935742971887,-3.9898570586501614,0.5557983169586852,0.3743000294724433,-18461.46,9.23073,-11.277085888938135,-16.628578163327752,-11.209759401308302,25,1.0,27.25301204819277,0.1350979365030454,,,,REJECT
volume.heavy_continuation.q90,MES,volume,False,3812,-10824.389999999996,-2.8395566631689397,-43.47144578313252,-4.089556663168939,0.5553576974076612,0.3685729275970619,-10715.319999999996,5.357659999999998,-9.68174611911906,-13.176058954083375,-9.62394413315002,27,1.0,15.309236947791163,0.0682217360490555,,,,REJECT
volume.climax_reversion,MES,volume,False,949,-2279.029999999999,-2.4015068493150675,-9.152730923694774,-3.651506849315068,0.7184724831783655,0.5690200210748156,-2381.390000000002,1.1906950000000012,-2.876164296460951,-3.01029715365798,-2.858993012865693,6,2.0,3.811244979919679,0.0404585092287307,,,,REJECT
added.donchian_breakout,MES,added,True,496,-2877.6200000000003,-5.801653225806453,-11.556706827309238,-7.051653225806452,0.6085589721615755,0.0826612903225806,-3500.1599999999994,1.7500799999999996,-1.930460668297393,-2.3188354314165265,-1.91893542697317,4,3.0,1.991967871485944,0.108259123450323,,,,REJECT
added.bollinger_revert.2sd,MES,added,True,3099,-5687.029999999997,-1.8351177799290084,-22.839477911646576,-3.0851177799290084,0.7122172664680992,0.5863181671506937,-5709.599999999999,2.8547999999999996,-4.740975441079721,-5.66421376457683,-4.712670857117982,10,2.0,12.44578313253012,0.1078790866791976,,,,REJECT
added.vwap_trend,MES,added,True,2624,-7693.780000000014,-2.932080792682927,-30.89871485943781,-4.182080792682928,0.8173005683933767,0.2591463414634146,-8491.91000000001,4.245955000000006,-2.4886860725899718,-3.303725975734073,-2.4738281124989587,11,4.0,10.538152610441768,0.4351010178822708,,,,REJECT
trend.ret_15.q80,MNQ,trend,False,5560,-9230.20000000003,-1.6601079136690648,-37.069076305221,-2.160107913669065,0.8918107303144921,0.2464028776978417,-9251.600000000037,4.625800000000019,-2.082921513957716,-3.9634129444022927,-2.070486050494505,9,3.0,22.329317269076306,0.3388695446748631,,,,REJECT
trend.ret_15.q90,MNQ,trend,False,4037,-8117.64000000001,-2.010810007431261,-32.600963855421725,-2.510810007431261,0.8502248387603868,0.2823879118157047,-8244.940000000008,4.122470000000004,-2.8436708901232404,-5.017548141043681,-2.826693598747372,12,2.0,16.21285140562249,0.1713144136648897,,,,REJECT
trend.ret_30.q80,MNQ,trend,False,5511,-8911.420000000031,-1.6170241335510798,-35.78883534136558,-2.11702413355108,0.8956438055672591,0.2409726002540373,-9433.34000000002,4.71667000000001,-2.000228241015732,-3.654634603702584,-1.9882864731466336,10,3.0,22.132530120481928,0.3435840548896353,,,,REJECT
trend.ret_30.q90,MNQ,trend,False,4033,-8059.760000000011,-1.998452764691297,-32.368514056224946,-2.498452764691297,0.8515685946626456,0.2814282172080337,-8305.50000000001,4.152750000000005,-2.801486823427228,-4.962424335642902,-2.7847613794765325,12,2.0,16.196787148594378,0.1714684826261568,,,,REJECT
trend.ret_60.q80,MNQ,trend,False,5310,-8979.20000000003,-1.6909981167608288,-36.06104417670695,-2.190998116760829,0.8902159783483683,0.247834274952919,-9495.140000000029,4.747570000000014,-2.0142491880519637,-3.6241296542465142,-2.002223712288246,12,3.0,21.32530120481928,0.3296973058474306,,,,REJECT
trend.ret_60.q90,MNQ,trend,False,3965,-8492.30000000001,-2.141815889029004,-34.10562248995988,-2.641815889029004,0.8409492812442526,0.2804539722572509,-8927.360000000011,4.463680000000005,-2.912875199141669,-5.182761472926592,-2.8954847440193374,12,2.0,15.923694779116468,0.1677913700839162,,,,REJECT
trend.ma_agree.30_120,MNQ,trend,False,5317,-18172.74000000005,-3.4178559337972545,-72.98289156626525,-3.9178559337972554,0.811589295489607,0.2072597329321045,-18070.340000000066,9.035170000000033,-3.722202470862468,-5.585881910112046,-3.69998016794855,9,4.0,21.353413654618475,0.5112829835967913,,,,REJECT
trend.multi_horizon_agree,MNQ,trend,False,6782,-14971.04000000006,-2.20746682394574,-60.12465863453839,-2.70746682394574,0.8683927324078269,0.3090533765850781,-14866.840000000053,7.433420000000027,-2.8115475858646266,-4.919908745201789,-2.794762077123749,13,3.0,27.23694779116466,0.4860054026849084,,,,REJECT
trend.accel_confirm,MNQ,trend,False,8633,-22571.26000000008,-2.6145326074365807,-90.64763052208868,-3.1145326074365807,0.8404984649982573,0.3609405768562492,-22752.70000000006,11.376350000000029,-4.675983124143989,-6.972049959483496,-4.648066557482578,11,2.0,34.670682730923694,0.4349880339773416,,,,REJECT
breakout.opening_range.q90,MNQ,breakout,False,802,-7127.940000000008,-8.88770573566085,-28.626265060241,-9.38770573566085,0.6738384974480669,0.0760598503740648,-8227.680000000008,4.113840000000004,-2.0009071617159364,-3.101408986316254,-1.9889613405527,5,3.0,3.2208835341365463,0.187460840805678,,,,REJECT
breakout.opening_range.q95,MNQ,breakout,False,385,-2464.7000000000025,-6.401818181818186,-9.8983935742972,-6.901818181818186,0.776941344270722,0.0961038961038961,-4469.440000000003,2.2347200000000016,-0.9336147012723376,-1.2018940031719736,-0.9280408323442044,3,4.0,1.5461847389558232,0.0938793537320638,,,,REJECT
breakout.range_expansion.q80,MNQ,breakout,False,2383,-2867.260000000012,-1.203214435585397,-11.515100401606473,-1.703214435585397,0.9315777592280508,0.3898447335291649,-3678.4400000000046,1.8392200000000023,-0.8842991154083525,-1.3583378381432103,-0.8790196705197565,9,3.0,9.570281124497992,0.1380457892952885,,,,REJECT
breakout.range_expansion.q90,MNQ,breakout,False,1217,-1785.740000000004,-1.467329498767461,-7.171646586345397,-1.9673294987674608,0.9239833096509272,0.3952341824157765,-2677.640000000001,1.3388200000000003,-0.7059103045883552,-0.9439159155076872,-0.7016958770440676,11,3.0,4.887550200803213,0.0671946096406084,,,,REJECT
breakout.failed_reversal,MNQ,breakout,False,343,499.04000000000025,1.4549271137026252,2.00417670682731,0.9549271137026252,1.191553880286502,0.4868804664723032,-187.54000000000013,0.09377000000000006,1.1188581475342696,1.5090730047785206,1.1121783376994083,2,1.0,1.3775100401606426,0.0035230435809735,0.0,0.4425,0.0,RESEARCH
breakout.compression_expansion,MNQ,breakout,False,2797,-4263.840000000004,-1.524433321415803,-17.123855421686763,-2.0244333214158026,0.8962475940656454,0.3153378619949946,-4508.679999999997,2.2543399999999982,-1.550403467862553,-2.658909515137845,-1.5411472450290735,9,3.0,11.23293172690763,0.1781448042810628,,,,REJECT
revert.z_60.q90,MNQ,reversion,False,4040,-5877.800000000009,-1.4549009900990102,-23.60562248995988,-1.9549009900990104,0.8840227747715891,0.6381188118811881,-6474.280000000006,3.2371400000000032,-2.1034016104355686,-2.4879511023348853,-2.090843876646871,7,2.0,16.224899598393574,0.1716328228515083,,,,REJECT
revert.z_60.q95,MNQ,reversion,False,2594,-81.18000000000188,-0.0312952968388583,-0.3260240963855497,-0.5312952968388583,0.9971467414226504,0.6360832690824981,-1354.9200000000003,0.6774600000000002,-0.040729798336308,-0.0459283667095433,-0.0404866331878946,4,2.0,10.417670682730924,0.083022627594778,,,,REJECT
revert.vwap.q90,MNQ,reversion,False,1299,1493.219999999989,1.1495150115473416,5.996867469879475,0.6495150115473418,1.0529146615448948,0.8113933795227097,-3662.160000000004,1.831080000000002,0.3520995946805149,0.2582651809854704,0.3499974887606708,5,3.0,5.216867469879518,0.2101397919041896,0.999,0.3125,0.0200803212851405,REJECT
revert.vwap.q95,MNQ,reversion,False,755,2771.3999999999933,3.670728476821189,11.130120481927683,3.1707284768211896,1.17400203423032,0.8079470198675497,-1804.02,0.90201,0.7797850433989494,0.4611756421721598,0.7751295686960541,4,3.0,3.032128514056225,0.1024866730348504,0.9185,0.42,0.0160642570281124,WATCH
revert.z_calm_only,MNQ,reversion,False,1316,-663.5199999999992,-0.5041945288753791,-2.66473895582329,-1.0041945288753793,0.953211491785638,0.6139817629179332,-1403.9400000000005,0.7019700000000002,-0.527816644507537,-0.612958465259121,-0.5246654721978435,4,2.0,5.285140562248996,0.0367403116301523,,,,REJECT
session.late_day_continuation,MNQ,session,False,2182,-2172.5400000000063,-0.995664527956004,-8.72506024096388,-1.4956645279560044,0.9427545301478472,0.3056828597616865,-3645.4000000000015,1.8227000000000007,-0.7331986372111124,-1.1648009427390993,-0.7288212927921234,8,4.0,8.763052208835342,0.2293470557421501,,,,REJECT
session.late_day_fade,MNQ,session,False,2182,-5333.5400000000045,-2.444335472043997,-21.419839357429737,-2.944335472043997,0.8609677831389997,0.6127406049495875,-6001.020000000004,3.000510000000002,-1.8901788752277244,-2.481059684379515,-1.8788941243697015,8,4.0,8.763052208835342,0.2293470557421501,,,,REJECT
session.opening_drive,MNQ,session,False,2385,-6117.200000000021,-2.564863731656187,-24.567068273092453,-3.064863731656187,0.9139360995376588,0.3454926624737945,-6479.180000000015,3.2395900000000073,-1.1894620779744585,-1.5600817842055286,-1.182360748369666,8,4.0,9.578313253012048,0.1887755626084902,,,,REJECT
session.midday_reversion,MNQ,session,False,1797,359.65999999999974,0.2001446855870899,1.44441767068273,-0.29985531441291,1.018642999467135,0.656093489148581,-1387.199999999999,0.6935999999999994,0.2156953328783516,0.276218902012638,0.2144075880386061,6,2.0,7.216867469879518,0.0725767520208712,0.2025,0.26,0.0,REJECT
vol.expansion_trend,MNQ,volatility,False,4382,-8593.040000000045,-1.9609858512094955,-34.51020080321303,-2.460985851209495,0.91895172136952,0.3664993153811045,-8726.860000000039,4.36343000000002,-1.542223121151745,-2.622281093407269,-1.5330157366455657,9,3.0,17.598393574297187,0.3958031614950852,,,,REJECT
vol.contraction_revert,MNQ,volatility,False,2690,-1778.3000000000015,-0.6610780669144976,-7.141767068273099,-1.161078066914497,0.9362242976711088,0.6457249070631971,-2316.06,1.15803,-0.941693697434479,-1.2198523415567035,-0.9360715952623564,5,2.0,10.803212851405622,0.1039760063270986,,,,REJECT
vol.vol_of_vol_shock,MNQ,volatility,False,622,-936.3400000000048,-1.5053697749196178,-3.7604016064257215,-2.005369774919618,0.9461778910544034,0.3536977491961415,-3555.660000000003,1.7778300000000016,-0.442167345294493,-0.4000699815331434,-0.4395275166546769,5,5.0,2.497991967871486,0.0706662969011596,,,,REJECT
volume.heavy_continuation.q80,MNQ,volume,False,7052,-12622.940000000011,-1.7899801474758927,-50.69453815261049,-2.2899801474758923,0.8178457469528737,0.4201644923425978,-12535.00000000001,6.2675000000000045,-4.449955488218774,-7.413428350032615,-4.423388352339747,14,1.0,28.32128514056225,0.1357039410840292,,,,REJECT
volume.heavy_continuation.q90,MNQ,volume,False,3891,-7803.020000000002,-2.0054022102287328,-31.337429718875512,-2.5054022102287328,0.8002797049583641,0.4237985093806219,-7751.700000000005,3.8758500000000025,-3.799981992608715,-6.426587539436396,-3.777295330190908,10,1.0,15.626506024096386,0.0656950050842757,,,,REJECT
volume.climax_reversion,MNQ,volume,False,819,-2575.6800000000003,-3.144908424908427,-10.34409638554217,-3.644908424908427,0.8045893818764477,0.5873015873015873,-3003.0399999999963,1.5015199999999982,-1.6682840455955468,-1.6739385457911402,-1.658324051828982,5,3.0,3.289156626506024,0.0368738380632504,,,,REJECT
added.donchian_breakout,MNQ,added,True,385,-2464.7000000000025,-6.401818181818186,-9.8983935742972,-6.901818181818186,0.776941344270722,0.0961038961038961,-4469.440000000003,2.2347200000000016,-0.9336147012723376,-1.2018940031719736,-0.9280408323442044,3,4.0,1.5461847389558232,0.0938793537320638,,,,REJECT
added.bollinger_revert.2sd,MNQ,added,True,3058,352.2399999999959,0.1151863963374756,1.4146184738955658,-0.3848136036625243,1.0102870827370696,0.6484630477436233,-1563.160000000002,0.7815800000000009,0.1508493395457879,0.1744449341720183,0.1499487384248139,4,2.0,12.281124497991968,0.1045306545876601,,,,REJECT
added.vwap_trend,MNQ,added,True,2748,-9009.060000000023,-3.2784061135371223,-36.18096385542178,-3.7784061135371214,0.8971868012880263,0.257278020378457,-12187.880000000016,6.093940000000008,-1.3883434817009432,-1.832544418111268,-1.3800547898201458,8,4.0,11.036144578313252,0.4922811450405202,,,,REJECT
