symbol,strategy,variant,slip_ticks,net,trades,per_trade
ES,breakout.range_expansion.q90,ungated,0.0,-13259.560000000001,902,-14.700177383592019
ES,breakout.range_expansion.q90,ungated,1.0,-24534.560000000005,902,-27.200177383592024
ES,breakout.range_expansion.q90,gated,0.0,2089.4199999999983,436,4.792247706422014
ES,breakout.range_expansion.q90,gated,1.0,-3360.5800000000027,436,-7.707752293577988
ES,revert.vwap.q90,ungated,0.0,-2008.7000000000025,1540,-1.304350649350651
ES,revert.vwap.q90,ungated,1.0,-21258.700000000004,1540,-13.804350649350653
ES,revert.vwap.q90,gated,0.0,1268.8000000000025,1040,1.2200000000000024
ES,revert.vwap.q90,gated,1.0,-11731.199999999999,1040,-11.28
ES,revert.vwap.q95,ungated,0.0,7723.819999999994,956,8.079309623430957
ES,revert.vwap.q95,ungated,1.0,-4226.180000000004,956,-4.420690376569042
ES,revert.vwap.q95,gated,0.0,8385.359999999997,738,11.362276422764223
ES,revert.vwap.q95,gated,1.0,-839.6400000000023,738,-1.1377235772357754
NQ,breakout.range_expansion.q80,ungated,0.0,-10055.539999999999,1893,-5.311959852086635
NQ,breakout.range_expansion.q80,ungated,1.0,-19520.54,1893,-10.311959852086636
NQ,breakout.range_expansion.q80,gated,0.0,14343.300000000003,1265,11.338577075098817
NQ,breakout.range_expansion.q80,gated,1.0,8018.300000000001,1265,6.338577075098815
NQ,breakout.range_expansion.q90,ungated,0.0,-7810.1800000000085,881,-8.865130533484686
NQ,breakout.range_expansion.q90,ungated,1.0,-12215.180000000008,881,-13.865130533484685
NQ,breakout.range_expansion.q90,gated,0.0,7070.039999999999,582,12.14783505154639
NQ,breakout.range_expansion.q90,gated,1.0,4160.039999999997,582,7.147835051546387
NQ,breakout.failed_reversal,ungated,0.0,437.6999999999998,285,1.53578947368421
NQ,breakout.failed_reversal,ungated,1.0,-987.3000000000006,285,-3.464210526315792
NQ,breakout.failed_reversal,gated,0.0,1052.7800000000007,199,5.290351758793973
NQ,breakout.failed_reversal,gated,1.0,57.77999999999929,199,0.2903517587939663
NQ,breakout.compression_expansion,ungated,0.0,-824.4199999999928,1689,-0.488111308466544
NQ,breakout.compression_expansion,ungated,1.0,-9269.42,1689,-5.488111308466548
NQ,breakout.compression_expansion,gated,0.0,12135.699999999993,685,17.716350364963493
NQ,breakout.compression_expansion,gated,1.0,8710.699999999993,685,12.716350364963494
NQ,revert.z_60.q95,ungated,0.0,9830.2,2160,4.551018518518519
NQ,revert.z_60.q95,ungated,1.0,-969.8000000000038,2160,-0.44898148148148326
NQ,revert.z_60.q95,gated,0.0,-2106.4199999999983,1339,-1.57312920089619
NQ,revert.z_60.q95,gated,1.0,-8801.420000000006,1339,-6.5731292008961955
NQ,revert.vwap.q90,ungated,0.0,42547.51999999999,1666,25.538727490996393
NQ,revert.vwap.q90,ungated,1.0,34217.51999999999,1666,20.538727490996393
NQ,revert.vwap.q90,gated,0.0,15848.899999999998,1245,12.730040160642568
NQ,revert.vwap.q90,gated,1.0,9623.899999999998,1245,7.730040160642568
NQ,revert.vwap.q95,ungated,0.0,10900.619999999999,1021,10.6764152791381
NQ,revert.vwap.q95,ungated,1.0,5795.620000000001,1021,5.676415279138101
NQ,revert.vwap.q95,gated,0.0,2663.8399999999992,872,3.0548623853211
NQ,revert.vwap.q95,gated,1.0,-1696.1600000000035,872,-1.945137614678903
NQ,revert.z_calm_only,ungated,0.0,2210.6600000000008,1103,2.004224841341796
NQ,revert.z_calm_only,ungated,1.0,-3304.340000000003,1103,-2.9957751586582075
NQ,revert.z_calm_only,gated,0.0,1536.6800000000003,694,2.2142363112391936
NQ,revert.z_calm_only,gated,1.0,-1933.3200000000006,694,-2.7857636887608077
NQ,session.midday_reversion,ungated,0.0,18203.54,1507,12.079323158593231
NQ,session.midday_reversion,ungated,1.0,10668.539999999997,1507,7.07932315859323
NQ,session.midday_reversion,gated,0.0,15215.100000000006,955,15.93204188481676
NQ,session.midday_reversion,gated,1.0,10440.100000000002,955,10.932041884816757
NQ,vol.vol_of_vol_shock,ungated,0.0,-13684.06,927,-14.761661272923408
NQ,vol.vol_of_vol_shock,ungated,1.0,-18319.059999999998,927,-19.761661272923405
NQ,vol.vol_of_vol_shock,gated,0.0,234.75999999999658,758,0.309709762532977
NQ,vol.vol_of_vol_shock,gated,1.0,-3555.2400000000034,758,-4.690290237467023
MES,revert.vwap.q90,ungated,0.0,-508.2200000000001,851,-0.5972032902467687
MES,revert.vwap.q90,ungated,1.0,-1571.97,851,-1.8472032902467685
MES,revert.vwap.q90,gated,0.0,205.16000000000014,547,0.37506398537477176
MES,revert.vwap.q90,gated,1.0,-478.58999999999986,547,-0.8749360146252283
MES,revert.vwap.q95,ungated,0.0,-44.59999999999991,430,-0.10372093023255793
MES,revert.vwap.q95,ungated,1.0,-582.0999999999999,430,-1.353720930232558
MES,revert.vwap.q95,gated,0.0,494.3600000000002,312,1.58448717948718
MES,revert.vwap.q95,gated,1.0,104.36000000000016,312,0.33448717948718
MNQ,breakout.range_expansion.q80,ungated,0.0,-1851.3999999999999,1420,-1.3038028169014084
MNQ,breakout.range_expansion.q80,ungated,1.0,-2561.3999999999996,1420,-1.8038028169014082
MNQ,breakout.range_expansion.q80,gated,0.0,1339.9199999999998,789,1.698250950570342
MNQ,breakout.range_expansion.q80,gated,1.0,945.42,789,1.1982509505703423
MNQ,breakout.failed_reversal,ungated,0.0,369.96000000000004,207,1.7872463768115945
MNQ,breakout.failed_reversal,ungated,1.0,266.46000000000015,207,1.287246376811595
MNQ,breakout.failed_reversal,gated,0.0,219.70000000000005,115,1.910434782608696
MNQ,breakout.failed_reversal,gated,1.0,162.20000000000007,115,1.4104347826086963
MNQ,breakout.compression_expansion,ungated,0.0,-1232.74,1217,-1.0129334428923582
MNQ,breakout.compression_expansion,ungated,1.0,-1841.24,1217,-1.5129334428923582
MNQ,breakout.compression_expansion,gated,0.0,8.899999999999551,405,0.0219753086419742
MNQ,breakout.compression_expansion,gated,1.0,-193.60000000000034,405,-0.4780246913580255
MNQ,revert.z_60.q95,ungated,0.0,847.9200000000003,1539,0.550955165692008
MNQ,revert.z_60.q95,ungated,1.0,78.42000000000043,1539,0.05095516569200807
MNQ,revert.z_60.q95,gated,0.0,245.90000000000038,830,0.29626506024096433
MNQ,revert.z_60.q95,gated,1.0,-169.09999999999974,830,-0.20373493975903584
MNQ,revert.vwap.q90,ungated,0.0,2404.2599999999998,917,2.6218756815703377
MNQ,revert.vwap.q90,ungated,1.0,1945.7600000000002,917,2.121875681570338
MNQ,revert.vwap.q90,gated,0.0,736.9200000000002,664,1.109819277108434
MNQ,revert.vwap.q90,gated,1.0,404.9200000000002,664,0.609819277108434
MNQ,revert.vwap.q95,ungated,0.0,2184.7399999999993,508,4.300669291338582
MNQ,revert.vwap.q95,ungated,1.0,1930.7399999999998,508,3.8006692913385822
MNQ,revert.vwap.q95,gated,0.0,2281.3999999999996,430,5.305581395348836
MNQ,revert.vwap.q95,gated,1.0,2066.3999999999996,430,4.805581395348836
MNQ,revert.z_calm_only,ungated,0.0,445.4200000000004,789,0.5645373891001273
MNQ,revert.z_calm_only,ungated,1.0,50.92000000000062,789,0.06453738910012753
MNQ,revert.z_calm_only,gated,0.0,302.0600000000003,427,0.7074004683840757
MNQ,revert.z_calm_only,gated,1.0,88.56000000000054,427,0.20740046838407622
MNQ,session.midday_reversion,ungated,0.0,912.2200000000003,1074,0.8493668528864062
MNQ,session.midday_reversion,ungated,1.0,375.2200000000007,1074,0.3493668528864066
MNQ,session.midday_reversion,gated,0.0,1063.0800000000002,586,1.8141296928327648
MNQ,session.midday_reversion,gated,1.0,770.0800000000003,586,1.314129692832765
MNQ,volume.heavy_continuation.q90,ungated,0.0,-3303.9799999999996,2234,-1.4789525514771709
MNQ,volume.heavy_continuation.q90,ungated,1.0,-4420.98,2234,-1.9789525514771709
MNQ,volume.heavy_continuation.q90,gated,0.0,615.2800000000002,1176,0.5231972789115648
MNQ,volume.heavy_continuation.q90,gated,1.0,27.280000000000314,1176,0.02319727891156489
