variant,symbol,anchor,sigma,hold,tr_trades,tr_sessions,tr_bps_per_trade,tr_bps_per_day,tr_win_rate,tr_profit_factor,tr_sharpe,tr_t_stat,tr_max_dd_bps,tr_trades_per_day,tr_median_bars,tr_pct_reversion,tr_mfe_mae,va_trades,va_sessions,va_bps_per_trade,va_bps_per_day,va_win_rate,va_profit_factor,va_sharpe,va_t_stat,va_max_dd_bps,va_trades_per_day,va_median_bars,va_pct_reversion,va_mfe_mae
vwap.1.5sd.30m,SPY,vwap,1.5,30,12231,1496,-0.7533911909998277,-6.15957731090835,0.4988144877769602,0.8785693705268235,-1.9643897648471813,-4.786225860855029,-9577.853647075139,8.175802139037433,30.0,0.22107758973101135,0.848633320895833,4094,498,-1.2279307750903634,-10.094675889999897,0.48583292623351243,0.8608836657735909,-2.476324602402765,-3.481143878528232,-5177.5375749245295,8.220883534136545,30.0,0.21617000488519786,0.8440055334505552
vwap.1.5sd.30m,QQQ,vwap,1.5,30,12065,1492,-0.8737933841220662,-7.06589623286376,0.5036054703688355,0.8917971870700988,-1.8117104486055218,-4.408318150294738,-10842.28738805552,8.086461126005362,30.0,0.1992540406133444,0.8483971465918784,4073,498,-1.4306228945831903,-11.700656726179385,0.48514608396759146,0.8772565976439406,-2.1323919159289733,-2.997653481113331,-6000.6752078366435,8.17871485943775,30.0,0.19813405352320157,0.8573209792331267
vwap.1.5sd.30m,IWM,vwap,1.5,30,12079,1494,-0.48024073106462456,-3.882749525120214,0.5076579187018793,0.946503421776202,-0.929905747646233,-2.264195695400095,-7230.087332997952,8.085006693440429,30.0,0.20349366669426278,0.864416774412747,4015,498,-1.0440664163415216,-8.417523416889981,0.49613947696139477,0.9064574975869257,-1.6301358118217908,-2.2915967062585048,-4419.651829131421,8.062248995983936,30.0,0.19227895392278954,0.863165233561026
vwap.1.5sd.30m,DIA,vwap,1.5,30,11692,1427,-0.6243824521573891,-5.115823146898524,0.5082962709544988,0.8997975036455486,-1.5791406041378808,-3.7577900900693653,-7545.2833933999555,8.193412754029433,30.0,0.20287375983578515,0.8568869448114378,4107,498,-1.0058626752148911,-8.295337363669796,0.49233016800584367,0.8696437850923376,-2.313792388049125,-3.25266089915153,-4366.144480759972,8.24698795180723,30.0,0.2057462868273679,0.8608341187739433
vwap.1.5sd.60m,SPY,vwap,1.5,60,7779,1496,-0.833691950233912,-4.335086685073263,0.564854094356601,0.8978645804096352,-1.258314950822973,-3.065878099399464,-6751.672658362867,5.199866310160428,60.0,0.40930710888288985,0.7220568156971108,2592,498,-1.7448541895661482,-9.081650721597299,0.5354938271604939,0.8563009999815145,-2.1606096133572397,-3.037321085503022,-4674.843554206155,5.204819277108434,60.0,0.40316358024691357,0.723656300988914
vwap.1.5sd.60m,QQQ,vwap,1.5,60,7574,1492,-1.121739339684215,-5.694406004536357,0.5471349353049908,0.8932190793192828,-1.4290915444064967,-3.4773162557454693,-8985.445332664898,5.076407506702413,60.0,0.378003696857671,0.7329012633986214,2544,498,-2.2550120294244853,-11.51957952380701,0.5192610062893082,0.8600125319406347,-1.9954527233428505,-2.8051484147180634,-5914.238839839506,5.108433734939759,60.0,0.37342767295597484,0.7255611282607547
vwap.1.5sd.60m,IWM,vwap,1.5,60,7613,1494,-0.681551781633277,-3.4729944535302124,0.5593064494942861,0.9430703883607547,-0.7863170228717905,-1.9145764212261218,-5914.153411949547,5.095716198125837,60.0,0.3852620517535794,0.7375614781641775,2523,498,-1.4099203349907063,-7.1430301308866495,0.5370590566785572,0.9073010832025525,-1.317960747770938,-1.8527502350829002,-3773.9344805633514,5.066265060240964,60.0,0.36504161712247324,0.7613680091507447
vwap.1.5sd.60m,DIA,vwap,1.5,60,7360,1427,-0.7650757414250543,-3.9460108317367903,0.5567934782608696,0.9068765642138208,-1.134376571480254,-2.6994106968977443,-5920.068191511528,5.157673440784864,60.0,0.3830163043478261,0.7333909100697886,2575,498,-1.4024314224748398,-7.251527937495407,0.545242718446602,0.8690286670508056,-1.9174843623970665,-2.6955427991368346,-3851.5725231162064,5.170682730923695,60.0,0.3829126213592233,0.7418901755062186
vwap.2sd.30m,SPY,vwap,2.0,30,10472,1496,-0.8626899605261941,-6.038829723683358,0.4872994652406417,0.861985868091546,-2.060867977574225,-5.0212945447926955,-9293.548610155938,7.0,30.0,0.16539343009931246,0.8569163050573497,3513,498,-1.7024806844251572,-12.009667960613612,0.46171363506974095,0.8128404450723331,-3.1943355102846716,-4.490502374689982,-6039.994692876886,7.054216867469879,30.0,0.15542271562766866,0.8459164195386921
vwap.2sd.30m,QQQ,vwap,2.0,30,10388,1492,-1.050904078943804,-7.316884431681123,0.4896996534462842,0.8694736230215946,-2.084181010434938,-5.071303189685628,-11264.314316590135,6.962466487935657,30.0,0.14651520985752792,0.8538465461822893,3531,498,-1.49733124437827,-10.616619726706167,0.47380345511186633,0.8721161649377905,-2.0496491358997866,-2.8813361284078227,-5490.492798913687,7.090361445783133,30.0,0.15066553384310394,0.8883479018912805
vwap.2sd.30m,IWM,vwap,2.0,30,10366,1494,-0.6254533501182986,-4.339658251222412,0.4939224387420413,0.9309800916528596,-1.1036487708493687,-2.6872366393216462,-7283.855284311863,6.938420348058902,30.0,0.14904495465946363,0.8833369956635213,3466,498,-1.5032374261117794,-10.462291001814112,0.4809578765147144,0.8659248179795511,-2.2450780986220584,-3.1560643835839213,-5352.320811059224,6.959839357429719,30.0,0.14079630698211196,0.8752354580101539
vwap.2sd.30m,DIA,vwap,2.0,30,10178,1427,-0.5789165030776062,-4.1290905173958485,0.49675771271369623,0.907084473879163,-1.4038091990598747,-3.3405640275175967,-6240.541449102467,7.132445690259285,30.0,0.156317547651798,0.8904870350041865,3544,498,-1.1248342548422479,-8.004844576628367,0.4873024830699774,0.85559380162481,-2.4134030635788997,-3.3926906404140764,-4032.595808141844,7.116465863453815,30.0,0.15265237020316028,0.885559641652569
vwap.2sd.60m,SPY,vwap,2.0,60,6635,1496,-0.9090339921680112,-4.031711589595424,0.53353428786737,0.8918270415851668,-1.3116279441675944,-3.195774941681917,-6351.747565498054,4.435160427807487,60.0,0.34905802562170307,0.7495953662446067,2200,498,-2.614520246940847,-11.550089444316994,0.5,0.7964906088050806,-2.964371454690733,-4.167225707472926,-5821.427163998733,4.417670682730924,60.0,0.3290909090909091,0.7263961935643406
vwap.2sd.60m,QQQ,vwap,2.0,60,6481,1492,-1.3460844742975464,-5.847167210403751,0.5222959419842617,0.8756650007296707,-1.5465821430094093,-3.7631985493033993,-9064.74077907454,4.343833780160858,60.0,0.3135318623669187,0.7551047517614211,2196,498,-1.979377790561943,-8.728340618622541,0.4949908925318761,0.8760961881203013,-1.5898592937524243,-2.2349771685009894,-4611.89923635518,4.409638554216867,60.0,0.31375227686703094,0.7868565523565021
vwap.2sd.60m,IWM,vwap,2.0,60,6485,1494,-0.7077856844928744,-3.0722825729158565,0.5315343099460293,0.9426491161609591,-0.7350038998919931,-1.789635853364837,-5240.327330794801,4.340696117804551,60.0,0.32012336160370086,0.7794972161908507,2140,498,-2.311573488529676,-9.933267601312261,0.49906542056074765,0.8542204038013058,-1.9871799657177838,-2.7935188167497254,-5056.536543152703,4.2971887550200805,60.0,0.2957943925233645,0.7685362234963076
vwap.2sd.60m,DIA,vwap,2.0,60,6348,1427,-0.7761006116977467,-3.4524784043849315,0.5346565847511027,0.9081256072142752,-1.0923792173517783,-2.599472008259389,-5183.240100867253,4.448493342676945,60.0,0.32608695652173914,0.7689044234853863,2212,498,-1.5996413951611828,-7.105234470073366,0.5081374321880651,0.8554396670448181,-2.003752761495281,-2.816816362844835,-3824.7018070817894,4.4417670682730925,60.0,0.32007233273056057,0.7748415118749774
vwap.2.5sd.30m,SPY,vwap,2.5,30,8885,1496,-0.8508279679166993,-5.053212897687081,0.4811480022509848,0.8622960815953884,-1.8573598534422808,-4.52544801573578,-7780.132078498626,5.939171122994653,30.0,0.1280810354530107,0.8797401483333717,3052,498,-1.3336151009080481,-8.173078891508759,0.47182175622542594,0.8496519968979793,-2.2588306203791553,-3.175397271882407,-4116.495683374117,6.128514056224899,30.0,0.13237221494102228,0.881000664211283
vwap.2.5sd.30m,QQQ,vwap,2.5,30,8922,1491,-0.8703622283924094,-5.2081635155714805,0.49069715310468504,0.8908217456333557,-1.5326273361480252,-3.727993262210935,-8418.777175733107,5.983903420523139,30.0,0.11331540013449899,0.8780007499338525,3042,498,-1.6303004814255202,-9.958582458828179,0.46679815910585143,0.8585709538352987,-2.0676180641774704,-2.9065963162753086,-4930.002952747503,6.108433734939759,30.0,0.11406969099276791,0.8944545410319487
vwap.2.5sd.30m,IWM,vwap,2.5,30,8880,1493,-0.5553828861671599,-3.303282002119478,0.4894144144144144,0.9380629236010452,-0.9047542988607544,-2.202217902201163,-6188.1202687789255,5.9477561955793705,30.0,0.11463963963963963,0.8990215851597155,3002,498,-1.3493432855267125,-8.133993058536527,0.4810126582278481,0.8790475453319069,-1.8612424513183292,-2.6164795841291957,-4181.211683324928,6.028112449799197,30.0,0.11359093937375084,0.896224405240816
vwap.2.5sd.30m,DIA,vwap,2.5,30,8703,1427,-0.6992051081024564,-4.264318189078962,0.49235895668160407,0.8881535180042354,-1.5490752031856259,-3.6862451842792785,-6310.913683968403,6.098808689558514,30.0,0.11984373204642078,0.8961828113369312,3020,498,-1.4569713880962651,-8.835448980021527,0.47152317880794703,0.8200059382877115,-2.7355512858696422,-3.845557082445964,-4540.841968071054,6.06425702811245,30.0,0.11456953642384106,0.8771278232833822
vwap.2.5sd.60m,SPY,vwap,2.5,60,5649,1496,-1.0247770099275932,-3.869629230669101,0.5133651973800673,0.878009334373912,-1.3198476895907711,-3.215802310393601,-6099.850132708168,3.7760695187165774,60.0,0.29668967958930786,0.7756888713045031,1921,498,-2.5959250960352693,-10.01359861342119,0.491410723581468,0.7981198694143936,-2.6453639729969978,-3.718774425671934,-5070.894657444289,3.857429718875502,60.0,0.28735033836543467,0.7585233989983923
vwap.2.5sd.60m,QQQ,vwap,2.5,60,5566,1491,-1.2142663400072964,-4.532935243783106,0.5053898670499462,0.8889560835330735,-1.2510737121590596,-3.0431366187035933,-7307.473874603209,3.733065057008719,60.0,0.26841537908731583,0.7839247050871688,1896,498,-2.6697279534247933,-10.164265461231743,0.4868143459915612,0.8363137556616991,-2.012287819242568,-2.828814694566381,-5083.535712904012,3.8072289156626504,60.0,0.26371308016877637,0.7974927673422153
vwap.2.5sd.60m,IWM,vwap,2.5,60,5541,1493,-0.7406129044747575,-2.748651107632038,0.5145280635264393,0.9395241230553509,-0.7162134218998196,-1.7432998345413604,-5269.613138045028,3.711319490957803,60.0,0.265114600252662,0.7916389219219213,1862,498,-2.054067309790242,-7.680066929376368,0.48281417830290013,0.8693024639676342,-1.6246195620507573,-2.2838421254962595,-3985.97557334743,3.7389558232931726,60.0,0.25241675617615467,0.8041718612076741
vwap.2.5sd.60m,DIA,vwap,2.5,60,5442,1427,-0.77322918002921,-2.948782899592825,0.5262771040058802,0.9091398645027495,-0.9926370058215344,-2.3621212029746514,-4493.523875666972,3.813594954449895,60.0,0.2756339581036384,0.7960993242775242,1879,498,-1.8168605324254261,-6.855182611299953,0.49334752527940395,0.8381666641577566,-2.0331712369500274,-2.8581719854661816,-3719.422905864703,3.7730923694779115,60.0,0.27142096860031933,0.7772442307555648
ma60.1.5sd.30m,SPY,ma60,1.5,30,10658,1496,-0.5499284243089552,-3.917872423987195,0.5760930756239444,0.9035727161041944,-1.6223213053133305,-3.9527777659291603,-6098.185146354599,7.124331550802139,29.0,0.5250516044285982,0.6984962006147666,3659,498,-0.7676024814765414,-5.639874457274428,0.5676414320852692,0.9060989852198829,-1.7360295079620212,-2.4404589320489403,-2805.9717963724856,7.347389558232932,29.0,0.5195408581579667,0.7110466095664446
ma60.1.5sd.30m,QQQ,ma60,1.5,30,10334,1492,-0.8281298976141583,-5.735854129989754,0.5726727307915618,0.8903489296089624,-1.8533268050561558,-4.509580545525538,-8890.761549568066,6.92627345844504,30.0,0.510644474550029,0.6939325604090262,3582,498,-0.7880176936205361,-5.66803088062,0.5703517587939698,0.9262915519159747,-1.3131781695684983,-1.846027028110417,-3149.1284673004707,7.192771084337349,30.0,0.5083752093802345,0.7111380430379204
ma60.1.5sd.30m,IWM,ma60,1.5,30,10400,1494,-0.3728208099054583,-2.595272036825145,0.5825961538461538,0.9558184574202917,-0.7306788269908672,-1.7791048813068535,-5419.146618020626,6.961178045515395,29.0,0.5200961538461538,0.7051447815132913,3463,498,-0.696282182402531,-4.841817665983864,0.5720473577822697,0.9351282757883879,-1.1059981660555582,-1.5547795073763708,-2432.9404419783255,6.953815261044177,30.0,0.50360958706324,0.7268950292635082
ma60.1.5sd.30m,DIA,ma60,1.5,30,10086,1427,-0.6927759468120546,-4.896522914888846,0.5738647630378743,0.8837939090656746,-1.8909842930773375,-4.499866584636562,-7219.243903069353,7.067974772249475,29.0,0.5188379932579814,0.694474570082234,3671,498,-0.710739073380988,-5.239203089119692,0.569871969490602,0.9017543281492275,-1.7204431202670614,-2.418548049259168,-2625.629659277548,7.371485943775101,30.0,0.5137564696268047,0.7107873248904065
ma60.1.5sd.60m,SPY,ma60,1.5,60,8228,1496,-0.5667657347224807,-3.1172115409736434,0.6571463296062227,0.9083410266237666,-1.213858891242358,-2.9575611320419175,-4939.750631991347,5.5,29.0,0.8282693242586291,0.5485399675847105,2784,498,-1.145899191009775,-6.405990658175128,0.6422413793103449,0.8731555552695472,-1.8529160782761185,-2.6047746151933344,-3187.3118157777058,5.590361445783133,30.0,0.8128591954022989,0.5355967239172497
ma60.1.5sd.60m,QQQ,ma60,1.5,60,7936,1492,-0.8822820724572449,-4.69288909317741,0.6515877016129032,0.8927722118481499,-1.4180700653905371,-3.4504984019175886,-7479.888162582532,5.319034852546917,30.0,0.8176663306451613,0.539961780748256,2746,498,-1.1430632781968333,-6.302915184595389,0.6478514202476329,0.904254074046522,-1.3803202006885158,-1.9404133094560099,-3324.494182430031,5.514056224899599,31.0,0.8062636562272396,0.5543312363908773
ma60.1.5sd.60m,IWM,ma60,1.5,60,8092,1494,-0.2872594829068539,-1.555892728033643,0.6612703905091448,0.9681803083208552,-0.4118168121161806,-1.0027186686898235,-3984.8322223805517,5.4163319946452475,29.0,0.8240237271379139,0.5569583029398162,2660,498,-0.8897565352512767,-4.75251482684417,0.6402255639097745,0.9239803465686125,-1.0366145034311396,-1.4572420067674023,-2393.3673027384166,5.341365461847389,31.0,0.8056390977443609,0.5650114490800618
ma60.1.5sd.60m,DIA,ma60,1.5,60,7838,1427,-0.6869443595109307,-3.7731393762064998,0.6587139576422557,0.8924342516142425,-1.359845384978301,-3.235945867206544,-5669.300891283092,5.492641906096706,30.0,0.8290380199030365,0.5408370280934633,2816,498,-0.9202018369942326,-5.203390307180238,0.6427556818181818,0.8852203832824487,-1.6351087709829102,-2.2985875451513964,-2605.772015184358,5.6546184738955825,30.0,0.8107244318181818,0.5503702285516239
ma60.2sd.30m,SPY,ma60,2.0,30,7398,1496,-0.5472479348491056,-2.706243463912889,0.5556907272235739,0.908748588841717,-1.246413250462356,-3.0368796658535815,-4181.712614283394,4.945187165775401,30.0,0.4744525547445255,0.7311643562363385,2518,498,-0.7410357691082449,-3.746843507258153,0.5436854646544876,0.9126915031650007,-1.2091794139802576,-1.6998286536972738,-1862.3924012101204,5.056224899598393,30.0,0.4634630659253376,0.7455708075232347
ma60.2sd.30m,QQQ,ma60,2.0,30,7174,1492,-0.6825521933756834,-3.2819232139927306,0.5528296626707555,0.9128911851463788,-1.25547476628041,-3.0548657505899577,-5141.247015136859,4.8083109919571045,30.0,0.46250348480624476,0.7206562772367651,2455,498,-0.6670845408091391,-3.2885392523824035,0.5454175152749491,0.9402787073093627,-0.8394183202290796,-1.180029445313663,-1858.1501556547591,4.929718875502008,30.0,0.46272912423625256,0.7532412679024998
ma60.2sd.30m,IWM,ma60,2.0,30,7201,1494,-0.14831051551169203,-0.7148487431055514,0.5657547562838494,0.9828123239056628,-0.22980550349184206,-0.5595455594317167,-3211.0355048014776,4.819946452476573,30.0,0.48021108179419525,0.7272687216810119,2390,497,-0.6746409017531526,-3.244249004406509,0.5493723849372385,0.9397412047432823,-0.8875579812164833,-1.2464494136846895,-1606.2322285440819,4.808853118712274,30.0,0.45983263598326357,0.7494540603757303
ma60.2sd.30m,DIA,ma60,2.0,30,7044,1427,-0.6323349727793465,-3.121350769626991,0.5576377058489494,0.8985488143450558,-1.3481672659652857,-3.208156118920186,-4509.655563988058,4.936229852838122,30.0,0.4684838160136286,0.7270856963981944,2560,498,-0.9700234224910831,-4.9864657862995445,0.5390625,0.8735769823510968,-1.8879646321113968,-2.6540448354692066,-2597.4130892028356,5.140562248995984,30.0,0.4625,0.745903598586676
ma60.2sd.60m,SPY,ma60,2.0,60,5865,1496,-0.6113353386961663,-2.3967124073883794,0.643307757885763,0.9074345622470347,-1.033790852549774,-2.518826254205219,-3680.5034448597426,3.9204545454545454,33.0,0.8104006820119352,0.563651409279463,1970,498,-1.012952844767798,-4.0070624582179954,0.6218274111675127,0.8930080182886169,-1.2516067322346047,-1.7594717227360346,-1998.079079968032,3.9558232931726907,34.0,0.7949238578680203,0.5598136534343573
ma60.2sd.60m,QQQ,ma60,2.0,60,5621,1492,-0.8610933339199154,-3.244105650109814,0.6326276463262764,0.9013038850779125,-1.1260087698136398,-2.739844494014577,-5215.923259457883,3.767426273458445,34.0,0.8041273794698452,0.5482232193889433,1930,498,-0.964415465541661,-3.737594073283947,0.6264248704663212,0.9231274319652316,-0.9235122813669687,-1.2982462484550228,-2029.1140232851524,3.8755020080321283,34.0,0.7968911917098446,0.5810903777157549
ma60.2sd.60m,IWM,ma60,2.0,60,5732,1494,-0.4010135577198838,-1.5385607181060068,0.6465457083042568,0.9584561995347883,-0.45086245850848466,-1.0977895774451933,-3615.450371905008,3.8366800535475236,32.0,0.8058269364968598,0.568725239493652,1873,497,-1.3407541753451948,-5.052781831834105,0.6171916711158569,0.8939066536075181,-1.2910063805059604,-1.8130355200449215,-2511.239838955301,3.7686116700201207,34.0,0.785904965296316,0.5626757314510024
ma60.2sd.60m,DIA,ma60,2.0,60,5594,1427,-0.6907455627326998,-2.707800054608775,0.6465856274579908,0.8993443346141776,-1.0624811678292152,-2.528325339043301,-3919.924819582037,3.9201121233356693,34.0,0.8126564175902753,0.5576072429119344,1984,498,-1.3274740943267074,-5.288571492257403,0.6063508064516129,0.847286415057649,-1.907262957037323,-2.681173849822394,-2676.091346703098,3.9839357429718874,35.0,0.7852822580645161,0.564197119959188
ma60.2.5sd.30m,SPY,ma60,2.5,30,5010,1491,-0.34520015607634225,-1.1599280898339865,0.5413173652694611,0.9431987277561801,-0.5857229453803969,-1.4247241598785945,-1830.6664616607075,3.3601609657947686,30.0,0.4343313373253493,0.7537026176788955,1687,493,-0.7283793954186372,-2.4924463287449106,0.5400118553645524,0.9171115208367177,-0.955008972908007,-1.3357667885856166,-1211.0087327336778,3.4219066937119678,30.0,0.4315352697095436,0.7953642609409929
ma60.2.5sd.30m,QQQ,ma60,2.5,30,4785,1477,-0.5451287816167883,-1.7660400948113288,0.5318704284221526,0.9318220204873386,-0.7587428946577445,-1.8368961942246518,-3388.94426225964,3.239675016926202,30.0,0.42340647857889235,0.7324431170987004,1642,494,-1.0571122379570783,-3.5137212443836483,0.5310596833130329,0.9077175203411143,-1.1007955026255094,-1.5412385053687288,-1781.703304143124,3.3238866396761133,30.0,0.4238733252131547,0.7672908404116203
ma60.2.5sd.30m,IWM,ma60,2.5,30,4790,1481,0.23594234124381702,0.763108585116735,0.5569937369519833,1.027337561407399,0.2754404314649456,0.6677362424045163,-2302.411845409958,3.2343011478730586,30.0,0.44843423799582466,0.7654157366249684,1574,492,-1.32865855038154,-4.250627151017367,0.5273189326556544,0.8865832018782309,-1.358201792363505,-1.8977831234910574,-2092.914283601446,3.1991869918699187,30.0,0.420584498094028,0.7497467688759363
ma60.2.5sd.30m,DIA,ma60,2.5,30,4766,1414,-0.4315572809955935,-1.4545983035537475,0.5469995803608896,0.931171467091657,-0.6966057213912145,-1.6501045865603055,-2232.0498092570397,3.3705799151343707,30.0,0.43159882501049096,0.7386538880728747,1728,497,-0.8185830234233153,-2.8460995261076243,0.5335648148148148,0.8975778243503216,-1.177447905310656,-1.6535587333767268,-1590.1902380471126,3.476861167002012,30.0,0.43113425925925924,0.7880301768905372
ma60.2.5sd.60m,SPY,ma60,2.5,60,4115,1491,-0.3716120378580635,-1.025609346603576,0.6320777642770352,0.9450549368399864,-0.4713113764731464,-1.14642718060299,-1752.9393225682736,2.759892689470154,35.0,0.7961117861482382,0.5831640372999455,1377,493,-1.5281327354986152,-4.268232812944408,0.6245461147421931,0.8536995823675289,-1.5127229988854918,-2.1158389078670146,-2092.3017982220026,2.793103448275862,37.0,0.7719680464778504,0.5826713512234835
ma60.2.5sd.60m,QQQ,ma60,2.5,60,3915,1477,-0.5621357920197657,-1.4900214121580113,0.6237547892720307,0.9365449569281339,-0.5814183990452577,-1.4075983471847628,-2569.973653268356,2.6506431956668925,36.0,0.7974457215836526,0.5625208626921916,1348,494,-1.3176163081141081,-3.595438832667647,0.6261127596439169,0.9006063059535732,-1.0483141733141113,-1.467758694309598,-1768.8675972530875,2.7287449392712553,36.0,0.7856083086053413,0.5819408152542204
ma60.2.5sd.60m,IWM,ma60,2.5,60,3948,1481,0.32032507357111795,0.8539118098978891,0.6451367781155015,1.0328982477764086,0.28858001493254815,0.6995898669604814,-1957.5878361768341,2.6657663740715734,34.0,0.8024316109422492,0.611834588263989,1292,492,-1.4781231844644898,-3.8815755169270747,0.6145510835913313,0.8858758305889914,-1.159826243641405,-1.6205976782981524,-1947.7365372756349,2.6260162601626016,37.0,0.7685758513931888,0.5678168368940353
ma60.2.5sd.60m,DIA,ma60,2.5,60,3934,1414,-0.4078103731961745,-1.1346011373081684,0.6426029486527707,0.941430857395597,-0.4994477791887459,-1.1830811115659352,-2232.497559731959,2.782178217821782,35.0,0.8012201321809863,0.5788094904347905,1410,497,-1.324792169639276,-3.758464706622493,0.6078014184397164,0.8582090390363175,-1.4348695049796338,-2.0150708923203027,-1999.8257216124928,2.837022132796781,36.0,0.7730496453900709,0.5936439368151922
