trade_id,date,entry_time_et,exit_time_et,side,quantity,entry_price,exit_price,ib_high,ib_low,ib_range,ib_midpoint,trap_extreme,stop_price,target_price,gross_pnl,commission,entry_slippage,exit_slippage,total_cost,net_pnl,exit_reason,holding_minutes,mae,mfe,ambiguous_bar,daily_realized_before,daily_realized_after,month,weekday,entry_hour_et,profile
1,2025-06-09,2025-06-09 10:40,2025-06-09 10:50,SHORT,1,6067.75,6061.5,6069.25,6054.0,15.25,6061.625,6069.5,6069.75,6061.5,325.0,4.14,12.5,0.0,16.64,308.36,target,10,-200.0,0.0,False,0.0,308.36,2025-06,Mon,10,STRESS_2TICK
2,2025-06-10,2025-06-10 11:00,2025-06-10 11:35,SHORT,1,6078.5,6075.0,6080.5,6069.5,11.0,6075.0,6084.5,6084.75,6075.0,187.5,4.14,12.5,0.0,16.64,170.86,target,35,0.0,25.0,False,0.0,170.86,2025-06,Tue,11,STRESS_2TICK
3,2025-06-10,2025-06-10 11:40,2025-06-10 11:45,LONG,1,6072.5,6075.0,6080.5,6069.5,11.0,6075.0,6058.75,6058.5,6075.0,137.5,4.14,12.5,0.0,16.64,120.86,target,5,-62.5,162.5,False,170.86,291.72,2025-06,Tue,11,STRESS_2TICK
4,2025-06-11,2025-06-11 10:50,2025-06-11 11:00,SHORT,1,6114.0,6118.25,6116.5,6089.5,27.0,6103.0,6117.25,6117.5,6103.0,-162.5,4.14,12.5,37.5,54.14,-216.64,stop,10,0.0,25.0,False,0.0,-216.64,2025-06,Wed,10,STRESS_2TICK
5,2025-06-11,2025-06-11 11:10,2025-06-11 11:15,SHORT,1,6105.0,6103.0,6116.5,6089.5,27.0,6103.0,6117.25,6117.5,6103.0,112.5,4.14,12.5,0.0,16.64,95.86,target,5,0.0,0.0,False,-216.64,-120.78,2025-06,Wed,11,STRESS_2TICK
6,2025-06-12,2025-06-12 11:20,2025-06-12 12:20,SHORT,1,6093.0,6094.5,6093.5,6061.75,31.75,6077.625,6103.5,6103.75,6077.5,-37.5,4.14,12.5,25.0,41.64,-79.14,time_stop,60,-187.5,0.0,False,0.0,-79.14,2025-06,Thu,11,STRESS_2TICK
7,2025-06-12,2025-06-12 12:25,2025-06-12 12:40,SHORT,1,6089.25,6099.75,6093.5,6061.75,31.75,6077.625,6098.75,6099.0,6077.5,-475.0,4.14,12.5,37.5,54.14,-529.14,stop,15,0.0,275.0,False,-79.14,-608.28,2025-06,Thu,12,STRESS_2TICK
8,2025-06-17,2025-06-17 11:20,2025-06-17 11:30,SHORT,1,6075.0,6070.0,6079.75,6060.5,19.25,6070.125,6081.25,6081.5,6070.0,262.5,4.14,12.5,0.0,16.64,245.86,target,10,-150.0,0.0,False,0.0,245.86,2025-06,Tue,11,STRESS_2TICK
9,2025-06-17,2025-06-17 13:00,2025-06-17 13:25,LONG,1,6061.25,6056.5,6079.75,6060.5,19.25,6070.125,6057.5,6057.25,6070.25,-187.5,4.14,12.5,37.5,54.14,-241.64,stop,25,-275.0,187.5,False,245.86,4.22,2025-06,Tue,13,STRESS_2TICK
10,2025-06-24,2025-06-24 11:05,2025-06-24 11:10,SHORT,1,6129.0,6132.75,6130.25,6109.0,21.25,6119.625,6131.75,6132.0,6119.5,-137.5,4.14,12.5,37.5,54.14,-191.64,stop,5,0.0,0.0,False,0.0,-191.64,2025-06,Tue,11,STRESS_2TICK
11,2025-06-24,2025-06-24 11:20,2025-06-24 11:25,SHORT,1,6129.25,6132.75,6130.25,6109.0,21.25,6119.625,6131.75,6132.0,6119.5,-125.0,4.14,12.5,37.5,54.14,-179.14,stop,5,0.0,0.0,False,-191.64,-370.78,2025-06,Tue,11,STRESS_2TICK
12,2025-06-25,2025-06-25 11:05,2025-06-25 11:10,LONG,1,6148.75,6146.5,6160.25,6148.25,12.0,6154.25,6147.5,6147.25,6154.25,-62.5,4.14,12.5,37.5,54.14,-116.64,stop,5,-175.0,87.5,False,0.0,-116.64,2025-06,Wed,11,STRESS_2TICK
13,2025-06-27,2025-06-27 10:40,2025-06-27 11:35,SHORT,1,6226.75,6231.75,6230.0,6202.0,28.0,6216.0,6230.75,6231.0,6216.0,-200.0,4.14,12.5,37.5,54.14,-254.14,stop,55,-62.5,50.0,False,0.0,-254.14,2025-06,Fri,10,STRESS_2TICK
14,2025-06-27,2025-06-27 13:25,2025-06-27 13:50,SHORT,1,6229.5,6216.0,6230.0,6202.0,28.0,6216.0,6239.0,6239.25,6216.0,687.5,4.14,12.5,0.0,16.64,670.86,target,25,-337.5,0.0,False,-254.14,416.72,2025-06,Fri,13,STRESS_2TICK
15,2025-06-30,2025-06-30 10:40,2025-06-30 10:45,LONG,1,6234.0,6231.25,6248.75,6233.25,15.5,6241.0,6232.25,6232.0,6241.0,-87.5,4.14,12.5,37.5,54.14,-141.64,stop,5,-137.5,150.0,False,0.0,-141.64,2025-06,Mon,10,STRESS_2TICK
16,2025-06-30,2025-06-30 10:50,2025-06-30 11:35,LONG,1,6236.25,6241.0,6248.75,6233.25,15.5,6241.0,6231.5,6231.25,6241.0,250.0,4.14,12.5,0.0,16.64,233.36,target,45,-225.0,275.0,False,-141.64,91.72,2025-06,Mon,10,STRESS_2TICK
17,2025-07-01,2025-07-01 10:50,2025-07-01 11:05,LONG,1,6237.0,6243.5,6253.0,6234.0,19.0,6243.5,6233.25,6233.0,6243.5,337.5,4.14,12.5,0.0,16.64,320.86,target,15,-100.0,350.0,False,0.0,320.86,2025-07,Tue,10,STRESS_2TICK
18,2025-07-01,2025-07-01 11:20,2025-07-01 11:30,LONG,1,6235.5,6243.5,6253.0,6234.0,19.0,6243.5,6227.5,6227.25,6243.5,412.5,4.14,12.5,0.0,16.64,395.86,target,10,-50.0,612.5,False,320.86,716.72,2025-07,Tue,11,STRESS_2TICK
19,2025-07-02,2025-07-02 10:45,2025-07-02 11:40,SHORT,1,6255.25,6265.0,6259.5,6238.25,21.25,6248.875,6264.0,6264.25,6248.75,-437.5,4.14,12.5,37.5,54.14,-491.64,stop,55,0.0,325.0,False,0.0,-491.64,2025-07,Wed,10,STRESS_2TICK
20,2025-07-07,2025-07-07 10:40,2025-07-07 10:55,LONG,1,6295.5,6292.25,6309.75,6293.5,16.25,6301.625,6293.25,6293.0,6301.75,-112.5,4.14,12.5,37.5,54.14,-166.64,stop,15,-387.5,112.5,False,0.0,-166.64,2025-07,Mon,10,STRESS_2TICK
21,2025-07-08,2025-07-08 11:00,2025-07-08 11:05,LONG,1,6272.0,6274.0,6284.25,6263.75,20.5,6274.0,6262.5,6262.25,6274.0,112.5,4.14,12.5,0.0,16.64,95.86,target,5,-112.5,150.0,False,0.0,95.86,2025-07,Tue,11,STRESS_2TICK
22,2025-07-08,2025-07-08 12:35,2025-07-08 12:40,SHORT,1,6280.5,6274.0,6284.25,6263.75,20.5,6274.0,6288.75,6289.0,6274.0,337.5,4.14,12.5,0.0,16.64,320.86,target,5,0.0,0.0,False,95.86,416.72,2025-07,Tue,12,STRESS_2TICK
23,2025-07-10,2025-07-10 10:40,2025-07-10 10:45,SHORT,1,6309.5,6311.75,6310.0,6296.0,14.0,6303.0,6310.75,6311.0,6303.0,-62.5,4.14,12.5,37.5,54.14,-116.64,stop,5,0.0,0.0,False,0.0,-116.64,2025-07,Thu,10,STRESS_2TICK
24,2025-07-11,2025-07-11 10:40,2025-07-11 11:15,SHORT,1,6303.75,6292.25,6306.25,6278.5,27.75,6292.375,6307.5,6307.75,6292.25,587.5,4.14,12.5,0.0,16.64,570.86,target,35,-200.0,0.0,False,0.0,570.86,2025-07,Fri,10,STRESS_2TICK
25,2025-07-11,2025-07-11 11:50,2025-07-11 12:50,SHORT,1,6303.5,6302.5,6306.25,6278.5,27.75,6292.375,6310.25,6310.5,6292.25,87.5,4.14,12.5,25.0,41.64,45.86,time_stop,60,-275.0,0.0,False,570.86,616.72,2025-07,Fri,11,STRESS_2TICK
26,2025-07-14,2025-07-14 11:05,2025-07-14 11:30,SHORT,1,6296.5,6301.75,6299.75,6280.5,19.25,6290.125,6300.75,6301.0,6290.0,-212.5,4.14,12.5,37.5,54.14,-266.64,stop,25,0.0,137.5,False,0.0,-266.64,2025-07,Mon,11,STRESS_2TICK
27,2025-07-15,2025-07-15 11:50,2025-07-15 12:50,LONG,1,6315.5,6303.5,6341.75,6314.75,27.0,6328.25,6300.0,6299.75,6328.25,-562.5,4.14,12.5,25.0,41.64,-604.14,time_stop,60,-762.5,0.0,False,0.0,-604.14,2025-07,Tue,11,STRESS_2TICK
28,2025-07-16,2025-07-16 11:00,2025-07-16 11:05,LONG,1,6283.0,6289.75,6302.0,6277.5,24.5,6289.75,6276.0,6275.75,6289.75,350.0,4.14,12.5,0.0,16.64,333.36,target,5,-75.0,362.5,False,0.0,333.36,2025-07,Wed,11,STRESS_2TICK
29,2025-07-16,2025-07-16 12:00,2025-07-16 12:55,LONG,1,6281.25,6289.75,6302.0,6277.5,24.5,6289.75,6241.0,6240.75,6289.75,437.5,4.14,12.5,0.0,16.64,420.86,target,55,-500.0,462.5,False,333.36,754.22,2025-07,Wed,12,STRESS_2TICK
30,2025-07-18,2025-07-18 10:45,2025-07-18 11:00,LONG,1,6333.75,6329.5,6353.5,6331.25,22.25,6342.375,6330.5,6330.25,6342.5,-162.5,4.14,12.5,37.5,54.14,-216.64,stop,15,-212.5,100.0,False,0.0,-216.64,2025-07,Fri,10,STRESS_2TICK
31,2025-07-18,2025-07-18 11:10,2025-07-18 12:10,LONG,1,6333.75,6334.75,6353.5,6331.25,22.25,6342.375,6327.25,6327.0,6342.5,87.5,4.14,12.5,25.0,41.64,45.86,time_stop,60,-200.0,337.5,False,-216.64,-170.78,2025-07,Fri,11,STRESS_2TICK
32,2025-07-21,2025-07-21 11:45,2025-07-21 12:45,SHORT,1,6371.75,6368.5,6372.25,6344.5,27.75,6358.375,6374.0,6374.25,6358.25,200.0,4.14,12.5,25.0,41.64,158.36,time_stop,60,-262.5,0.0,False,0.0,158.36,2025-07,Mon,11,STRESS_2TICK
33,2025-07-21,2025-07-21 13:05,2025-07-21 13:35,SHORT,1,6371.75,6374.5,6372.25,6344.5,27.75,6358.375,6373.5,6373.75,6358.25,-87.5,4.14,12.5,37.5,54.14,-141.64,stop,30,0.0,12.5,False,158.36,16.72,2025-07,Mon,13,STRESS_2TICK
34,2025-07-22,2025-07-22 13:30,2025-07-22 14:20,SHORT,1,6347.5,6334.0,6349.25,6318.75,30.5,6334.0,6349.75,6350.0,6334.0,687.5,4.14,12.5,0.0,16.64,670.86,target,50,-250.0,0.0,False,0.0,670.86,2025-07,Tue,13,STRESS_2TICK
35,2025-07-23,2025-07-23 12:25,2025-07-23 13:25,SHORT,1,6373.0,6378.0,6373.5,6353.5,20.0,6363.5,6385.0,6385.25,6363.5,-212.5,4.14,12.5,25.0,41.64,-254.14,time_stop,60,0.0,175.0,False,0.0,-254.14,2025-07,Wed,12,STRESS_2TICK
36,2025-07-24,2025-07-24 12:05,2025-07-24 12:20,SHORT,1,6408.75,6403.25,6410.25,6396.25,14.0,6403.25,6415.5,6415.75,6403.25,287.5,4.14,12.5,0.0,16.64,270.86,target,15,-137.5,0.0,False,0.0,270.86,2025-07,Thu,12,STRESS_2TICK
37,2025-07-24,2025-07-24 13:45,2025-07-24 14:15,SHORT,1,6409.0,6417.75,6410.25,6396.25,14.0,6403.25,6416.75,6417.0,6403.25,-387.5,4.14,12.5,37.5,54.14,-441.64,stop,30,0.0,262.5,False,270.86,-170.78,2025-07,Thu,13,STRESS_2TICK
38,2025-07-28,2025-07-28 11:35,2025-07-28 12:00,LONG,1,6425.75,6429.25,6434.25,6424.25,10.0,6429.25,6416.5,6416.25,6429.25,187.5,4.14,12.5,0.0,16.64,170.86,target,25,-50.0,175.0,False,0.0,170.86,2025-07,Mon,11,STRESS_2TICK
39,2025-07-28,2025-07-28 12:15,2025-07-28 12:25,LONG,1,6426.5,6429.25,6434.25,6424.25,10.0,6429.25,6424.0,6423.75,6429.25,150.0,4.14,12.5,0.0,16.64,133.36,target,10,-25.0,187.5,False,170.86,304.22,2025-07,Mon,12,STRESS_2TICK
40,2025-07-30,2025-07-30 10:40,2025-07-30 11:05,SHORT,1,6417.75,6412.0,6419.25,6405.0,14.25,6412.125,6419.75,6420.0,6412.0,300.0,4.14,12.5,0.0,16.64,283.36,target,25,-75.0,0.0,False,0.0,283.36,2025-07,Wed,10,STRESS_2TICK
41,2025-07-30,2025-07-30 11:20,2025-07-30 12:00,LONG,1,6406.5,6412.25,6419.25,6405.0,14.25,6412.125,6402.25,6402.0,6412.25,300.0,4.14,12.5,0.0,16.64,283.36,target,40,-175.0,375.0,False,283.36,566.72,2025-07,Wed,11,STRESS_2TICK
42,2025-07-31,2025-07-31 12:10,2025-07-31 13:10,LONG,1,6428.5,6423.25,6451.0,6427.5,23.5,6439.25,6402.25,6402.0,6439.25,-225.0,4.14,12.5,25.0,41.64,-266.64,time_stop,60,-312.5,337.5,False,0.0,-266.64,2025-07,Thu,12,STRESS_2TICK
43,2025-08-05,2025-08-05 12:35,2025-08-05 13:35,LONG,1,6338.75,6341.0,6371.75,6337.5,34.25,6354.625,6315.5,6315.25,6354.75,150.0,4.14,12.5,25.0,41.64,108.36,time_stop,60,-775.0,275.0,False,0.0,108.36,2025-08,Tue,12,STRESS_2TICK
44,2025-08-08,2025-08-08 10:40,2025-08-08 11:40,SHORT,1,6408.75,6395.0,6410.5,6379.75,30.75,6395.125,6413.0,6413.25,6395.0,700.0,4.14,12.5,0.0,16.64,683.36,target,60,-462.5,0.0,False,0.0,683.36,2025-08,Fri,10,STRESS_2TICK
45,2025-08-08,2025-08-08 12:15,2025-08-08 12:20,SHORT,1,6409.75,6412.0,6410.5,6379.75,30.75,6395.125,6411.0,6411.25,6395.0,-62.5,4.14,12.5,37.5,54.14,-116.64,stop,5,0.0,0.0,False,683.36,566.72,2025-08,Fri,12,STRESS_2TICK
46,2025-08-11,2025-08-11 11:15,2025-08-11 11:55,LONG,1,6413.0,6415.75,6421.5,6410.0,11.5,6415.75,6406.75,6406.5,6415.75,150.0,4.14,12.5,0.0,16.64,133.36,target,40,-187.5,275.0,False,0.0,133.36,2025-08,Mon,11,STRESS_2TICK
47,2025-08-11,2025-08-11 12:45,2025-08-11 12:45,SHORT,1,6415.0,6415.75,6421.5,6410.0,11.5,6415.75,6431.5,6431.75,6415.75,-25.0,4.14,12.5,0.0,16.64,-41.64,target_immediate,0,0.0,0.0,False,133.36,91.72,2025-08,Mon,12,STRESS_2TICK
48,2025-08-12,2025-08-12 10:55,2025-08-12 11:05,SHORT,1,6438.5,6444.25,6439.75,6408.5,31.25,6424.125,6443.25,6443.5,6424.0,-237.5,4.14,12.5,37.5,54.14,-291.64,stop,10,0.0,25.0,False,0.0,-291.64,2025-08,Tue,10,STRESS_2TICK
49,2025-08-13,2025-08-13 10:40,2025-08-13 10:45,LONG,1,6481.0,6477.5,6502.5,6479.5,23.0,6491.0,6478.5,6478.25,6491.0,-125.0,4.14,12.5,37.5,54.14,-179.14,stop,5,-150.0,150.0,False,0.0,-179.14,2025-08,Wed,10,STRESS_2TICK
50,2025-08-13,2025-08-13 11:45,2025-08-13 12:35,LONG,1,6482.25,6469.5,6502.5,6479.5,23.0,6491.0,6470.5,6470.25,6491.0,-587.5,4.14,12.5,37.5,54.14,-641.64,stop,50,-637.5,12.5,False,-179.14,-820.78,2025-08,Wed,11,STRESS_2TICK
51,2025-08-14,2025-08-14 11:05,2025-08-14 11:30,SHORT,1,6484.5,6474.25,6485.75,6462.75,23.0,6474.25,6495.25,6495.5,6474.25,525.0,4.14,12.5,0.0,16.64,508.36,target,25,-262.5,0.0,False,0.0,508.36,2025-08,Thu,11,STRESS_2TICK
52,2025-08-14,2025-08-14 13:45,2025-08-14 14:45,SHORT,1,6485.25,6486.75,6485.75,6462.75,23.0,6474.25,6490.25,6490.5,6474.25,-37.5,4.14,12.5,25.0,41.64,-79.14,time_stop,60,-175.0,0.0,False,508.36,429.22,2025-08,Thu,13,STRESS_2TICK
53,2025-08-15,2025-08-15 11:50,2025-08-15 12:50,LONG,1,6471.0,6476.0,6498.0,6468.25,29.75,6483.125,6461.5,6461.25,6483.25,287.5,4.14,12.5,25.0,41.64,245.86,time_stop,60,-187.5,350.0,False,0.0,245.86,2025-08,Fri,11,STRESS_2TICK
54,2025-08-18,2025-08-18 10:50,2025-08-18 10:55,LONG,1,6464.25,6468.25,6475.25,6461.0,14.25,6468.125,6458.5,6458.25,6468.25,212.5,4.14,12.5,0.0,16.64,195.86,target,5,-12.5,287.5,False,0.0,195.86,2025-08,Mon,10,STRESS_2TICK
55,2025-08-18,2025-08-18 11:40,2025-08-18 12:15,LONG,1,6465.75,6468.25,6475.25,6461.0,14.25,6468.125,6460.75,6460.5,6468.25,137.5,4.14,12.5,0.0,16.64,120.86,target,35,-187.5,150.0,False,195.86,316.72,2025-08,Mon,11,STRESS_2TICK
56,2025-08-19,2025-08-19 10:45,2025-08-19 10:50,LONG,1,6457.75,6452.75,6476.25,6454.75,21.5,6465.5,6453.75,6453.5,6465.5,-200.0,4.14,12.5,37.5,54.14,-254.14,stop,5,-325.0,0.0,False,0.0,-254.14,2025-08,Tue,10,STRESS_2TICK
57,2025-08-19,2025-08-19 10:55,2025-08-19 11:00,LONG,1,6456.5,6450.25,6476.25,6454.75,21.5,6465.5,6451.25,6451.0,6465.5,-262.5,4.14,12.5,37.5,54.14,-316.64,stop,5,-500.0,62.5,False,-254.14,-570.78,2025-08,Tue,10,STRESS_2TICK
58,2025-08-25,2025-08-25 11:50,2025-08-25 12:05,SHORT,1,6475.5,6481.25,6476.75,6463.75,13.0,6470.25,6480.25,6480.5,6470.25,-237.5,4.14,12.5,37.5,54.14,-291.64,stop,15,0.0,162.5,False,0.0,-291.64,2025-08,Mon,11,STRESS_2TICK
59,2025-08-25,2025-08-25 13:05,2025-08-25 13:45,SHORT,1,6475.0,6470.25,6476.75,6463.75,13.0,6470.25,6482.75,6483.0,6470.25,250.0,4.14,12.5,0.0,16.64,233.36,target,40,-62.5,87.5,False,-291.64,-58.28,2025-08,Mon,13,STRESS_2TICK
60,2025-08-26,2025-08-26 12:25,2025-08-26 13:25,SHORT,1,6461.0,6463.0,6461.75,6444.5,17.25,6453.125,6464.75,6465.0,6453.0,-62.5,4.14,12.5,25.0,41.64,-104.14,time_stop,60,0.0,50.0,False,0.0,-104.14,2025-08,Tue,12,STRESS_2TICK
61,2025-08-26,2025-08-26 13:35,2025-08-26 14:35,SHORT,1,6461.0,6466.25,6461.75,6444.5,17.25,6453.125,6465.25,6465.5,6453.0,-212.5,4.14,12.5,37.5,54.14,-266.64,stop,60,-125.0,162.5,False,-104.14,-370.78,2025-08,Tue,13,STRESS_2TICK
62,2025-08-27,2025-08-27 10:40,2025-08-27 11:10,SHORT,1,6490.25,6493.5,6492.0,6472.75,19.25,6482.375,6492.5,6492.75,6482.25,-112.5,4.14,12.5,37.5,54.14,-166.64,stop,30,-12.5,0.0,False,0.0,-166.64,2025-08,Wed,10,STRESS_2TICK
63,2025-08-27,2025-08-27 11:20,2025-08-27 11:25,SHORT,1,6491.5,6494.5,6492.0,6472.75,19.25,6482.375,6493.5,6493.75,6482.25,-100.0,4.14,12.5,37.5,54.14,-154.14,stop,5,0.0,12.5,False,-166.64,-320.78,2025-08,Wed,11,STRESS_2TICK
64,2025-08-28,2025-08-28 12:35,2025-08-28 13:35,SHORT,1,6505.25,6509.5,6508.5,6480.75,27.75,6494.625,6513.0,6513.25,6494.5,-175.0,4.14,12.5,25.0,41.64,-216.64,time_stop,60,0.0,175.0,False,0.0,-216.64,2025-08,Thu,12,STRESS_2TICK
65,2025-09-03,2025-09-03 10:40,2025-09-03 10:45,SHORT,1,6454.0,6456.25,6454.5,6437.75,16.75,6446.125,6455.25,6455.5,6446.0,-62.5,4.14,12.5,37.5,54.14,-116.64,stop,5,0.0,12.5,False,0.0,-116.64,2025-09,Wed,10,STRESS_2TICK
66,2025-09-03,2025-09-03 11:30,2025-09-03 11:30,SHORT,1,6446.0,6446.0,6454.5,6437.75,16.75,6446.125,6464.25,6464.5,6446.0,12.5,4.14,12.5,0.0,16.64,-4.14,target_immediate,0,0.0,0.0,False,-116.64,-120.78,2025-09,Wed,11,STRESS_2TICK
67,2025-09-08,2025-09-08 11:50,2025-09-08 12:25,SHORT,1,6506.5,6502.0,6509.0,6495.25,13.75,6502.125,6516.5,6516.75,6502.0,237.5,4.14,12.5,0.0,16.64,220.86,target,35,-87.5,162.5,False,0.0,220.86,2025-09,Mon,11,STRESS_2TICK
68,2025-09-09,2025-09-09 11:20,2025-09-09 12:20,LONG,1,6502.25,6503.75,6515.0,6501.5,13.5,6508.25,6489.25,6489.0,6508.25,112.5,4.14,12.5,25.0,41.64,70.86,time_stop,60,-250.0,275.0,False,0.0,70.86,2025-09,Tue,11,STRESS_2TICK
69,2025-09-09,2025-09-09 12:25,2025-09-09 12:45,LONG,1,6504.25,6508.25,6515.0,6501.5,13.5,6508.25,6500.0,6499.75,6508.25,212.5,4.14,12.5,0.0,16.64,195.86,target,20,-37.5,200.0,False,70.86,266.72,2025-09,Tue,12,STRESS_2TICK
70,2025-09-10,2025-09-10 11:30,2025-09-10 11:35,LONG,1,6545.0,6540.0,6562.25,6543.75,18.5,6553.0,6541.0,6540.75,6553.0,-200.0,4.14,12.5,37.5,54.14,-254.14,stop,5,-250.0,50.0,False,0.0,-254.14,2025-09,Wed,11,STRESS_2TICK
71,2025-09-10,2025-09-10 11:40,2025-09-10 11:55,LONG,1,6547.5,6553.0,6562.25,6543.75,18.5,6553.0,6540.0,6539.75,6553.0,287.5,4.14,12.5,0.0,16.64,270.86,target,15,-62.5,275.0,False,-254.14,16.72,2025-09,Wed,11,STRESS_2TICK
72,2025-09-12,2025-09-12 11:05,2025-09-12 11:30,SHORT,1,6649.25,6646.0,6651.5,6640.75,10.75,6646.125,6654.25,6654.5,6646.0,175.0,4.14,12.5,0.0,16.64,158.36,target,25,0.0,0.0,False,0.0,158.36,2025-09,Fri,11,STRESS_2TICK
73,2025-09-12,2025-09-12 13:00,2025-09-12 13:25,SHORT,1,6650.25,6652.75,6651.5,6640.75,10.75,6646.125,6651.75,6652.0,6646.0,-75.0,4.14,12.5,37.5,54.14,-129.14,stop,25,-50.0,12.5,False,158.36,29.22,2025-09,Fri,13,STRESS_2TICK
74,2025-09-15,2025-09-15 11:10,2025-09-15 12:10,SHORT,1,6677.0,6678.0,6678.25,6665.0,13.25,6671.625,6681.25,6681.5,6671.5,-12.5,4.14,12.5,25.0,41.64,-54.14,time_stop,60,-100.0,0.0,False,0.0,-54.14,2025-09,Mon,11,STRESS_2TICK
75,2025-09-15,2025-09-15 12:20,2025-09-15 13:00,SHORT,1,6677.25,6671.5,6678.25,6665.0,13.25,6671.625,6679.25,6679.5,6671.5,300.0,4.14,12.5,0.0,16.64,283.36,target,40,-112.5,0.0,False,-54.14,229.22,2025-09,Mon,12,STRESS_2TICK
76,2025-09-16,2025-09-16 11:10,2025-09-16 11:45,LONG,1,6669.5,6662.25,6688.25,6666.0,22.25,6677.125,6663.25,6663.0,6677.25,-312.5,4.14,12.5,37.5,54.14,-366.64,stop,35,-412.5,62.5,False,0.0,-366.64,2025-09,Tue,11,STRESS_2TICK
77,2025-09-16,2025-09-16 11:55,2025-09-16 12:55,LONG,1,6667.75,6669.25,6688.25,6666.0,22.25,6677.125,6661.25,6661.0,6677.25,112.5,4.14,12.5,25.0,41.64,70.86,time_stop,60,-187.5,112.5,False,-366.64,-295.78,2025-09,Tue,11,STRESS_2TICK
78,2025-09-17,2025-09-17 10:50,2025-09-17 10:55,LONG,1,6661.5,6658.25,6675.75,6659.75,16.0,6667.75,6659.25,6659.0,6667.75,-112.5,4.14,12.5,37.5,54.14,-166.64,stop,5,-125.0,100.0,False,0.0,-166.64,2025-09,Wed,10,STRESS_2TICK
79,2025-09-17,2025-09-17 11:10,2025-09-17 11:30,LONG,1,6662.25,6657.5,6675.75,6659.75,16.0,6667.75,6658.5,6658.25,6667.75,-187.5,4.14,12.5,37.5,54.14,-241.64,stop,20,-262.5,150.0,False,-166.64,-408.28,2025-09,Wed,11,STRESS_2TICK
80,2025-09-19,2025-09-19 10:55,2025-09-19 11:15,LONG,1,6699.75,6692.25,6711.25,6696.75,14.5,6704.0,6693.25,6693.0,6704.0,-325.0,4.14,12.5,37.5,54.14,-379.14,stop,20,-350.0,175.0,False,0.0,-379.14,2025-09,Fri,10,STRESS_2TICK
81,2025-09-19,2025-09-19 11:55,2025-09-19 12:05,LONG,1,6699.75,6704.0,6711.25,6696.75,14.5,6704.0,6687.25,6687.0,6704.0,225.0,4.14,12.5,0.0,16.64,208.36,target,10,-112.5,275.0,False,-379.14,-170.78,2025-09,Fri,11,STRESS_2TICK
82,2025-09-23,2025-09-23 10:50,2025-09-23 11:05,LONG,1,6746.75,6743.25,6756.5,6746.25,10.25,6751.375,6744.25,6744.0,6751.5,-125.0,4.14,12.5,37.5,54.14,-179.14,stop,15,-162.5,200.0,False,0.0,-179.14,2025-09,Tue,10,STRESS_2TICK
83,2025-09-23,2025-09-23 11:15,2025-09-23 11:35,LONG,1,6746.75,6741.75,6756.5,6746.25,10.25,6751.375,6742.75,6742.5,6751.5,-200.0,4.14,12.5,37.5,54.14,-254.14,stop,20,-225.0,37.5,False,-179.14,-433.28,2025-09,Tue,11,STRESS_2TICK
84,2025-09-29,2025-09-29 11:15,2025-09-29 11:20,LONG,1,6716.5,6714.5,6731.25,6715.75,15.5,6723.5,6715.5,6715.25,6723.5,-50.0,4.14,12.5,37.5,54.14,-104.14,stop,5,-337.5,0.0,False,0.0,-104.14,2025-09,Mon,11,STRESS_2TICK
85,2025-09-30,2025-09-30 10:45,2025-09-30 10:50,LONG,1,6701.0,6705.0,6713.0,6696.75,16.25,6704.875,6694.0,6693.75,6705.0,212.5,4.14,12.5,0.0,16.64,195.86,target,5,-12.5,462.5,False,0.0,195.86,2025-09,Tue,10,STRESS_2TICK
86,2025-09-30,2025-09-30 11:05,2025-09-30 11:20,SHORT,1,6712.25,6704.75,6713.0,6696.75,16.25,6704.875,6713.75,6714.0,6704.75,387.5,4.14,12.5,0.0,16.64,370.86,target,15,-262.5,0.0,False,195.86,566.72,2025-09,Tue,11,STRESS_2TICK
87,2025-10-01,2025-10-01 10:40,2025-10-01 11:05,SHORT,1,6731.75,6736.75,6732.25,6705.25,27.0,6718.75,6735.75,6736.0,6718.75,-200.0,4.14,12.5,37.5,54.14,-254.14,stop,25,0.0,37.5,False,0.0,-254.14,2025-10,Wed,10,STRESS_2TICK
88,2025-10-02,2025-10-02 10:45,2025-10-02 10:50,LONG,1,6757.75,6755.25,6780.25,6757.0,23.25,6768.625,6756.25,6756.0,6768.75,-75.0,4.14,12.5,37.5,54.14,-129.14,stop,5,-312.5,37.5,False,0.0,-129.14,2025-10,Thu,10,STRESS_2TICK
89,2025-10-02,2025-10-02 12:00,2025-10-02 13:00,LONG,1,6757.75,6757.75,6780.25,6757.0,23.25,6768.625,6741.5,6741.25,6768.75,37.5,4.14,12.5,25.0,41.64,-4.14,time_stop,60,-425.0,112.5,False,-129.14,-133.28,2025-10,Thu,12,STRESS_2TICK
90,2025-10-03,2025-10-03 13:05,2025-10-03 13:10,SHORT,1,6781.75,6779.75,6788.25,6771.5,16.75,6779.875,6800.0,6800.25,6779.75,112.5,4.14,12.5,0.0,16.64,95.86,target,5,0.0,0.0,False,0.0,95.86,2025-10,Fri,13,STRESS_2TICK
91,2025-10-03,2025-10-03 13:15,2025-10-03 13:25,SHORT,1,6787.25,6779.75,6788.25,6771.5,16.75,6779.875,6790.5,6790.75,6779.75,387.5,4.14,12.5,0.0,16.64,370.86,target,10,-262.5,0.0,False,95.86,466.72,2025-10,Fri,13,STRESS_2TICK
92,2025-10-06,2025-10-06 12:10,2025-10-06 13:10,SHORT,1,6788.0,6787.5,6788.75,6766.5,22.25,6777.625,6791.75,6792.0,6777.5,62.5,4.14,12.5,25.0,41.64,20.86,time_stop,60,0.0,37.5,False,0.0,20.86,2025-10,Mon,12,STRESS_2TICK
93,2025-10-08,2025-10-08 10:45,2025-10-08 11:15,SHORT,1,6788.0,6792.5,6790.75,6764.5,26.25,6777.625,6791.5,6791.75,6777.5,-175.0,4.14,12.5,37.5,54.14,-229.14,stop,30,0.0,125.0,False,0.0,-229.14,2025-10,Wed,10,STRESS_2TICK
94,2025-10-09,2025-10-09 11:00,2025-10-09 12:00,LONG,1,6783.0,6781.75,6809.5,6780.5,29.0,6795.0,6768.5,6768.25,6795.0,-25.0,4.14,12.5,25.0,41.64,-66.64,time_stop,60,-700.0,250.0,False,0.0,-66.64,2025-10,Thu,11,STRESS_2TICK
95,2025-10-09,2025-10-09 12:10,2025-10-09 12:20,LONG,1,6782.0,6778.75,6809.5,6780.5,29.0,6795.0,6779.75,6779.5,6795.0,-112.5,4.14,12.5,37.5,54.14,-166.64,stop,10,-175.0,62.5,False,-66.64,-233.28,2025-10,Thu,12,STRESS_2TICK
96,2025-10-16,2025-10-16 10:50,2025-10-16 11:10,SHORT,1,6740.75,6730.75,6744.25,6717.25,27.0,6730.75,6750.5,6750.75,6730.75,512.5,4.14,12.5,0.0,16.64,495.86,target,20,-50.0,0.0,False,0.0,495.86,2025-10,Thu,10,STRESS_2TICK
97,2025-10-16,2025-10-16 11:35,2025-10-16 11:45,LONG,1,6727.5,6711.0,6744.25,6717.25,27.0,6730.75,6712.0,6711.75,6730.75,-775.0,4.14,12.5,37.5,54.14,-829.14,stop,10,-875.0,150.0,False,495.86,-333.28,2025-10,Thu,11,STRESS_2TICK
98,2025-10-20,2025-10-20 11:15,2025-10-20 12:15,SHORT,1,6763.5,6764.75,6764.5,6733.0,31.5,6748.75,6775.5,6775.75,6748.75,-25.0,4.14,12.5,25.0,41.64,-66.64,time_stop,60,0.0,225.0,False,0.0,-66.64,2025-10,Mon,11,STRESS_2TICK
99,2025-10-21,2025-10-21 11:25,2025-10-21 12:25,SHORT,1,6778.0,6786.0,6778.5,6759.25,19.25,6768.875,6787.25,6787.5,6768.75,-362.5,4.14,12.5,25.0,41.64,-404.14,time_stop,60,0.0,250.0,False,0.0,-404.14,2025-10,Tue,11,STRESS_2TICK
100,2025-10-21,2025-10-21 12:55,2025-10-21 13:05,SHORT,1,6776.75,6768.75,6778.5,6759.25,19.25,6768.875,6789.75,6790.0,6768.75,412.5,4.14,12.5,0.0,16.64,395.86,target,10,-62.5,0.0,False,-404.14,-8.28,2025-10,Tue,12,STRESS_2TICK
101,2025-10-22,2025-10-22 11:00,2025-10-22 11:25,LONG,1,6760.0,6738.5,6779.25,6752.0,27.25,6765.625,6739.5,6739.25,6765.75,-1025.0,4.14,12.5,37.5,54.14,-1079.14,stop,25,-1262.5,162.5,False,0.0,-1079.14,2025-10,Wed,11,STRESS_2TICK
102,2025-10-22,2025-10-22 11:55,2025-10-22 12:00,LONG,1,6754.0,6748.25,6779.25,6752.0,27.25,6765.625,6732.25,6732.0,6765.75,-250.0,4.14,12.5,25.0,41.64,-291.64,governor_killswitch,5,-312.5,137.5,False,-1079.14,-1370.78,2025-10,Wed,11,STRESS_2TICK
103,2025-10-23,2025-10-23 12:10,2025-10-23 12:15,SHORT,1,6765.5,6769.0,6766.0,6736.0,30.0,6751.0,6768.0,6768.25,6751.0,-125.0,4.14,12.5,37.5,54.14,-179.14,stop,5,0.0,0.0,False,0.0,-179.14,2025-10,Thu,12,STRESS_2TICK
104,2025-10-23,2025-10-23 12:25,2025-10-23 12:45,SHORT,1,6763.75,6770.5,6766.0,6736.0,30.0,6751.0,6769.5,6769.75,6751.0,-287.5,4.14,12.5,37.5,54.14,-341.64,stop,20,0.0,175.0,False,-179.14,-520.78,2025-10,Thu,12,STRESS_2TICK
105,2025-10-24,2025-10-24 11:20,2025-10-24 11:25,SHORT,1,6833.25,6836.75,6835.5,6812.5,23.0,6824.0,6835.75,6836.0,6824.0,-125.0,4.14,12.5,37.5,54.14,-179.14,stop,5,0.0,12.5,False,0.0,-179.14,2025-10,Fri,11,STRESS_2TICK
106,2025-10-24,2025-10-24 11:45,2025-10-24 12:45,SHORT,1,6834.25,6830.0,6835.5,6812.5,23.0,6824.0,6841.25,6841.5,6824.0,250.0,4.14,12.5,25.0,41.64,208.36,time_stop,60,-75.0,125.0,False,-179.14,29.22,2025-10,Fri,11,STRESS_2TICK
107,2025-10-27,2025-10-27 12:15,2025-10-27 12:55,SHORT,1,6892.0,6894.75,6892.5,6877.0,15.5,6884.75,6893.75,6894.0,6884.75,-87.5,4.14,12.5,37.5,54.14,-141.64,stop,40,0.0,37.5,False,0.0,-141.64,2025-10,Mon,12,STRESS_2TICK
108,2025-10-27,2025-10-27 13:10,2025-10-27 13:45,SHORT,1,6891.75,6896.0,6892.5,6877.0,15.5,6884.75,6895.0,6895.25,6884.75,-162.5,4.14,12.5,37.5,54.14,-216.64,stop,35,-62.5,87.5,False,-141.64,-358.28,2025-10,Mon,13,STRESS_2TICK
109,2025-10-28,2025-10-28 11:40,2025-10-28 12:30,LONG,1,6910.0,6917.0,6927.25,6906.75,20.5,6917.0,6903.0,6902.75,6917.0,362.5,4.14,12.5,0.0,16.64,345.86,target,50,-237.5,375.0,False,0.0,345.86,2025-10,Tue,11,STRESS_2TICK
110,2025-10-28,2025-10-28 12:35,2025-10-28 12:40,SHORT,1,6921.0,6917.0,6927.25,6906.75,20.5,6917.0,6930.0,6930.25,6917.0,212.5,4.14,12.5,0.0,16.64,195.86,target,5,0.0,0.0,False,345.86,541.72,2025-10,Tue,12,STRESS_2TICK
111,2025-10-29,2025-10-29 10:55,2025-10-29 11:55,LONG,1,6939.5,6937.25,6952.0,6936.25,15.75,6944.125,6932.5,6932.25,6944.25,-75.0,4.14,12.5,25.0,41.64,-116.64,time_stop,60,-337.5,162.5,False,0.0,-116.64,2025-10,Wed,10,STRESS_2TICK
112,2025-10-29,2025-10-29 12:20,2025-10-29 13:20,LONG,1,6936.75,6938.75,6952.0,6936.25,15.75,6944.125,6929.75,6929.5,6944.25,137.5,4.14,12.5,25.0,41.64,95.86,time_stop,60,-25.0,287.5,False,-116.64,-20.78,2025-10,Wed,12,STRESS_2TICK
113,2025-11-10,2025-11-10 12:05,2025-11-10 12:40,LONG,1,6818.0,6824.75,6835.75,6813.5,22.25,6824.625,6792.75,6792.5,6824.75,350.0,4.14,12.5,0.0,16.64,333.36,target,35,-487.5,400.0,False,0.0,333.36,2025-11,Mon,12,STRESS_2TICK
114,2025-11-11,2025-11-11 10:40,2025-11-11 10:55,LONG,1,6836.5,6830.25,6852.0,6831.5,20.5,6841.75,6831.25,6831.0,6841.75,-262.5,4.14,12.5,37.5,54.14,-316.64,stop,15,-275.0,187.5,False,0.0,-316.64,2025-11,Tue,10,STRESS_2TICK
115,2025-11-11,2025-11-11 11:00,2025-11-11 11:15,LONG,1,6835.0,6841.75,6852.0,6831.5,20.5,6841.75,6830.5,6830.25,6841.75,350.0,4.14,12.5,0.0,16.64,333.36,target,15,-62.5,387.5,False,-316.64,16.72,2025-11,Tue,11,STRESS_2TICK
116,2025-11-12,2025-11-12 10:45,2025-11-12 11:15,LONG,1,6871.5,6859.75,6892.75,6871.0,21.75,6881.875,6860.75,6860.5,6882.0,-537.5,4.14,12.5,37.5,54.14,-591.64,stop,30,-862.5,137.5,False,0.0,-591.64,2025-11,Wed,10,STRESS_2TICK
117,2025-11-12,2025-11-12 12:40,2025-11-12 12:50,LONG,1,6877.5,6872.25,6892.75,6871.0,21.75,6881.875,6852.0,6851.75,6882.0,-225.0,4.14,12.5,25.0,41.64,-266.64,governor_killswitch,10,-287.5,187.5,False,-591.64,-858.28,2025-11,Wed,12,STRESS_2TICK
118,2025-11-13,2025-11-13 10:40,2025-11-13 10:45,LONG,1,6819.0,6812.25,6850.5,6817.0,33.5,6833.75,6813.25,6813.0,6833.75,-287.5,4.14,12.5,37.5,54.14,-341.64,stop,5,-325.0,125.0,False,0.0,-341.64,2025-11,Thu,10,STRESS_2TICK
119,2025-11-20,2025-11-20 10:40,2025-11-20 10:55,SHORT,1,6788.25,6775.0,6790.0,6760.25,29.75,6775.125,6791.25,6791.5,6775.0,675.0,4.14,12.5,0.0,16.64,658.36,target,15,-475.0,0.0,False,0.0,658.36,2025-11,Thu,10,STRESS_2TICK
120,2025-12-01,2025-12-01 12:15,2025-12-01 12:45,SHORT,1,6843.75,6851.75,6844.25,6812.75,31.5,6828.5,6850.75,6851.0,6828.5,-350.0,4.14,12.5,37.5,54.14,-404.14,stop,30,0.0,12.5,False,0.0,-404.14,2025-12,Mon,12,STRESS_2TICK
121,2025-12-02,2025-12-02 10:45,2025-12-02 10:45,LONG,1,6852.25,6848.25,6857.75,6838.75,19.0,6848.25,6833.75,6833.5,6848.25,-187.5,4.14,12.5,0.0,16.64,-204.14,target_immediate,0,0.0,0.0,False,0.0,-204.14,2025-12,Tue,10,STRESS_2TICK
122,2025-12-02,2025-12-02 11:10,2025-12-02 11:15,SHORT,1,6851.5,6848.25,6857.75,6838.75,19.0,6848.25,6863.5,6863.75,6848.25,175.0,4.14,12.5,0.0,16.64,158.36,target,5,0.0,0.0,False,-204.14,-45.78,2025-12,Tue,11,STRESS_2TICK
123,2025-12-03,2025-12-03 10:55,2025-12-03 11:05,SHORT,1,6846.0,6854.5,6847.25,6820.25,27.0,6833.75,6853.5,6853.75,6833.75,-375.0,4.14,12.5,37.5,54.14,-429.14,stop,10,0.0,37.5,False,0.0,-429.14,2025-12,Wed,10,STRESS_2TICK
124,2025-12-03,2025-12-03 11:10,2025-12-03 11:35,SHORT,1,6846.0,6854.75,6847.25,6820.25,27.0,6833.75,6853.75,6854.0,6833.75,-387.5,4.14,12.5,37.5,54.14,-441.64,stop,25,0.0,25.0,False,-429.14,-870.78,2025-12,Wed,11,STRESS_2TICK
125,2025-12-05,2025-12-05 10:40,2025-12-05 11:00,SHORT,1,6900.0,6889.0,6904.0,6874.0,30.0,6889.0,6904.5,6904.75,6889.0,562.5,4.14,12.5,0.0,16.64,545.86,target,20,-350.0,0.0,False,0.0,545.86,2025-12,Fri,10,STRESS_2TICK
126,2025-12-05,2025-12-05 11:35,2025-12-05 11:45,LONG,1,6876.0,6870.75,6904.0,6874.0,30.0,6889.0,6871.75,6871.5,6889.0,-212.5,4.14,12.5,37.5,54.14,-266.64,stop,10,-275.0,162.5,False,545.86,279.22,2025-12,Fri,11,STRESS_2TICK
127,2025-12-08,2025-12-08 11:25,2025-12-08 12:05,LONG,1,6858.5,6847.5,6886.25,6858.0,28.25,6872.125,6848.5,6848.25,6872.25,-500.0,4.14,12.5,37.5,54.14,-554.14,stop,40,-712.5,112.5,False,0.0,-554.14,2025-12,Mon,11,STRESS_2TICK
128,2025-12-08,2025-12-08 13:00,2025-12-08 13:05,LONG,1,6861.0,6856.75,6886.25,6858.0,28.25,6872.125,6841.25,6841.0,6872.25,-175.0,4.14,12.5,25.0,41.64,-216.64,governor_killswitch,5,-275.0,125.0,False,-554.14,-770.78,2025-12,Mon,13,STRESS_2TICK
129,2025-12-09,2025-12-09 11:30,2025-12-09 11:40,SHORT,1,6866.5,6873.25,6868.5,6847.25,21.25,6857.875,6872.25,6872.5,6857.75,-287.5,4.14,12.5,37.5,54.14,-341.64,stop,10,0.0,87.5,False,0.0,-341.64,2025-12,Tue,11,STRESS_2TICK
130,2025-12-09,2025-12-09 11:45,2025-12-09 12:45,SHORT,1,6864.75,6857.75,6868.5,6847.25,21.25,6857.875,6872.75,6873.0,6857.75,362.5,4.14,12.5,0.0,16.64,345.86,target,60,-150.0,212.5,False,-341.64,4.22,2025-12,Tue,11,STRESS_2TICK
131,2025-12-10,2025-12-10 11:45,2025-12-10 12:45,SHORT,1,6850.25,6849.0,6852.5,6830.75,21.75,6841.625,6856.5,6856.75,6841.5,100.0,4.14,12.5,25.0,41.64,58.36,time_stop,60,0.0,100.0,False,0.0,58.36,2025-12,Wed,11,STRESS_2TICK
132,2025-12-10,2025-12-10 13:25,2025-12-10 14:05,SHORT,1,6849.75,6861.0,6852.5,6830.75,21.75,6841.625,6860.0,6860.25,6841.5,-512.5,4.14,12.5,37.5,54.14,-566.64,stop,40,-137.5,0.0,False,58.36,-508.28,2025-12,Wed,13,STRESS_2TICK
133,2025-12-18,2025-12-18 12:05,2025-12-18 12:10,SHORT,1,6852.5,6837.75,6855.25,6820.5,34.75,6837.875,6872.0,6872.25,6837.75,750.0,4.14,12.5,0.0,16.64,733.36,target,5,0.0,0.0,False,0.0,733.36,2025-12,Thu,12,STRESS_2TICK
134,2025-12-18,2025-12-18 12:20,2025-12-18 12:25,LONG,1,6822.75,6814.0,6855.25,6820.5,34.75,6837.875,6815.0,6814.75,6838.0,-387.5,4.14,12.5,37.5,54.14,-441.64,stop,5,-425.0,287.5,False,733.36,291.72,2025-12,Thu,12,STRESS_2TICK
135,2025-12-22,2025-12-22 10:45,2025-12-22 10:45,LONG,1,6919.5,6919.5,6927.75,6911.0,16.75,6919.375,6908.5,6908.25,6919.5,12.5,4.14,12.5,0.0,16.64,-4.14,target_immediate,0,0.0,0.0,False,0.0,-4.14,2025-12,Mon,10,STRESS_2TICK
136,2025-12-22,2025-12-22 11:35,2025-12-22 12:05,SHORT,1,6927.25,6933.25,6927.75,6911.0,16.75,6919.375,6932.25,6932.5,6919.25,-250.0,4.14,12.5,37.5,54.14,-304.14,stop,30,0.0,150.0,False,-4.14,-308.28,2025-12,Mon,11,STRESS_2TICK
137,2025-12-23,2025-12-23 10:55,2025-12-23 11:00,SHORT,1,6942.5,6945.0,6943.5,6918.75,24.75,6931.125,6944.0,6944.25,6931.0,-75.0,4.14,12.5,37.5,54.14,-129.14,stop,5,0.0,0.0,False,0.0,-129.14,2025-12,Tue,10,STRESS_2TICK
138,2025-12-26,2025-12-26 12:30,2025-12-26 13:25,LONG,1,6978.25,6969.75,6994.0,6973.0,21.0,6983.5,6970.75,6970.5,6983.5,-375.0,4.14,12.5,37.5,54.14,-429.14,stop,55,-462.5,25.0,False,0.0,-429.14,2025-12,Fri,12,STRESS_2TICK
139,2025-12-26,2025-12-26 13:30,2025-12-26 14:30,LONG,1,6973.75,6976.75,6994.0,6973.0,21.0,6983.5,6969.0,6968.75,6983.5,187.5,4.14,12.5,25.0,41.64,145.86,time_stop,60,-37.5,375.0,False,-429.14,-283.28,2025-12,Fri,13,STRESS_2TICK
140,2025-12-29,2025-12-29 11:45,2025-12-29 12:15,LONG,1,6944.25,6941.25,6967.75,6943.5,24.25,6955.625,6942.25,6942.0,6955.75,-100.0,4.14,12.5,37.5,54.14,-154.14,stop,30,-137.5,262.5,False,0.0,-154.14,2025-12,Mon,11,STRESS_2TICK
141,2025-12-29,2025-12-29 12:55,2025-12-29 13:55,LONG,1,6945.25,6948.25,6967.75,6943.5,24.25,6955.625,6936.0,6935.75,6955.75,187.5,4.14,12.5,25.0,41.64,145.86,time_stop,60,-87.5,475.0,False,-154.14,-8.28,2025-12,Mon,12,STRESS_2TICK
142,2025-12-30,2025-12-30 10:40,2025-12-30 10:45,LONG,1,6944.25,6940.5,6960.75,6942.25,18.5,6951.5,6941.5,6941.25,6951.5,-137.5,4.14,12.5,37.5,54.14,-191.64,stop,5,-175.0,37.5,False,0.0,-191.64,2025-12,Tue,10,STRESS_2TICK
143,2025-12-30,2025-12-30 10:50,2025-12-30 11:00,LONG,1,6945.75,6951.5,6960.75,6942.25,18.5,6951.5,6941.75,6941.5,6951.5,300.0,4.14,12.5,0.0,16.64,283.36,target,10,-25.0,337.5,False,-191.64,91.72,2025-12,Tue,10,STRESS_2TICK
144,2025-12-31,2025-12-31 11:30,2025-12-31 12:30,LONG,1,6923.5,6922.0,6947.5,6921.5,26.0,6934.5,6913.75,6913.5,6934.5,-37.5,4.14,12.5,25.0,41.64,-79.14,time_stop,60,-250.0,162.5,False,0.0,-79.14,2025-12,Wed,11,STRESS_2TICK
145,2025-12-31,2025-12-31 13:05,2025-12-31 14:05,LONG,1,6922.0,6934.5,6947.5,6921.5,26.0,6934.5,6919.0,6918.75,6934.5,637.5,4.14,12.5,0.0,16.64,620.86,target,60,-125.0,662.5,False,-79.14,541.72,2025-12,Wed,13,STRESS_2TICK
146,2026-01-05,2026-01-05 10:40,2026-01-05 11:15,SHORT,1,6949.5,6956.75,6955.25,6932.75,22.5,6944.0,6955.75,6956.0,6944.0,-312.5,4.14,12.5,37.5,54.14,-366.64,stop,35,0.0,150.0,False,0.0,-366.64,2026-01,Mon,10,STRESS_2TICK
147,2026-01-05,2026-01-05 11:35,2026-01-05 11:40,SHORT,1,6953.25,6958.75,6955.25,6932.75,22.5,6944.0,6957.75,6958.0,6944.0,-225.0,4.14,12.5,37.5,54.14,-279.14,stop,5,0.0,0.0,False,-366.64,-645.78,2026-01,Mon,11,STRESS_2TICK
148,2026-01-06,2026-01-06 12:40,2026-01-06 13:20,SHORT,1,6976.0,6980.0,6977.25,6945.5,31.75,6961.375,6979.0,6979.25,6961.25,-150.0,4.14,12.5,37.5,54.14,-204.14,stop,40,0.0,62.5,False,0.0,-204.14,2026-01,Tue,12,STRESS_2TICK
149,2026-01-06,2026-01-06 13:30,2026-01-06 13:45,SHORT,1,6976.75,6981.25,6977.25,6945.5,31.75,6961.375,6980.25,6980.5,6961.25,-175.0,4.14,12.5,37.5,54.14,-229.14,stop,15,0.0,87.5,False,-204.14,-433.28,2026-01,Tue,13,STRESS_2TICK
150,2026-01-07,2026-01-07 10:40,2026-01-07 10:45,LONG,1,6985.0,6988.25,6998.25,6978.0,20.25,6988.125,6976.25,6976.0,6988.25,175.0,4.14,12.5,0.0,16.64,158.36,target,5,-150.0,212.5,False,0.0,158.36,2026-01,Wed,10,STRESS_2TICK
151,2026-01-07,2026-01-07 12:55,2026-01-07 13:30,SHORT,1,6997.5,6988.0,6998.25,6978.0,20.25,6988.125,7006.75,7007.0,6988.0,487.5,4.14,12.5,0.0,16.64,470.86,target,35,-325.0,0.0,False,158.36,629.22,2026-01,Wed,12,STRESS_2TICK
152,2026-01-08,2026-01-08 11:50,2026-01-08 12:45,SHORT,1,6964.25,6968.25,6966.0,6940.0,26.0,6953.0,6967.25,6967.5,6953.0,-150.0,4.14,12.5,37.5,54.14,-204.14,stop,55,-137.5,25.0,False,0.0,-204.14,2026-01,Thu,11,STRESS_2TICK
153,2026-01-08,2026-01-08 13:05,2026-01-08 14:05,SHORT,1,6964.75,6958.5,6966.0,6940.0,26.0,6953.0,6972.5,6972.75,6953.0,350.0,4.14,12.5,25.0,41.64,308.36,time_stop,60,-350.0,0.0,False,-204.14,104.22,2026-01,Thu,13,STRESS_2TICK
154,2026-01-12,2026-01-12 11:05,2026-01-12 11:10,SHORT,1,7002.25,7005.5,7002.75,6968.75,34.0,6985.75,7004.5,7004.75,6985.75,-112.5,4.14,12.5,37.5,54.14,-166.64,stop,5,0.0,12.5,False,0.0,-166.64,2026-01,Mon,11,STRESS_2TICK
155,2026-01-15,2026-01-15 10:40,2026-01-15 10:45,SHORT,1,7008.75,7002.25,7010.0,6994.5,15.5,7002.25,7012.0,7012.25,7002.25,337.5,4.14,12.5,0.0,16.64,320.86,target,5,0.0,0.0,False,0.0,320.86,2026-01,Thu,10,STRESS_2TICK
156,2026-01-15,2026-01-15 10:55,2026-01-15 11:00,LONG,1,6996.5,7002.25,7010.0,6994.5,15.5,7002.25,6992.5,6992.25,7002.25,300.0,4.14,12.5,0.0,16.64,283.36,target,5,-175.0,600.0,False,320.86,604.22,2026-01,Thu,10,STRESS_2TICK
157,2026-01-16,2026-01-16 11:00,2026-01-16 11:25,LONG,1,6978.5,6988.5,7002.25,6974.5,27.75,6988.375,6960.5,6960.25,6988.5,512.5,4.14,12.5,0.0,16.64,495.86,target,25,-162.5,500.0,False,0.0,495.86,2026-01,Fri,11,STRESS_2TICK
158,2026-01-20,2026-01-20 10:50,2026-01-20 11:50,SHORT,1,6893.75,6890.5,6897.0,6865.75,31.25,6881.375,6904.75,6905.0,6881.25,200.0,4.14,12.5,25.0,41.64,158.36,time_stop,60,-187.5,37.5,False,0.0,158.36,2026-01,Tue,10,STRESS_2TICK
159,2026-01-20,2026-01-20 12:55,2026-01-20 13:25,LONG,1,6866.5,6860.25,6897.0,6865.75,31.25,6881.375,6861.25,6861.0,6881.5,-262.5,4.14,12.5,37.5,54.14,-316.64,stop,30,-312.5,250.0,False,158.36,-158.28,2026-01,Tue,12,STRESS_2TICK
160,2026-01-23,2026-01-23 10:45,2026-01-23 10:50,SHORT,1,6950.25,6953.75,6952.5,6925.0,27.5,6938.75,6952.75,6953.0,6938.75,-125.0,4.14,12.5,37.5,54.14,-179.14,stop,5,0.0,0.0,False,0.0,-179.14,2026-01,Fri,10,STRESS_2TICK
161,2026-01-23,2026-01-23 11:35,2026-01-23 12:35,SHORT,1,6950.25,6952.25,6952.5,6925.0,27.5,6938.75,6964.0,6964.25,6938.75,-62.5,4.14,12.5,25.0,41.64,-104.14,time_stop,60,0.0,250.0,False,-179.14,-283.28,2026-01,Fri,11,STRESS_2TICK
162,2026-01-27,2026-01-27 13:00,2026-01-27 14:00,SHORT,1,7006.75,7013.75,7007.75,6988.25,19.5,6998.0,7018.5,7018.75,6998.0,-312.5,4.14,12.5,25.0,41.64,-354.14,time_stop,60,-100.0,287.5,False,0.0,-354.14,2026-01,Tue,13,STRESS_2TICK
163,2026-01-28,2026-01-28 11:05,2026-01-28 11:25,LONG,1,7013.0,7006.25,7031.0,7012.5,18.5,7021.75,7007.25,7007.0,7021.75,-287.5,4.14,12.5,37.5,54.14,-341.64,stop,20,-325.0,125.0,False,0.0,-341.64,2026-01,Wed,11,STRESS_2TICK
164,2026-01-28,2026-01-28 11:30,2026-01-28 11:35,LONG,1,7013.75,7005.5,7031.0,7012.5,18.5,7021.75,7006.5,7006.25,7021.75,-362.5,4.14,12.5,37.5,54.14,-416.64,stop,5,-425.0,0.0,False,-341.64,-758.28,2026-01,Wed,11,STRESS_2TICK
165,2026-01-30,2026-01-30 10:50,2026-01-30 10:55,SHORT,1,6983.5,6974.5,6989.0,6960.25,28.75,6974.625,6991.25,6991.5,6974.5,462.5,4.14,12.5,0.0,16.64,445.86,target,5,0.0,0.0,False,0.0,445.86,2026-01,Fri,10,STRESS_2TICK
166,2026-01-30,2026-01-30 11:40,2026-01-30 12:05,LONG,1,6961.0,6949.5,6989.0,6960.25,28.75,6974.625,6950.5,6950.25,6974.75,-525.0,4.14,12.5,37.5,54.14,-579.14,stop,25,-875.0,575.0,False,445.86,-133.28,2026-01,Fri,11,STRESS_2TICK
167,2026-02-10,2026-02-10 13:40,2026-02-10 13:55,LONG,1,6977.75,6969.5,7005.0,6975.0,30.0,6990.0,6970.5,6970.25,6990.0,-362.5,4.14,12.5,37.5,54.14,-416.64,stop,15,-437.5,62.5,False,0.0,-416.64,2026-02,Tue,13,STRESS_2TICK
168,2026-02-25,2026-02-25 12:30,2026-02-25 12:45,SHORT,1,6948.25,6954.0,6949.0,6929.75,19.25,6939.375,6953.0,6953.25,6939.25,-237.5,4.14,12.5,37.5,54.14,-291.64,stop,15,0.0,137.5,False,0.0,-291.64,2026-02,Wed,12,STRESS_2TICK
169,2026-03-17,2026-03-17 13:05,2026-03-17 14:05,LONG,1,6782.75,6782.75,6808.5,6779.25,29.25,6793.875,6764.25,6764.0,6794.0,37.5,4.14,12.5,25.0,41.64,-4.14,time_stop,60,-437.5,75.0,False,0.0,-4.14,2026-03,Tue,13,STRESS_2TICK
170,2026-04-01,2026-04-01 10:40,2026-04-01 10:45,SHORT,1,6623.0,6613.25,6628.5,6598.0,30.5,6613.25,6631.25,6631.5,6613.25,500.0,4.14,12.5,0.0,16.64,483.36,target,5,0.0,0.0,False,0.0,483.36,2026-04,Wed,10,STRESS_2TICK
171,2026-04-08,2026-04-08 11:40,2026-04-08 12:05,LONG,1,6807.75,6821.0,6836.75,6805.0,31.75,6820.875,6780.0,6779.75,6821.0,675.0,4.14,12.5,0.0,16.64,658.36,target,25,-250.0,725.0,False,0.0,658.36,2026-04,Wed,11,STRESS_2TICK
172,2026-04-09,2026-04-09 10:40,2026-04-09 10:55,LONG,1,6808.5,6812.5,6821.75,6803.0,18.75,6812.375,6802.5,6802.25,6812.5,212.5,4.14,12.5,0.0,16.64,195.86,target,15,-150.0,337.5,False,0.0,195.86,2026-04,Thu,10,STRESS_2TICK
173,2026-04-09,2026-04-09 11:15,2026-04-09 11:20,SHORT,1,6820.5,6823.0,6821.75,6803.0,18.75,6812.375,6822.0,6822.25,6812.25,-75.0,4.14,12.5,37.5,54.14,-129.14,stop,5,0.0,12.5,False,195.86,66.72,2026-04,Thu,11,STRESS_2TICK
174,2026-04-10,2026-04-10 11:30,2026-04-10 11:35,SHORT,1,6874.75,6872.0,6881.5,6862.5,19.0,6872.0,6883.0,6883.25,6872.0,150.0,4.14,12.5,0.0,16.64,133.36,target,5,0.0,0.0,False,0.0,133.36,2026-04,Fri,11,STRESS_2TICK
175,2026-04-13,2026-04-13 10:45,2026-04-13 10:55,SHORT,1,6861.0,6864.0,6861.5,6826.5,35.0,6844.0,6863.0,6863.25,6844.0,-100.0,4.14,12.5,37.5,54.14,-154.14,stop,10,0.0,0.0,False,0.0,-154.14,2026-04,Mon,10,STRESS_2TICK
176,2026-04-13,2026-04-13 11:05,2026-04-13 12:05,SHORT,1,6859.25,6853.75,6861.5,6826.5,35.0,6844.0,6868.25,6868.5,6844.0,312.5,4.14,12.5,25.0,41.64,270.86,time_stop,60,-125.0,12.5,False,-154.14,116.72,2026-04,Mon,11,STRESS_2TICK
177,2026-04-14,2026-04-14 10:40,2026-04-14 10:50,SHORT,1,6969.75,6976.75,6972.25,6937.5,34.75,6954.875,6975.75,6976.0,6954.75,-300.0,4.14,12.5,37.5,54.14,-354.14,stop,10,0.0,25.0,False,0.0,-354.14,2026-04,Tue,10,STRESS_2TICK
178,2026-04-14,2026-04-14 11:10,2026-04-14 11:25,SHORT,1,6971.75,6980.0,6972.25,6937.5,34.75,6954.875,6979.0,6979.25,6954.75,-362.5,4.14,12.5,37.5,54.14,-416.64,stop,15,0.0,250.0,False,-354.14,-770.78,2026-04,Tue,11,STRESS_2TICK
179,2026-04-15,2026-04-15 10:55,2026-04-15 11:15,SHORT,1,7028.5,7034.0,7031.0,7004.0,27.0,7017.5,7033.0,7033.25,7017.5,-225.0,4.14,12.5,37.5,54.14,-279.14,stop,20,0.0,0.0,False,0.0,-279.14,2026-04,Wed,10,STRESS_2TICK
180,2026-04-15,2026-04-15 12:45,2026-04-15 13:10,SHORT,1,7025.75,7034.75,7031.0,7004.0,27.0,7017.5,7040.25,7040.5,7017.5,-412.5,4.14,12.5,25.0,41.64,-454.14,governor_killswitch,25,0.0,312.5,False,-279.14,-733.28,2026-04,Wed,12,STRESS_2TICK
181,2026-04-16,2026-04-16 11:30,2026-04-16 11:40,SHORT,1,7069.0,7082.75,7074.0,7046.5,27.5,7060.25,7081.75,7082.0,7060.25,-637.5,4.14,12.5,37.5,54.14,-691.64,stop,10,0.0,150.0,False,0.0,-691.64,2026-04,Thu,11,STRESS_2TICK
182,2026-04-16,2026-04-16 11:50,2026-04-16 11:55,SHORT,1,7073.5,7079.0,7074.0,7046.5,27.5,7060.25,7085.75,7086.0,7060.25,-237.5,4.14,12.5,25.0,41.64,-279.14,governor_killswitch,5,0.0,0.0,False,-691.64,-970.78,2026-04,Thu,11,STRESS_2TICK
183,2026-04-20,2026-04-20 10:50,2026-04-20 10:55,LONG,1,7147.25,7138.5,7159.5,7142.25,17.25,7150.875,7139.5,7139.25,7151.0,-387.5,4.14,12.5,37.5,54.14,-441.64,stop,5,-1125.0,50.0,False,0.0,-441.64,2026-04,Mon,10,STRESS_2TICK
184,2026-04-20,2026-04-20 11:30,2026-04-20 11:35,LONG,1,7143.25,7135.25,7159.5,7142.25,17.25,7150.875,7121.5,7121.25,7151.0,-362.5,4.14,12.5,25.0,41.64,-404.14,governor_killswitch,5,-462.5,0.0,False,-441.64,-845.78,2026-04,Mon,11,STRESS_2TICK
185,2026-04-21,2026-04-21 10:55,2026-04-21 11:00,LONG,1,7150.25,7144.75,7172.5,7147.0,25.5,7159.75,7145.75,7145.5,7159.75,-225.0,4.14,12.5,37.5,54.14,-279.14,stop,5,-812.5,0.0,False,0.0,-279.14,2026-04,Tue,10,STRESS_2TICK
186,2026-04-23,2026-04-23 11:50,2026-04-23 12:50,SHORT,1,7169.75,7166.5,7171.0,7149.0,22.0,7160.0,7181.5,7181.75,7160.0,200.0,4.14,12.5,25.0,41.64,158.36,time_stop,60,-275.0,0.0,False,0.0,158.36,2026-04,Thu,11,STRESS_2TICK
187,2026-04-23,2026-04-23 13:05,2026-04-23 13:10,LONG,1,7150.25,7146.0,7171.0,7149.0,22.0,7160.0,7147.0,7146.75,7160.0,-162.5,4.14,12.5,37.5,54.14,-216.64,stop,5,-750.0,0.0,False,158.36,-58.28,2026-04,Thu,13,STRESS_2TICK
188,2026-04-24,2026-04-24 10:55,2026-04-24 11:00,SHORT,1,7166.25,7171.75,7166.75,7145.0,21.75,7155.875,7170.75,7171.0,7155.75,-225.0,4.14,12.5,37.5,54.14,-279.14,stop,5,0.0,12.5,False,0.0,-279.14,2026-04,Fri,10,STRESS_2TICK
189,2026-04-27,2026-04-27 10:40,2026-04-27 10:55,SHORT,1,7193.75,7189.25,7198.5,7180.25,18.25,7189.375,7199.0,7199.25,7189.25,237.5,4.14,12.5,0.0,16.64,220.86,target,15,-25.0,0.0,False,0.0,220.86,2026-04,Mon,10,STRESS_2TICK
190,2026-04-27,2026-04-27 11:30,2026-04-27 12:00,LONG,1,7184.75,7189.5,7198.5,7180.25,18.25,7189.375,7177.0,7176.75,7189.5,250.0,4.14,12.5,0.0,16.64,233.36,target,30,-137.5,237.5,False,220.86,454.22,2026-04,Mon,11,STRESS_2TICK
191,2026-04-28,2026-04-28 13:55,2026-04-28 14:55,LONG,1,7162.75,7169.0,7183.0,7161.75,21.25,7172.375,7146.25,7146.0,7172.5,350.0,4.14,12.5,25.0,41.64,308.36,time_stop,60,-62.5,387.5,False,0.0,308.36,2026-04,Tue,13,STRESS_2TICK
192,2026-04-29,2026-04-29 10:50,2026-04-29 11:10,SHORT,1,7168.0,7159.5,7169.75,7149.5,20.25,7159.625,7175.25,7175.5,7159.5,437.5,4.14,12.5,0.0,16.64,420.86,target,20,-125.0,0.0,False,0.0,420.86,2026-04,Wed,10,STRESS_2TICK
193,2026-04-29,2026-04-29 12:00,2026-04-29 12:10,LONG,1,7153.75,7159.75,7169.75,7149.5,20.25,7159.625,7145.25,7145.0,7159.75,312.5,4.14,12.5,0.0,16.64,295.86,target,10,-75.0,325.0,False,420.86,716.72,2026-04,Wed,12,STRESS_2TICK
194,2026-05-04,2026-05-04 11:00,2026-05-04 11:05,SHORT,1,7258.5,7254.5,7267.0,7242.25,24.75,7254.625,7271.0,7271.25,7254.5,212.5,4.14,12.5,0.0,16.64,195.86,target,5,0.0,0.0,False,0.0,195.86,2026-05,Mon,11,STRESS_2TICK
195,2026-05-05,2026-05-05 12:30,2026-05-05 13:30,SHORT,1,7285.0,7288.25,7286.25,7264.25,22.0,7275.25,7288.0,7288.25,7275.25,-125.0,4.14,12.5,25.0,41.64,-166.64,time_stop,60,-112.5,0.0,False,0.0,-166.64,2026-05,Tue,12,STRESS_2TICK
196,2026-05-07,2026-05-07 11:25,2026-05-07 11:30,SHORT,1,7399.0,7392.0,7400.25,7383.75,16.5,7392.0,7410.0,7410.25,7392.0,362.5,4.14,12.5,0.0,16.64,345.86,target,5,0.0,0.0,False,0.0,345.86,2026-05,Thu,11,STRESS_2TICK
197,2026-05-07,2026-05-07 11:50,2026-05-07 12:00,SHORT,1,7396.5,7392.0,7400.25,7383.75,16.5,7392.0,7404.75,7405.0,7392.0,237.5,4.14,12.5,0.0,16.64,220.86,target,10,0.0,0.0,False,345.86,566.72,2026-05,Thu,11,STRESS_2TICK
198,2026-05-08,2026-05-08 12:30,2026-05-08 13:30,SHORT,1,7422.0,7425.25,7422.75,7391.75,31.0,7407.25,7424.25,7424.5,7407.25,-112.5,4.14,12.5,37.5,54.14,-166.64,stop,60,-212.5,50.0,False,0.0,-166.64,2026-05,Fri,12,STRESS_2TICK
199,2026-05-08,2026-05-08 13:40,2026-05-08 14:05,SHORT,1,7421.0,7427.0,7422.75,7391.75,31.0,7407.25,7426.0,7426.25,7407.25,-250.0,4.14,12.5,37.5,54.14,-304.14,stop,25,-12.5,0.0,False,-166.64,-470.78,2026-05,Fri,13,STRESS_2TICK
200,2026-05-11,2026-05-11 11:15,2026-05-11 11:30,SHORT,1,7437.25,7446.75,7442.0,7410.0,32.0,7426.0,7445.75,7446.0,7426.0,-425.0,4.14,12.5,37.5,54.14,-479.14,stop,15,0.0,300.0,False,0.0,-479.14,2026-05,Mon,11,STRESS_2TICK
201,2026-05-11,2026-05-11 12:50,2026-05-11 13:35,SHORT,1,7441.0,7448.0,7442.0,7410.0,32.0,7426.0,7450.5,7450.75,7426.0,-312.5,4.14,12.5,25.0,41.64,-354.14,governor_killswitch,45,-175.0,150.0,False,-479.14,-833.28,2026-05,Mon,12,STRESS_2TICK
202,2026-05-12,2026-05-12 10:40,2026-05-12 11:05,LONG,1,7391.75,7379.0,7417.5,7390.5,27.0,7404.0,7380.0,7379.75,7404.0,-587.5,4.14,12.5,37.5,54.14,-641.64,stop,25,-662.5,262.5,False,0.0,-641.64,2026-05,Tue,10,STRESS_2TICK
203,2026-05-12,2026-05-12 13:25,2026-05-12 13:30,LONG,1,7391.0,7388.25,7417.5,7390.5,27.0,7404.0,7363.25,7363.0,7404.0,-100.0,4.14,12.5,25.0,41.64,-141.64,governor_killswitch,5,-237.5,0.0,False,-641.64,-783.28,2026-05,Tue,13,STRESS_2TICK
204,2026-05-21,2026-05-21 11:10,2026-05-21 11:15,LONG,1,7414.25,7409.0,7443.75,7410.5,33.25,7427.125,7410.0,7409.75,7427.25,-212.5,4.14,12.5,37.5,54.14,-266.64,stop,5,-287.5,825.0,True,0.0,-266.64,2026-05,Thu,11,STRESS_2TICK
205,2026-05-21,2026-05-21 13:15,2026-05-21 13:20,SHORT,1,7442.0,7450.25,7443.75,7410.5,33.25,7427.125,7449.25,7449.5,7427.0,-362.5,4.14,12.5,37.5,54.14,-416.64,stop,5,0.0,0.0,False,-266.64,-683.28,2026-05,Thu,13,STRESS_2TICK
206,2026-05-26,2026-05-26 10:40,2026-05-26 11:10,SHORT,1,7551.0,7538.75,7552.75,7525.0,27.75,7538.875,7555.25,7555.5,7538.75,625.0,4.14,12.5,0.0,16.64,608.36,target,30,-375.0,0.0,False,0.0,608.36,2026-05,Tue,10,STRESS_2TICK
207,2026-05-26,2026-05-26 12:05,2026-05-26 13:05,LONG,1,7526.0,7524.25,7552.75,7525.0,27.75,7538.875,7517.0,7516.75,7539.0,-50.0,4.14,12.5,25.0,41.64,-91.64,time_stop,60,-312.5,400.0,False,608.36,516.72,2026-05,Tue,12,STRESS_2TICK
208,2026-05-27,2026-05-27 11:25,2026-05-27 11:45,LONG,1,7527.75,7521.0,7547.0,7525.5,21.5,7536.25,7522.0,7521.75,7536.25,-287.5,4.14,12.5,37.5,54.14,-341.64,stop,20,-462.5,362.5,False,0.0,-341.64,2026-05,Wed,11,STRESS_2TICK
209,2026-05-27,2026-05-27 12:10,2026-05-27 12:45,LONG,1,7528.25,7536.25,7547.0,7525.5,21.5,7536.25,7516.5,7516.25,7536.25,412.5,4.14,12.5,0.0,16.64,395.86,target,35,-87.5,462.5,False,-341.64,54.22,2026-05,Wed,12,STRESS_2TICK
210,2026-05-29,2026-05-29 10:55,2026-05-29 11:15,LONG,1,7589.0,7599.25,7611.5,7586.75,24.75,7599.125,7577.5,7577.25,7599.25,525.0,4.14,12.5,0.0,16.64,508.36,target,20,-25.0,725.0,False,0.0,508.36,2026-05,Fri,10,STRESS_2TICK
211,2026-06-01,2026-06-01 12:00,2026-06-01 12:55,SHORT,1,7595.25,7604.0,7596.75,7576.25,20.5,7586.5,7603.0,7603.25,7586.5,-387.5,4.14,12.5,37.5,54.14,-441.64,stop,55,-37.5,175.0,False,0.0,-441.64,2026-06,Mon,12,STRESS_2TICK
212,2026-06-16,2026-06-16 10:40,2026-06-16 11:30,LONG,1,7618.0,7605.25,7636.75,7612.25,24.5,7624.5,7606.25,7606.0,7624.5,-587.5,4.14,12.5,37.5,54.14,-641.64,stop,50,-675.0,175.0,False,0.0,-641.64,2026-06,Tue,10,STRESS_2TICK
213,2026-06-16,2026-06-16 11:35,2026-06-16 11:40,LONG,1,7613.75,7609.5,7636.75,7612.25,24.5,7624.5,7604.5,7604.25,7624.5,-175.0,4.14,12.5,25.0,41.64,-216.64,governor_killswitch,5,-287.5,125.0,False,-641.64,-858.28,2026-06,Tue,11,STRESS_2TICK
214,2026-06-17,2026-06-17 10:45,2026-06-17 10:50,LONG,1,7584.25,7573.0,7604.25,7578.5,25.75,7591.375,7574.0,7573.75,7591.5,-512.5,4.14,12.5,37.5,54.14,-566.64,stop,5,-1187.5,225.0,False,0.0,-566.64,2026-06,Wed,10,STRESS_2TICK
215,2026-06-17,2026-06-17 10:55,2026-06-17 11:00,LONG,1,7582.75,7572.0,7604.25,7578.5,25.75,7591.375,7560.5,7560.25,7591.5,-500.0,4.14,12.5,25.0,41.64,-541.64,governor_killswitch,5,-575.0,0.0,False,-566.64,-1108.28,2026-06,Wed,10,STRESS_2TICK
216,2026-07-06,2026-07-06 10:55,2026-07-06 11:00,SHORT,1,7578.0,7581.0,7579.0,7552.5,26.5,7565.75,7580.0,7580.25,7565.75,-100.0,4.14,12.5,37.5,54.14,-154.14,stop,5,0.0,0.0,False,0.0,-154.14,2026-07,Mon,10,STRESS_2TICK
217,2026-07-08,2026-07-08 12:25,2026-07-08 12:35,LONG,1,7502.5,7513.25,7524.75,7501.75,23.0,7513.25,7469.5,7469.25,7513.25,550.0,4.14,12.5,0.0,16.64,533.36,target,10,-37.5,550.0,False,0.0,533.36,2026-07,Wed,12,STRESS_2TICK
218,2026-07-08,2026-07-08 12:40,2026-07-08 12:45,LONG,1,7507.5,7513.25,7524.75,7501.75,23.0,7513.25,7499.5,7499.25,7513.25,300.0,4.14,12.5,0.0,16.64,283.36,target,5,-200.0,500.0,False,533.36,816.72,2026-07,Wed,12,STRESS_2TICK
219,2026-07-10,2026-07-10 10:45,2026-07-10 10:55,LONG,1,7593.5,7598.0,7605.75,7590.0,15.75,7597.875,7576.0,7575.75,7598.0,237.5,4.14,12.5,0.0,16.64,220.86,target,10,-275.0,237.5,False,0.0,220.86,2026-07,Fri,10,STRESS_2TICK
220,2026-07-10,2026-07-10 11:15,2026-07-10 11:20,LONG,1,7592.0,7598.0,7605.75,7590.0,15.75,7597.875,7578.5,7578.25,7598.0,312.5,4.14,12.5,0.0,16.64,295.86,target,5,-25.0,612.5,False,220.86,516.72,2026-07,Fri,11,STRESS_2TICK
221,2026-07-14,2026-07-14 10:45,2026-07-14 11:05,SHORT,1,7581.5,7594.75,7588.25,7556.5,31.75,7572.375,7593.75,7594.0,7572.25,-612.5,4.14,12.5,37.5,54.14,-666.64,stop,20,0.0,212.5,False,0.0,-666.64,2026-07,Tue,10,STRESS_2TICK
222,2026-07-14,2026-07-14 11:45,2026-07-14 11:50,SHORT,1,7586.0,7586.75,7588.25,7556.5,31.75,7572.375,7601.5,7601.75,7572.25,-0.0,4.14,12.5,25.0,41.64,-41.64,governor_killswitch,5,0.0,0.0,False,-666.64,-708.28,2026-07,Tue,11,STRESS_2TICK
223,2026-07-15,2026-07-15 10:45,2026-07-15 10:55,LONG,1,7605.25,7596.75,7626.25,7601.25,25.0,7613.75,7597.75,7597.5,7613.75,-375.0,4.14,12.5,37.5,54.14,-429.14,stop,10,-400.0,150.0,False,0.0,-429.14,2026-07,Wed,10,STRESS_2TICK
224,2026-07-15,2026-07-15 11:00,2026-07-15 11:20,LONG,1,7605.0,7596.25,7626.25,7601.25,25.0,7613.75,7597.25,7597.0,7613.75,-387.5,4.14,12.5,37.5,54.14,-441.64,stop,20,-650.0,325.0,False,-429.14,-870.78,2026-07,Wed,11,STRESS_2TICK
225,2026-07-21,2026-07-21 10:40,2026-07-21 10:50,SHORT,1,7526.25,7534.5,7533.25,7504.5,28.75,7518.875,7533.5,7533.75,7518.75,-362.5,4.14,12.5,37.5,54.14,-416.64,stop,10,0.0,87.5,False,0.0,-416.64,2026-07,Tue,10,STRESS_2TICK
226,2026-07-21,2026-07-21 11:10,2026-07-21 11:15,SHORT,1,7532.75,7535.25,7533.25,7504.5,28.75,7518.875,7534.25,7534.5,7518.75,-75.0,4.14,12.5,37.5,54.14,-129.14,stop,5,0.0,0.0,False,-416.64,-545.78,2026-07,Tue,11,STRESS_2TICK
227,2026-07-22,2026-07-22 11:25,2026-07-22 11:30,SHORT,1,7555.75,7557.75,7556.25,7525.25,31.0,7540.75,7556.75,7557.0,7540.75,-50.0,4.14,12.5,37.5,54.14,-104.14,stop,5,0.0,0.0,False,0.0,-104.14,2026-07,Wed,11,STRESS_2TICK
228,2026-07-22,2026-07-22 11:35,2026-07-22 12:00,SHORT,1,7552.25,7560.5,7556.25,7525.25,31.0,7540.75,7559.5,7559.75,7540.75,-362.5,4.14,12.5,37.5,54.14,-416.64,stop,25,0.0,125.0,False,-104.14,-520.78,2026-07,Wed,11,STRESS_2TICK
229,2026-07-24,2026-07-24 11:10,2026-07-24 11:15,SHORT,1,7455.5,7469.75,7458.5,7431.5,27.0,7445.0,7468.75,7469.0,7445.0,-662.5,4.14,12.5,37.5,54.14,-716.64,stop,5,0.0,0.0,False,0.0,-716.64,2026-07,Fri,11,STRESS_2TICK
230,2026-08-05,2026-08-05 10:50,2026-08-05 10:55,LONG,1,7798.25,7787.0,7820.25,7795.0,25.25,7807.625,7788.0,7787.75,7807.75,-512.5,4.14,12.5,37.5,54.14,-566.64,stop,5,-1112.5,112.5,False,0.0,-566.64,2026-08,Wed,10,STRESS_2TICK
231,2026-08-06,2026-08-06 11:30,2026-08-06 11:35,LONG,1,7742.5,7735.0,7768.5,7740.25,28.25,7754.375,7736.0,7735.75,7754.5,-325.0,4.14,12.5,37.5,54.14,-379.14,stop,5,-387.5,100.0,False,0.0,-379.14,2026-08,Thu,11,STRESS_2TICK
232,2026-08-06,2026-08-06 11:50,2026-08-06 11:55,LONG,1,7742.0,7731.5,7768.5,7740.25,28.25,7754.375,7732.5,7732.25,7754.5,-475.0,4.14,12.5,37.5,54.14,-529.14,stop,5,-587.5,275.0,False,-379.14,-908.28,2026-08,Thu,11,STRESS_2TICK
233,2026-08-10,2026-08-10 10:40,2026-08-10 10:45,SHORT,1,7789.75,7793.75,7791.25,7771.25,20.0,7781.25,7792.75,7793.0,7781.25,-150.0,4.14,12.5,37.5,54.14,-204.14,stop,5,0.0,0.0,False,0.0,-204.14,2026-08,Mon,10,STRESS_2TICK
234,2026-08-10,2026-08-10 10:55,2026-08-10 11:00,SHORT,1,7785.0,7781.25,7791.25,7771.25,20.0,7781.25,7798.0,7798.25,7781.25,200.0,4.14,12.5,0.0,16.64,183.36,target,5,0.0,0.0,False,-204.14,-20.78,2026-08,Mon,10,STRESS_2TICK
235,2026-08-11,2026-08-11 11:15,2026-08-11 11:20,LONG,1,7772.5,7770.0,7792.5,7771.75,20.75,7782.125,7771.0,7770.75,7782.25,-75.0,4.14,12.5,37.5,54.14,-129.14,stop,5,-250.0,0.0,False,0.0,-129.14,2026-08,Tue,11,STRESS_2TICK
236,2026-08-12,2026-08-12 11:00,2026-08-12 11:05,LONG,1,7767.0,7761.75,7794.0,7763.5,30.5,7778.75,7762.75,7762.5,7778.75,-212.5,4.14,12.5,37.5,54.14,-266.64,stop,5,-250.0,25.0,False,0.0,-266.64,2026-08,Wed,11,STRESS_2TICK
237,2026-08-12,2026-08-12 11:10,2026-08-12 11:25,LONG,1,7766.0,7760.75,7794.0,7763.5,30.5,7778.75,7761.75,7761.5,7778.75,-212.5,4.14,12.5,37.5,54.14,-266.64,stop,15,-225.0,137.5,False,-266.64,-533.28,2026-08,Wed,11,STRESS_2TICK
238,2026-08-14,2026-08-14 10:40,2026-08-14 11:00,LONG,1,7816.75,7809.5,7830.75,7813.75,17.0,7822.25,7810.5,7810.25,7822.25,-312.5,4.14,12.5,37.5,54.14,-366.64,stop,20,-362.5,0.0,False,0.0,-366.64,2026-08,Fri,10,STRESS_2TICK
239,2026-08-17,2026-08-17 10:40,2026-08-17 10:55,LONG,1,7792.0,7789.5,7809.5,7791.0,18.5,7800.25,7790.5,7790.25,7800.25,-75.0,4.14,12.5,37.5,54.14,-129.14,stop,15,-100.0,212.5,False,0.0,-129.14,2026-08,Mon,10,STRESS_2TICK
240,2026-08-17,2026-08-17 11:00,2026-08-17 11:45,LONG,1,7794.25,7789.0,7809.5,7791.0,18.5,7800.25,7790.0,7789.75,7800.25,-212.5,4.14,12.5,37.5,54.14,-266.64,stop,45,-300.0,287.5,False,-129.14,-395.78,2026-08,Mon,11,STRESS_2TICK
241,2026-08-18,2026-08-18 11:05,2026-08-18 11:25,LONG,1,7722.5,7713.25,7735.25,7716.5,18.75,7725.875,7714.25,7714.0,7726.0,-412.5,4.14,12.5,37.5,54.14,-466.64,stop,20,-462.5,87.5,False,0.0,-466.64,2026-08,Tue,11,STRESS_2TICK
242,2026-08-18,2026-08-18 11:30,2026-08-18 11:55,LONG,1,7718.75,7726.0,7735.25,7716.5,18.75,7725.875,7713.25,7713.0,7726.0,375.0,4.14,12.5,0.0,16.64,358.36,target,25,-137.5,387.5,False,-466.64,-108.28,2026-08,Tue,11,STRESS_2TICK
243,2026-08-19,2026-08-19 11:40,2026-08-19 12:40,SHORT,1,7744.5,7745.0,7746.0,7720.75,25.25,7733.375,7764.75,7765.0,7733.25,12.5,4.14,12.5,25.0,41.64,-29.14,time_stop,60,0.0,487.5,False,0.0,-29.14,2026-08,Wed,11,STRESS_2TICK
244,2026-08-20,2026-08-20 11:10,2026-08-20 11:10,SHORT,1,7703.5,7704.0,7716.25,7691.75,24.5,7704.0,7720.0,7720.25,7704.0,-12.5,4.14,12.5,0.0,16.64,-29.14,target_immediate,0,0.0,0.0,False,0.0,-29.14,2026-08,Thu,11,STRESS_2TICK
245,2026-08-20,2026-08-20 11:50,2026-08-20 12:45,LONG,1,7693.75,7704.0,7716.25,7691.75,24.5,7704.0,7690.5,7690.25,7704.0,525.0,4.14,12.5,0.0,16.64,508.36,target,55,-100.0,550.0,False,-29.14,479.22,2026-08,Thu,11,STRESS_2TICK
246,2026-08-21,2026-08-21 11:10,2026-08-21 11:35,SHORT,1,7693.5,7700.75,7696.0,7676.75,19.25,7686.375,7699.75,7700.0,7686.25,-312.5,4.14,12.5,37.5,54.14,-366.64,stop,25,0.0,0.0,False,0.0,-366.64,2026-08,Fri,11,STRESS_2TICK
247,2026-08-21,2026-08-21 12:20,2026-08-21 12:25,SHORT,1,7695.25,7697.75,7696.0,7676.75,19.25,7686.375,7714.0,7714.25,7686.25,-87.5,4.14,12.5,25.0,41.64,-129.14,governor_killswitch,5,0.0,0.0,False,-366.64,-495.78,2026-08,Fri,12,STRESS_2TICK
248,2026-08-24,2026-08-24 12:10,2026-08-24 12:25,SHORT,1,7678.75,7687.0,7682.75,7655.0,27.75,7668.875,7686.0,7686.25,7668.75,-362.5,4.14,12.5,37.5,54.14,-416.64,stop,15,0.0,175.0,False,0.0,-416.64,2026-08,Mon,12,STRESS_2TICK
249,2026-08-24,2026-08-24 12:35,2026-08-24 13:30,SHORT,1,7679.75,7668.75,7682.75,7655.0,27.75,7668.875,7686.5,7686.75,7668.75,562.5,4.14,12.5,0.0,16.64,545.86,target,55,-412.5,0.0,False,-416.64,129.22,2026-08,Mon,12,STRESS_2TICK
250,2026-08-25,2026-08-25 10:40,2026-08-25 10:45,LONG,1,7683.5,7674.75,7701.25,7680.0,21.25,7690.625,7675.75,7675.5,7690.75,-387.5,4.14,12.5,37.5,54.14,-441.64,stop,5,-450.0,0.0,False,0.0,-441.64,2026-08,Tue,10,STRESS_2TICK
251,2026-08-25,2026-08-25 11:00,2026-08-25 11:35,LONG,1,7680.5,7690.75,7701.25,7680.0,21.25,7690.625,7673.25,7673.0,7690.75,525.0,4.14,12.5,0.0,16.64,508.36,target,35,-212.5,525.0,False,-441.64,66.72,2026-08,Tue,11,STRESS_2TICK
252,2026-08-26,2026-08-26 13:00,2026-08-26 13:40,LONG,1,7679.5,7690.75,7702.5,7678.75,23.75,7690.625,7671.0,7670.75,7690.75,575.0,4.14,12.5,0.0,16.64,558.36,target,40,-87.5,562.5,False,0.0,558.36,2026-08,Wed,13,STRESS_2TICK
253,2026-08-27,2026-08-27 10:40,2026-08-27 10:50,SHORT,1,7724.75,7733.25,7730.25,7702.75,27.5,7716.5,7732.25,7732.5,7716.5,-375.0,4.14,12.5,37.5,54.14,-429.14,stop,10,0.0,12.5,False,0.0,-429.14,2026-08,Thu,10,STRESS_2TICK
254,2026-08-27,2026-08-27 11:45,2026-08-27 11:55,SHORT,1,7727.5,7741.0,7730.25,7702.75,27.5,7716.5,7742.75,7743.0,7716.5,-637.5,4.14,12.5,25.0,41.64,-679.14,governor_killswitch,10,0.0,25.0,False,-429.14,-1108.28,2026-08,Thu,11,STRESS_2TICK
255,2026-08-28,2026-08-28 11:45,2026-08-28 11:55,SHORT,1,7757.25,7743.5,7760.5,7726.5,34.0,7743.5,7782.5,7782.75,7743.5,700.0,4.14,12.5,0.0,16.64,683.36,target,10,-162.5,0.0,False,0.0,683.36,2026-08,Fri,11,STRESS_2TICK
256,2026-08-28,2026-08-28 12:20,2026-08-28 12:25,LONG,1,7731.0,7725.25,7760.5,7726.5,34.0,7743.5,7726.25,7726.0,7743.5,-237.5,4.14,12.5,37.5,54.14,-291.64,stop,5,-550.0,75.0,False,683.36,391.72,2026-08,Fri,12,STRESS_2TICK
257,2026-09-01,2026-09-01 10:50,2026-09-01 11:50,SHORT,1,7666.25,7673.25,7667.75,7638.75,29.0,7653.25,7673.0,7673.25,7653.25,-312.5,4.14,12.5,25.0,41.64,-354.14,time_stop,60,-375.0,87.5,False,0.0,-354.14,2026-09,Tue,10,STRESS_2TICK
258,2026-09-01,2026-09-01 12:10,2026-09-01 12:25,SHORT,1,7665.75,7653.25,7667.75,7638.75,29.0,7653.25,7673.75,7674.0,7653.25,637.5,4.14,12.5,0.0,16.64,620.86,target,15,-400.0,0.0,False,-354.14,266.72,2026-09,Tue,12,STRESS_2TICK
259,2026-09-03,2026-09-03 11:00,2026-09-03 11:00,LONG,1,7718.5,7713.5,7726.5,7700.5,26.0,7713.5,7700.0,7699.75,7713.5,-237.5,4.14,12.5,0.0,16.64,-254.14,target_immediate,0,0.0,0.0,False,0.0,-254.14,2026-09,Thu,11,STRESS_2TICK
260,2026-09-04,2026-09-04 12:20,2026-09-04 13:20,LONG,1,7730.75,7724.25,7751.0,7729.5,21.5,7740.25,7711.75,7711.5,7740.25,-287.5,4.14,12.5,25.0,41.64,-329.14,time_stop,60,-337.5,225.0,False,0.0,-329.14,2026-09,Fri,12,STRESS_2TICK
261,2026-09-09,2026-09-09 11:05,2026-09-09 11:05,SHORT,1,7648.5,7654.0,7663.75,7644.5,19.25,7654.125,7665.0,7665.25,7654.0,-262.5,4.14,12.5,0.0,16.64,-279.14,target_immediate,0,0.0,0.0,False,0.0,-279.14,2026-09,Wed,11,STRESS_2TICK
262,2026-09-09,2026-09-09 11:40,2026-09-09 12:00,LONG,1,7648.75,7640.75,7663.75,7644.5,19.25,7654.125,7628.75,7628.5,7654.25,-362.5,4.14,12.5,25.0,41.64,-404.14,governor_killswitch,20,-525.0,100.0,False,-279.14,-683.28,2026-09,Wed,11,STRESS_2TICK
