trade_id,strategy,instrument,session,direction,quantity,entry_bar,exit_bar,entry_time,exit_time,entry_price,exit_price,gross_pnl,commission_and_spread,slippage,net_pnl,mae,mfe,r_multiple,exit_reason,holding_minutes,ambiguous_bar,forced_flatten,day_of_week,month,execution_path_mode
1,example_failed_reversal,MNQ,2025-09-12,1,1,208,209,2025-09-12 16:58:00+00:00,2025-09-12 16:59:00+00:00,24348.5,24346.0,-5.0,1.72,0.5,-7.22,-7.0,0.5,-0.41214293243385686,signal_invalidation,1,False,False,Friday,2025-09,INTRABAR_CONSERVATIVE
2,example_failed_reversal,MNQ,2025-09-12,1,1,272,273,2025-09-12 18:02:00+00:00,2025-09-12 18:03:00+00:00,24350.25,24349.5,-1.5,1.72,0.5,-3.7199999999999998,-1.5,3.0,-0.12364287973015704,signal_invalidation,1,False,False,Friday,2025-09,INTRABAR_CONSERVATIVE
3,example_failed_reversal,MNQ,2025-09-12,1,1,362,363,2025-09-12 19:32:00+00:00,2025-09-12 19:33:00+00:00,24342.5,24342.0,-1.0,1.72,0.5,-3.2199999999999998,-2.0,7.0,-0.08242858648677137,signal_invalidation,1,False,False,Friday,2025-09,INTRABAR_CONSERVATIVE
4,example_failed_reversal,MNQ,2025-09-12,1,1,377,378,2025-09-12 19:47:00+00:00,2025-09-12 19:48:00+00:00,24346.5,24349.25,5.5,1.72,0.5,3.2800000000000002,-4.0,9.5,0.4533572256772425,signal_invalidation,1,False,False,Friday,2025-09,INTRABAR_CONSERVATIVE
5,example_failed_reversal,MNQ,2025-09-12,1,1,389,390,2025-09-12 19:59:00+00:00,2025-09-12 20:00:00+00:00,24347.5,24336.5,-22.0,1.72,0.5,-24.22,-25.0,3.5,-1.81342890270897,signal_invalidation,1,False,False,Friday,2025-09,INTRABAR_CONSERVATIVE
6,example_failed_reversal,MNQ,2025-09-17,-1,1,286,287,2025-09-17 18:16:00+00:00,2025-09-17 18:17:00+00:00,24351.25,24349.25,4.0,1.72,0.5,1.7800000000000002,-63.0,15.5,0.12568811025836782,signal_invalidation,1,False,False,Wednesday,2025-09,INTRABAR_CONSERVATIVE
7,example_failed_reversal,MNQ,2025-09-17,-1,1,327,328,2025-09-17 18:57:00+00:00,2025-09-17 18:58:00+00:00,24352.0,24379.75,-55.5,1.72,0.5,-57.72,-64.5,8.0,-1.7439225298348535,signal_invalidation,1,False,False,Wednesday,2025-09,INTRABAR_CONSERVATIVE
8,example_failed_reversal,MNQ,2025-09-23,-1,1,258,259,2025-09-23 17:48:00+00:00,2025-09-23 17:49:00+00:00,24829.5,24839.75,-20.5,1.72,0.5,-22.72,-24.5,0.5,-1.028221409787698,signal_invalidation,1,False,False,Tuesday,2025-09,INTRABAR_CONSERVATIVE
9,example_failed_reversal,MNQ,2025-09-23,-1,1,263,264,2025-09-23 17:53:00+00:00,2025-09-23 17:54:00+00:00,24822.5,24816.25,12.5,1.72,0.5,10.280000000000001,-4.0,17.0,0.6269642742607915,signal_invalidation,1,False,False,Tuesday,2025-09,INTRABAR_CONSERVATIVE
10,example_failed_reversal,MNQ,2025-09-23,-1,1,265,266,2025-09-23 17:55:00+00:00,2025-09-23 17:56:00+00:00,24823.75,24820.5,6.5,1.72,0.5,4.28,-8.5,16.5,0.32602142261561157,signal_invalidation,1,False,False,Tuesday,2025-09,INTRABAR_CONSERVATIVE
11,example_failed_reversal,MNQ,2025-09-23,-1,1,267,268,2025-09-23 17:57:00+00:00,2025-09-23 17:58:00+00:00,24832.25,24838.0,-11.5,1.72,0.5,-13.719999999999999,-16.0,0.5,-0.5768071323199282,signal_invalidation,1,False,False,Tuesday,2025-09,INTRABAR_CONSERVATIVE
12,example_failed_reversal,MNQ,2025-09-23,-1,1,277,278,2025-09-23 18:07:00+00:00,2025-09-23 18:08:00+00:00,24823.25,24825.25,-4.0,1.72,0.5,-6.22,-12.0,1.5,-0.20062856776345328,signal_invalidation,1,False,False,Tuesday,2025-09,INTRABAR_CONSERVATIVE
13,example_failed_reversal,MNQ,2025-09-23,-1,1,296,297,2025-09-23 18:26:00+00:00,2025-09-23 18:27:00+00:00,24823.5,24823.25,0.5,1.72,0.5,-1.7199999999999998,-7.0,12.0,0.02507857097043166,signal_invalidation,1,False,False,Tuesday,2025-09,INTRABAR_CONSERVATIVE
14,example_failed_reversal,MNQ,2025-09-23,-1,1,301,302,2025-09-23 18:31:00+00:00,2025-09-23 18:32:00+00:00,24827.5,24829.75,-4.5,1.72,0.5,-6.72,-9.5,10.5,-0.22570713873388495,signal_invalidation,1,False,False,Tuesday,2025-09,INTRABAR_CONSERVATIVE
15,example_failed_reversal,MNQ,2025-09-23,-1,1,348,349,2025-09-23 19:18:00+00:00,2025-09-23 19:19:00+00:00,24824.25,24823.5,1.5,1.72,0.5,-0.7199999999999998,-5.0,5.0,0.07523571291129498,signal_invalidation,1,False,False,Tuesday,2025-09,INTRABAR_CONSERVATIVE
16,example_failed_reversal,MNQ,2025-09-23,-1,1,370,371,2025-09-23 19:40:00+00:00,2025-09-23 19:41:00+00:00,24823.0,24823.5,-1.0,1.72,0.5,-3.2199999999999998,-7.0,3.5,-0.05015714194086332,signal_invalidation,1,False,False,Tuesday,2025-09,INTRABAR_CONSERVATIVE
17,example_failed_reversal,MNQ,2025-10-01,1,1,167,168,2025-10-01 16:17:00+00:00,2025-10-01 16:18:00+00:00,24944.25,24946.25,4.0,1.72,0.5,1.7800000000000002,-2.0,8.5,0.22352436758610833,signal_invalidation,1,False,False,Wednesday,2025-10,INTRABAR_CONSERVATIVE
18,example_failed_reversal,MNQ,2025-10-01,1,1,169,170,2025-10-01 16:19:00+00:00,2025-10-01 16:20:00+00:00,24937.0,24931.75,-10.5,1.72,0.5,-12.719999999999999,-14.0,4.5,-0.5867514649135344,signal_invalidation,1,False,False,Wednesday,2025-10,INTRABAR_CONSERVATIVE
19,example_failed_reversal,MNQ,2025-10-01,1,1,182,183,2025-10-01 16:32:00+00:00,2025-10-01 16:33:00+00:00,24943.75,24946.5,5.5,1.72,0.5,3.2800000000000002,-1.0,7.5,0.30734600543089896,signal_invalidation,1,False,False,Wednesday,2025-10,INTRABAR_CONSERVATIVE
20,example_failed_reversal,MNQ,2025-10-01,1,1,189,190,2025-10-01 16:39:00+00:00,2025-10-01 16:40:00+00:00,24943.75,24943.75,0.0,1.72,0.5,-2.2199999999999998,-3.0,5.5,0.0,signal_invalidation,1,False,False,Wednesday,2025-10,INTRABAR_CONSERVATIVE
21,example_failed_reversal,MNQ,2025-10-03,-1,1,289,290,2025-10-03 18:19:00+00:00,2025-10-03 18:20:00+00:00,25006.25,24996.5,19.5,1.72,0.5,17.28,-11.5,28.0,0.8126732040076743,signal_invalidation,1,False,False,Friday,2025-10,INTRABAR_CONSERVATIVE
22,example_failed_reversal,MNQ,2025-10-03,-1,1,291,292,2025-10-03 18:21:00+00:00,2025-10-03 18:22:00+00:00,25005.0,25015.0,-20.0,1.72,0.5,-22.22,-25.5,2.5,-0.8335109784694096,signal_invalidation,1,False,False,Friday,2025-10,INTRABAR_CONSERVATIVE
23,example_failed_reversal,MNQ,2025-10-03,-1,1,325,326,2025-10-03 18:55:00+00:00,2025-10-03 18:56:00+00:00,24999.75,25007.25,-15.0,1.72,0.5,-17.22,-18.0,2.0,-0.6251332338520571,signal_invalidation,1,False,False,Friday,2025-10,INTRABAR_CONSERVATIVE
24,example_failed_reversal,MNQ,2025-10-03,-1,1,381,382,2025-10-03 19:51:00+00:00,2025-10-03 19:52:00+00:00,25004.0,25006.0,-4.0,1.72,0.5,-6.22,-13.0,7.5,-0.1667021956938819,signal_invalidation,1,False,False,Friday,2025-10,INTRABAR_CONSERVATIVE
25,example_failed_reversal,MNQ,2025-10-08,1,1,301,302,2025-10-08 18:31:00+00:00,2025-10-08 18:32:00+00:00,25280.75,25283.0,4.5,1.72,0.5,2.2800000000000002,-1.5,10.5,0.2955652612128339,signal_invalidation,1,False,False,Wednesday,2025-10,INTRABAR_CONSERVATIVE
26,example_failed_reversal,MNQ,2025-10-08,1,1,310,311,2025-10-08 18:40:00+00:00,2025-10-08 18:41:00+00:00,25278.25,25283.5,10.5,1.72,0.5,8.280000000000001,-8.0,12.0,0.6896522761632791,signal_invalidation,1,False,False,Wednesday,2025-10,INTRABAR_CONSERVATIVE
27,example_failed_reversal,MNQ,2025-10-08,1,1,312,313,2025-10-08 18:42:00+00:00,2025-10-08 18:43:00+00:00,25279.25,25278.5,-1.5,1.72,0.5,-3.7199999999999998,-6.5,3.5,-0.0985217537376113,signal_invalidation,1,False,False,Wednesday,2025-10,INTRABAR_CONSERVATIVE
28,example_failed_reversal,MNQ,2025-10-14,1,1,367,368,2025-10-14 19:37:00+00:00,2025-10-14 19:38:00+00:00,24785.25,24803.0,35.5,1.72,0.5,33.28,-46.0,44.0,1.019725242433147,signal_invalidation,1,False,False,Tuesday,2025-10,INTRABAR_CONSERVATIVE
29,example_failed_reversal,MNQ,2025-10-15,-1,1,227,228,2025-10-15 17:17:00+00:00,2025-10-15 17:18:00+00:00,24735.5,24734.25,2.5,1.72,0.5,0.28000000000000025,-3.0,51.5,0.06932624113475178,signal_invalidation,1,False,False,Wednesday,2025-10,INTRABAR_CONSERVATIVE
30,example_failed_reversal,MNQ,2025-10-15,-1,1,231,232,2025-10-15 17:21:00+00:00,2025-10-15 17:22:00+00:00,24759.25,24742.25,34.0,1.72,0.5,31.78,-19.0,46.0,0.9428368794326241,signal_invalidation,1,False,False,Wednesday,2025-10,INTRABAR_CONSERVATIVE
31,example_failed_reversal,MNQ,2025-10-16,-1,1,177,178,2025-10-16 16:27:00+00:00,2025-10-16 16:28:00+00:00,24885.25,24881.25,8.0,1.72,0.5,5.78,-17.5,12.5,0.15919385210443282,signal_invalidation,1,False,False,Thursday,2025-10,INTRABAR_CONSERVATIVE
32,example_failed_reversal,MNQ,2025-10-16,-1,1,205,206,2025-10-16 16:55:00+00:00,2025-10-16 16:56:00+00:00,24886.25,24896.25,-20.0,1.72,0.5,-22.22,-27.5,24.5,-0.397984630261082,signal_invalidation,1,False,False,Thursday,2025-10,INTRABAR_CONSERVATIVE
33,example_failed_reversal,MNQ,2025-10-16,-1,1,217,218,2025-10-16 17:07:00+00:00,2025-10-16 17:08:00+00:00,24883.25,24894.25,-22.0,1.72,0.5,-24.22,-48.5,33.0,-0.43778309328719023,signal_invalidation,1,False,False,Thursday,2025-10,INTRABAR_CONSERVATIVE
34,example_failed_reversal,MNQ,2025-10-16,-1,1,234,235,2025-10-16 17:24:00+00:00,2025-10-16 17:25:00+00:00,24893.75,24894.25,-1.0,1.72,0.5,-3.2199999999999998,-20.0,18.5,-0.019899231513054103,signal_invalidation,1,False,False,Thursday,2025-10,INTRABAR_CONSERVATIVE
35,example_failed_reversal,MNQ,2025-10-20,1,1,259,260,2025-10-20 17:49:00+00:00,2025-10-20 17:50:00+00:00,25351.25,25348.25,-6.0,1.72,0.5,-8.219999999999999,-6.5,0.5,-0.3276307520424552,signal_invalidation,1,False,False,Monday,2025-10,INTRABAR_CONSERVATIVE
36,example_failed_reversal,MNQ,2025-10-22,-1,1,191,192,2025-10-22 16:41:00+00:00,2025-10-22 16:42:00+00:00,25014.75,24982.75,64.0,1.72,0.5,61.78,-9.0,65.0,1.5697393595332936,signal_invalidation,1,False,False,Wednesday,2025-10,INTRABAR_CONSERVATIVE
37,example_failed_reversal,MNQ,2025-10-22,-1,1,195,196,2025-10-22 16:45:00+00:00,2025-10-22 16:46:00+00:00,25013.0,24996.0,34.0,1.72,0.5,31.78,0.0,44.5,0.8339240347520622,signal_invalidation,1,False,False,Wednesday,2025-10,INTRABAR_CONSERVATIVE
38,example_failed_reversal,MNQ,2025-10-22,-1,1,204,205,2025-10-22 16:54:00+00:00,2025-10-22 16:55:00+00:00,25009.75,25009.25,1.0,1.72,0.5,-1.2199999999999998,-54.5,25.0,0.024527177492707712,signal_invalidation,1,False,False,Wednesday,2025-10,INTRABAR_CONSERVATIVE
39,example_failed_reversal,MNQ,2025-10-22,-1,1,207,208,2025-10-22 16:57:00+00:00,2025-10-22 16:58:00+00:00,25020.75,25023.75,-6.0,1.72,0.5,-8.219999999999999,-17.0,15.5,-0.14716306495624626,signal_invalidation,1,False,False,Wednesday,2025-10,INTRABAR_CONSERVATIVE
40,example_failed_reversal,MNQ,2025-10-22,-1,1,350,351,2025-10-22 19:20:00+00:00,2025-10-22 19:21:00+00:00,25006.25,25010.25,-8.0,1.72,0.5,-10.219999999999999,-19.5,16.0,-0.1962174199416617,signal_invalidation,1,False,False,Wednesday,2025-10,INTRABAR_CONSERVATIVE
41,example_failed_reversal,MNQ,2025-10-22,-1,1,358,359,2025-10-22 19:28:00+00:00,2025-10-22 19:29:00+00:00,25017.0,25009.0,16.0,1.72,0.5,13.780000000000001,0.0,23.0,0.3924348398833234,signal_invalidation,1,False,False,Wednesday,2025-10,INTRABAR_CONSERVATIVE
42,example_failed_reversal,MNQ,2025-10-28,1,1,265,266,2025-10-28 17:55:00+00:00,2025-10-28 17:56:00+00:00,26146.75,26147.5,1.5,1.72,0.5,-0.7199999999999998,-11.0,5.5,0.08084637121786478,signal_invalidation,1,False,False,Tuesday,2025-10,INTRABAR_CONSERVATIVE
43,example_failed_reversal,MNQ,2025-10-28,1,1,271,272,2025-10-28 18:01:00+00:00,2025-10-28 18:02:00+00:00,26151.25,26154.0,5.5,1.72,0.5,3.2800000000000002,-7.5,9.0,0.2964366944655042,signal_invalidation,1,False,False,Tuesday,2025-10,INTRABAR_CONSERVATIVE
44,example_failed_reversal,MNQ,2025-10-29,-1,1,306,307,2025-10-29 18:36:00+00:00,2025-10-29 18:37:00+00:00,26161.25,26138.0,46.5,1.72,0.5,44.28,-9.5,102.5,1.4449831114643354,signal_invalidation,1,False,False,Wednesday,2025-10,INTRABAR_CONSERVATIVE
45,example_failed_reversal,MNQ,2025-10-29,-1,1,321,322,2025-10-29 18:51:00+00:00,2025-10-29 18:52:00+00:00,26182.0,26185.5,-7.0,1.72,0.5,-9.219999999999999,-37.5,21.0,-0.21752433936022256,signal_invalidation,1,False,False,Wednesday,2025-10,INTRABAR_CONSERVATIVE
46,example_failed_reversal,MNQ,2025-10-29,-1,1,335,336,2025-10-29 19:05:00+00:00,2025-10-29 19:06:00+00:00,26172.25,26185.25,-26.0,1.72,0.5,-28.22,-53.5,2.0,-0.8079475461951123,signal_invalidation,1,False,False,Wednesday,2025-10,INTRABAR_CONSERVATIVE
47,example_failed_reversal,MNQ,2025-10-31,-1,1,227,228,2025-10-31 17:17:00+00:00,2025-10-31 17:18:00+00:00,25925.0,25913.75,22.5,1.72,0.5,20.28,-2.5,24.5,0.7264657308009909,signal_invalidation,1,False,False,Friday,2025-10,INTRABAR_CONSERVATIVE
48,example_failed_reversal,MNQ,2025-10-31,-1,1,234,235,2025-10-31 17:24:00+00:00,2025-10-31 17:25:00+00:00,25910.0,25913.0,-6.0,1.72,0.5,-8.219999999999999,-17.5,8.0,-0.19372419488026424,signal_invalidation,1,False,False,Friday,2025-10,INTRABAR_CONSERVATIVE
49,example_failed_reversal,MNQ,2025-10-31,-1,1,247,248,2025-10-31 17:37:00+00:00,2025-10-31 17:38:00+00:00,25913.75,25917.0,-6.5,1.72,0.5,-8.719999999999999,-13.0,15.5,-0.20986787778695293,signal_invalidation,1,False,False,Friday,2025-10,INTRABAR_CONSERVATIVE
50,example_failed_reversal,MNQ,2025-10-31,-1,1,252,253,2025-10-31 17:42:00+00:00,2025-10-31 17:43:00+00:00,25919.75,25937.0,-34.5,1.72,0.5,-36.72,-46.5,0.5,-1.1139141205615193,signal_invalidation,1,False,False,Friday,2025-10,INTRABAR_CONSERVATIVE
51,example_failed_reversal,MNQ,2025-11-05,1,1,332,333,2025-11-05 20:02:00+00:00,2025-11-05 20:03:00+00:00,25867.75,25859.25,-17.0,1.72,0.5,-19.22,-18.0,2.5,-0.652626411389298,signal_invalidation,1,False,False,Wednesday,2025-11,INTRABAR_CONSERVATIVE
52,example_failed_reversal,MNQ,2025-11-06,-1,1,126,127,2025-11-06 16:36:00+00:00,2025-11-06 16:37:00+00:00,25270.75,25258.25,25.0,1.72,0.5,22.78,-25.0,29.5,0.5648656457671193,signal_invalidation,1,False,False,Thursday,2025-11,INTRABAR_CONSERVATIVE
53,example_failed_reversal,MNQ,2025-11-06,-1,1,130,131,2025-11-06 16:40:00+00:00,2025-11-06 16:41:00+00:00,25260.75,25249.75,22.0,1.72,0.5,19.78,-15.0,33.5,0.497081768275065,signal_invalidation,1,False,False,Thursday,2025-11,INTRABAR_CONSERVATIVE
54,example_failed_reversal,MNQ,2025-11-06,-1,1,134,135,2025-11-06 16:44:00+00:00,2025-11-06 16:45:00+00:00,25258.25,25242.75,31.0,1.72,0.5,28.78,-1.5,45.5,0.700433400751228,signal_invalidation,1,False,False,Thursday,2025-11,INTRABAR_CONSERVATIVE
55,example_failed_reversal,MNQ,2025-11-06,-1,1,142,143,2025-11-06 16:52:00+00:00,2025-11-06 16:53:00+00:00,25278.0,25257.5,41.0,1.72,0.5,38.78,-13.5,51.5,0.9263796590580757,signal_invalidation,1,False,False,Thursday,2025-11,INTRABAR_CONSERVATIVE
56,example_failed_reversal,MNQ,2025-11-06,-1,1,144,145,2025-11-06 16:54:00+00:00,2025-11-06 16:55:00+00:00,25273.0,25233.25,79.5,1.72,0.5,77.28,0.0,88.0,1.7962727535394394,signal_invalidation,1,False,False,Thursday,2025-11,INTRABAR_CONSERVATIVE
57,example_failed_reversal,MNQ,2025-11-06,-1,1,150,151,2025-11-06 17:00:00+00:00,2025-11-06 17:01:00+00:00,25259.25,25258.0,2.5,1.72,0.5,0.28000000000000025,-28.5,8.5,0.05648656457671193,signal_invalidation,1,False,False,Thursday,2025-11,INTRABAR_CONSERVATIVE
58,example_failed_reversal,MNQ,2025-11-06,-1,1,152,153,2025-11-06 17:02:00+00:00,2025-11-06 17:03:00+00:00,25270.5,25249.75,41.5,1.72,0.5,39.28,-6.0,54.5,0.937676971973418,signal_invalidation,1,False,False,Thursday,2025-11,INTRABAR_CONSERVATIVE
59,example_failed_reversal,MNQ,2025-11-06,-1,1,154,155,2025-11-06 17:04:00+00:00,2025-11-06 17:05:00+00:00,25265.75,25272.0,-12.5,1.72,0.5,-14.719999999999999,-22.5,15.5,-0.28243282288355964,signal_invalidation,1,False,False,Thursday,2025-11,INTRABAR_CONSERVATIVE
60,example_failed_reversal,MNQ,2025-11-06,-1,1,159,160,2025-11-06 17:09:00+00:00,2025-11-06 17:10:00+00:00,25276.5,25296.75,-40.5,1.72,0.5,-42.72,-46.5,5.0,-0.9150823461427333,signal_invalidation,1,False,False,Thursday,2025-11,INTRABAR_CONSERVATIVE
61,example_failed_reversal,MNQ,2025-11-06,-1,1,168,169,2025-11-06 17:18:00+00:00,2025-11-06 17:19:00+00:00,25260.5,25260.0,1.0,1.72,0.5,-1.2199999999999998,-8.5,21.0,0.02259462583068477,signal_invalidation,1,False,False,Thursday,2025-11,INTRABAR_CONSERVATIVE
62,example_failed_reversal,MNQ,2025-11-06,-1,1,182,183,2025-11-06 17:32:00+00:00,2025-11-06 17:33:00+00:00,25265.5,25270.75,-10.5,1.72,0.5,-12.719999999999999,-30.5,8.0,-0.2372435712221901,signal_invalidation,1,False,False,Thursday,2025-11,INTRABAR_CONSERVATIVE
63,example_failed_reversal,MNQ,2025-11-06,-1,1,185,186,2025-11-06 17:35:00+00:00,2025-11-06 17:36:00+00:00,25270.5,25271.5,-2.0,1.72,0.5,-4.22,-9.5,23.0,-0.04518925166136954,signal_invalidation,1,False,False,Thursday,2025-11,INTRABAR_CONSERVATIVE
64,example_failed_reversal,MNQ,2025-11-06,-1,1,190,191,2025-11-06 17:40:00+00:00,2025-11-06 17:41:00+00:00,25264.75,25258.25,13.0,1.72,0.5,10.780000000000001,-23.0,16.0,0.29373013579890206,signal_invalidation,1,False,False,Thursday,2025-11,INTRABAR_CONSERVATIVE
65,example_failed_reversal,MNQ,2025-11-06,-1,1,230,231,2025-11-06 18:20:00+00:00,2025-11-06 18:21:00+00:00,25263.5,25260.25,6.5,1.72,0.5,4.28,-18.0,29.0,0.14686506789945103,signal_invalidation,1,False,False,Thursday,2025-11,INTRABAR_CONSERVATIVE
66,example_failed_reversal,MNQ,2025-11-06,-1,1,385,386,2025-11-06 20:55:00+00:00,2025-11-06 20:56:00+00:00,25260.5,25253.5,14.0,1.72,0.5,11.780000000000001,-14.0,16.5,0.31632476162958684,signal_invalidation,1,False,False,Thursday,2025-11,INTRABAR_CONSERVATIVE
67,example_failed_reversal,MNQ,2025-11-06,-1,1,389,390,2025-11-06 20:59:00+00:00,2025-11-06 21:00:00+00:00,25259.0,25258.5,1.0,1.72,0.5,-1.2199999999999998,-4.0,35.0,0.02259462583068477,signal_invalidation,1,False,False,Thursday,2025-11,INTRABAR_CONSERVATIVE
68,example_failed_reversal,MNQ,2025-11-14,1,1,162,163,2025-11-14 17:12:00+00:00,2025-11-14 17:13:00+00:00,25279.75,25285.0,10.5,1.72,0.5,8.280000000000001,-14.0,16.5,0.22469419587882766,signal_invalidation,1,False,False,Friday,2025-11,INTRABAR_CONSERVATIVE
69,example_failed_reversal,MNQ,2025-11-14,1,1,164,165,2025-11-14 17:14:00+00:00,2025-11-14 17:15:00+00:00,25279.5,25261.5,-36.0,1.72,0.5,-38.22,-55.0,10.5,-0.7703801001559806,signal_invalidation,1,False,False,Friday,2025-11,INTRABAR_CONSERVATIVE
70,example_failed_reversal,MNQ,2025-11-14,1,1,189,190,2025-11-14 17:39:00+00:00,2025-11-14 17:40:00+00:00,25277.5,25257.5,-40.0,1.72,0.5,-42.22,-57.0,5.0,-0.8559778890622006,signal_invalidation,1,False,False,Friday,2025-11,INTRABAR_CONSERVATIVE
71,example_failed_reversal,MNQ,2025-11-20,-1,1,115,116,2025-11-20 16:25:00+00:00,2025-11-20 16:26:00+00:00,24935.25,24926.25,18.0,1.72,0.5,15.780000000000001,-21.5,48.0,0.23571966842501882,signal_invalidation,1,False,False,Thursday,2025-11,INTRABAR_CONSERVATIVE
72,example_failed_reversal,MNQ,2025-11-20,-1,1,117,118,2025-11-20 16:27:00+00:00,2025-11-20 16:28:00+00:00,24965.5,24952.5,26.0,1.72,0.5,23.78,-23.5,29.5,0.34048396550280496,signal_invalidation,1,False,False,Thursday,2025-11,INTRABAR_CONSERVATIVE
73,example_failed_reversal,MNQ,2025-11-21,1,1,264,265,2025-11-21 18:54:00+00:00,2025-11-21 18:55:00+00:00,24474.0,24504.75,61.5,1.72,0.5,59.28,-23.5,77.0,0.9257020768771774,signal_invalidation,1,False,False,Friday,2025-11,INTRABAR_CONSERVATIVE
74,example_failed_reversal,MNQ,2025-11-21,1,1,267,268,2025-11-21 18:57:00+00:00,2025-11-21 18:58:00+00:00,24472.25,24489.75,35.0,1.72,0.5,32.78,-33.5,42.5,0.5268223201740034,signal_invalidation,1,False,False,Friday,2025-11,INTRABAR_CONSERVATIVE
75,example_failed_reversal,MNQ,2025-11-21,1,1,323,324,2025-11-21 19:53:00+00:00,2025-11-21 19:54:00+00:00,24446.0,24454.25,16.5,1.72,0.5,14.280000000000001,-38.5,18.5,0.2483590937963159,signal_invalidation,1,False,False,Friday,2025-11,INTRABAR_CONSERVATIVE
76,example_failed_reversal,MNQ,2025-11-21,1,1,343,344,2025-11-21 20:13:00+00:00,2025-11-21 20:14:00+00:00,24470.75,24477.5,13.5,1.72,0.5,11.280000000000001,-18.0,19.5,0.20320289492425847,signal_invalidation,1,False,False,Friday,2025-11,INTRABAR_CONSERVATIVE
77,example_failed_reversal,MNQ,2025-11-21,1,1,345,346,2025-11-21 20:15:00+00:00,2025-11-21 20:16:00+00:00,24474.25,24484.25,20.0,1.72,0.5,17.78,-23.5,22.0,0.30104132581371623,signal_invalidation,1,False,False,Friday,2025-11,INTRABAR_CONSERVATIVE
78,example_failed_reversal,MNQ,2025-11-21,1,1,353,354,2025-11-21 20:23:00+00:00,2025-11-21 20:24:00+00:00,24449.5,24444.0,-11.0,1.72,0.5,-13.219999999999999,-43.5,6.0,-0.16557272919754393,signal_invalidation,1,False,False,Friday,2025-11,INTRABAR_CONSERVATIVE
79,example_failed_reversal,MNQ,2025-11-24,1,1,315,316,2025-11-24 19:45:00+00:00,2025-11-24 19:46:00+00:00,24910.0,24910.75,1.5,1.72,0.5,-0.7199999999999998,-8.5,6.5,0.04660865419001072,signal_invalidation,1,False,False,Monday,2025-11,INTRABAR_CONSERVATIVE
80,example_failed_reversal,MNQ,2025-11-24,1,1,317,318,2025-11-24 19:47:00+00:00,2025-11-24 19:48:00+00:00,24906.25,24912.75,13.0,1.72,0.5,10.780000000000001,0.0,17.0,0.4039416696467596,signal_invalidation,1,False,False,Monday,2025-11,INTRABAR_CONSERVATIVE
81,example_failed_reversal,MNQ,2025-11-24,1,1,319,320,2025-11-24 19:49:00+00:00,2025-11-24 19:50:00+00:00,24910.0,24923.5,27.0,1.72,0.5,24.78,0.0,31.0,0.8389557754201931,signal_invalidation,1,False,False,Monday,2025-11,INTRABAR_CONSERVATIVE
82,example_failed_reversal,MNQ,2025-11-24,1,1,322,323,2025-11-24 19:52:00+00:00,2025-11-24 19:53:00+00:00,24904.0,24898.0,-12.0,1.72,0.5,-14.219999999999999,-21.5,5.0,-0.3728692335200858,signal_invalidation,1,False,False,Monday,2025-11,INTRABAR_CONSERVATIVE
83,example_failed_reversal,MNQ,2025-12-03,1,1,247,248,2025-12-03 18:37:00+00:00,2025-12-03 18:38:00+00:00,25632.75,25638.0,10.5,1.72,0.5,8.280000000000001,-1.5,12.0,0.4031521579024893,signal_invalidation,1,False,False,Wednesday,2025-12,INTRABAR_CONSERVATIVE
84,example_failed_reversal,MNQ,2025-12-03,1,1,266,267,2025-12-03 18:56:00+00:00,2025-12-03 18:57:00+00:00,25633.25,25629.0,-8.5,1.72,0.5,-10.719999999999999,-14.5,8.0,-0.32636127068296755,signal_invalidation,1,False,False,Wednesday,2025-12,INTRABAR_CONSERVATIVE
85,example_failed_reversal,MNQ,2025-12-10,1,1,306,307,2025-12-10 19:36:00+00:00,2025-12-10 19:37:00+00:00,25718.75,25705.75,-26.0,1.72,0.5,-28.22,-54.0,18.0,-0.7993080945080002,signal_invalidation,1,False,False,Wednesday,2025-12,INTRABAR_CONSERVATIVE
86,example_failed_reversal,MNQ,2025-12-12,-1,1,61,62,2025-12-12 15:31:00+00:00,2025-12-12 15:32:00+00:00,25600.75,25616.5,-31.5,1.72,0.5,-33.72,-32.5,31.0,-0.8644371139809096,signal_invalidation,1,False,False,Friday,2025-12,INTRABAR_CONSERVATIVE
87,example_failed_reversal,MNQ,2025-12-12,-1,1,66,67,2025-12-12 15:36:00+00:00,2025-12-12 15:37:00+00:00,25616.5,25618.5,-4.0,1.72,0.5,-6.22,-36.0,5.5,-0.10976979225154407,signal_invalidation,1,False,False,Friday,2025-12,INTRABAR_CONSERVATIVE
88,example_failed_reversal,MNQ,2025-12-12,-1,1,222,223,2025-12-12 18:12:00+00:00,2025-12-12 18:13:00+00:00,25601.5,25596.75,9.5,1.72,0.5,7.28,-12.5,35.0,0.26070325659741717,signal_invalidation,1,False,False,Friday,2025-12,INTRABAR_CONSERVATIVE
89,example_failed_reversal,MNQ,2025-12-12,-1,1,225,226,2025-12-12 18:15:00+00:00,2025-12-12 18:16:00+00:00,25603.75,25616.75,-26.0,1.72,0.5,-28.22,-28.0,7.0,-0.7135036496350364,signal_invalidation,1,False,False,Friday,2025-12,INTRABAR_CONSERVATIVE
90,example_failed_reversal,MNQ,2025-12-12,-1,1,239,240,2025-12-12 18:29:00+00:00,2025-12-12 18:30:00+00:00,25594.75,25586.5,16.5,1.72,0.5,14.280000000000001,-3.5,18.0,0.4528003930376193,signal_invalidation,1,False,False,Friday,2025-12,INTRABAR_CONSERVATIVE
91,example_failed_reversal,MNQ,2025-12-17,-1,1,258,259,2025-12-17 18:48:00+00:00,2025-12-17 18:49:00+00:00,24953.75,24949.75,8.0,1.72,0.5,5.78,-4.5,16.0,0.19494562338350319,signal_invalidation,1,False,False,Wednesday,2025-12,INTRABAR_CONSERVATIVE
92,example_failed_reversal,MNQ,2025-12-17,-1,1,268,269,2025-12-17 18:58:00+00:00,2025-12-17 18:59:00+00:00,24955.0,24958.5,-7.0,1.72,0.5,-9.219999999999999,-7.0,10.0,-0.1705774204605653,signal_invalidation,1,False,False,Wednesday,2025-12,INTRABAR_CONSERVATIVE
93,example_failed_reversal,MNQ,2025-12-17,-1,1,275,276,2025-12-17 19:05:00+00:00,2025-12-17 19:06:00+00:00,24954.25,24949.5,9.5,1.72,0.5,7.28,-12.0,17.0,0.23149792776791003,signal_invalidation,1,False,False,Wednesday,2025-12,INTRABAR_CONSERVATIVE
94,example_failed_reversal,MNQ,2025-12-17,-1,1,280,281,2025-12-17 19:10:00+00:00,2025-12-17 19:11:00+00:00,24952.75,24943.75,18.0,1.72,0.5,15.780000000000001,-7.0,20.5,0.43862765261288217,signal_invalidation,1,False,False,Wednesday,2025-12,INTRABAR_CONSERVATIVE
95,example_failed_reversal,MNQ,2025-12-17,-1,1,284,285,2025-12-17 19:14:00+00:00,2025-12-17 19:15:00+00:00,24954.25,24952.5,3.5,1.72,0.5,1.2800000000000002,-11.0,4.5,0.08528871023028264,signal_invalidation,1,False,False,Wednesday,2025-12,INTRABAR_CONSERVATIVE
96,example_failed_reversal,MNQ,2025-12-17,-1,1,291,292,2025-12-17 19:21:00+00:00,2025-12-17 19:22:00+00:00,24955.75,24961.5,-11.5,1.72,0.5,-13.719999999999999,-12.0,10.5,-0.2802343336137858,signal_invalidation,1,False,False,Wednesday,2025-12,INTRABAR_CONSERVATIVE
97,example_failed_reversal,MNQ,2025-12-17,-1,1,300,301,2025-12-17 19:30:00+00:00,2025-12-17 19:31:00+00:00,24953.5,24944.75,17.5,1.72,0.5,15.280000000000001,-2.0,26.5,0.4264435511514132,signal_invalidation,1,False,False,Wednesday,2025-12,INTRABAR_CONSERVATIVE
98,example_failed_reversal,MNQ,2025-12-17,-1,1,309,310,2025-12-17 19:39:00+00:00,2025-12-17 19:40:00+00:00,24954.5,24948.0,13.0,1.72,0.5,10.780000000000001,-18.5,14.5,0.3167866379981927,signal_invalidation,1,False,False,Wednesday,2025-12,INTRABAR_CONSERVATIVE
99,example_failed_reversal,MNQ,2025-12-17,-1,1,311,312,2025-12-17 19:41:00+00:00,2025-12-17 19:42:00+00:00,24958.75,24964.25,-11.0,1.72,0.5,-13.219999999999999,-16.5,6.0,-0.2680502321523169,signal_invalidation,1,False,False,Wednesday,2025-12,INTRABAR_CONSERVATIVE
100,example_failed_reversal,MNQ,2025-12-17,-1,1,314,315,2025-12-17 19:44:00+00:00,2025-12-17 19:45:00+00:00,24958.75,24958.25,1.0,1.72,0.5,-1.2199999999999998,-22.0,8.0,0.024368202922937898,signal_invalidation,1,False,False,Wednesday,2025-12,INTRABAR_CONSERVATIVE
101,example_failed_reversal,MNQ,2025-12-17,-1,1,322,323,2025-12-17 19:52:00+00:00,2025-12-17 19:53:00+00:00,24961.0,24972.0,-22.0,1.72,0.5,-24.22,-28.5,0.0,-0.5361004643046338,signal_invalidation,1,False,False,Wednesday,2025-12,INTRABAR_CONSERVATIVE
102,example_failed_reversal,MNQ,2025-12-17,-1,1,335,336,2025-12-17 20:05:00+00:00,2025-12-17 20:06:00+00:00,24955.25,24952.75,5.0,1.72,0.5,2.7800000000000002,-12.5,13.5,0.12184101461468949,signal_invalidation,1,False,False,Wednesday,2025-12,INTRABAR_CONSERVATIVE
103,example_failed_reversal,MNQ,2025-12-17,-1,1,342,343,2025-12-17 20:12:00+00:00,2025-12-17 20:13:00+00:00,24956.0,24951.5,9.0,1.72,0.5,6.78,-5.5,13.0,0.21931382630644108,signal_invalidation,1,False,False,Wednesday,2025-12,INTRABAR_CONSERVATIVE
104,example_failed_reversal,MNQ,2025-12-17,-1,1,344,345,2025-12-17 20:14:00+00:00,2025-12-17 20:15:00+00:00,24954.0,24957.25,-6.5,1.72,0.5,-8.719999999999999,-10.5,4.5,-0.15839331899909634,signal_invalidation,1,False,False,Wednesday,2025-12,INTRABAR_CONSERVATIVE
105,example_failed_reversal,MNQ,2025-12-17,-1,1,359,360,2025-12-17 20:29:00+00:00,2025-12-17 20:30:00+00:00,24955.0,24951.25,7.5,1.72,0.5,5.28,-26.0,7.5,0.18276152192203424,signal_invalidation,1,False,False,Wednesday,2025-12,INTRABAR_CONSERVATIVE
106,example_failed_reversal,MNQ,2025-12-17,-1,1,364,365,2025-12-17 20:34:00+00:00,2025-12-17 20:35:00+00:00,24953.75,24942.5,22.5,1.72,0.5,20.28,-4.5,29.5,0.5482845657661026,signal_invalidation,1,False,False,Wednesday,2025-12,INTRABAR_CONSERVATIVE
107,example_failed_reversal,MNQ,2025-12-17,-1,1,370,371,2025-12-17 20:40:00+00:00,2025-12-17 20:41:00+00:00,24957.0,24956.5,1.0,1.72,0.5,-1.2199999999999998,-9.0,8.5,0.024368202922937898,signal_invalidation,1,False,False,Wednesday,2025-12,INTRABAR_CONSERVATIVE
108,example_failed_reversal,MNQ,2026-01-02,-1,1,123,124,2026-01-02 16:33:00+00:00,2026-01-02 16:34:00+00:00,25405.25,25418.25,-26.0,1.72,0.5,-28.22,-44.0,7.0,-0.6909300982091277,signal_invalidation,1,False,False,Friday,2026-01,INTRABAR_CONSERVATIVE
109,example_failed_reversal,MNQ,2026-01-02,-1,1,126,127,2026-01-02 16:36:00+00:00,2026-01-02 16:37:00+00:00,25419.25,25393.5,51.5,1.72,0.5,49.28,-15.0,53.0,1.3685730791450028,signal_invalidation,1,False,False,Friday,2026-01,INTRABAR_CONSERVATIVE
110,example_failed_reversal,MNQ,2026-01-02,-1,1,293,294,2026-01-02 19:23:00+00:00,2026-01-02 19:24:00+00:00,25401.0,25409.0,-16.0,1.72,0.5,-18.22,-22.0,5.0,-0.42518775274407855,signal_invalidation,1,False,False,Friday,2026-01,INTRABAR_CONSERVATIVE
111,example_failed_reversal,MNQ,2026-01-02,-1,1,299,300,2026-01-02 19:29:00+00:00,2026-01-02 19:30:00+00:00,25411.25,25419.0,-15.5,1.72,0.5,-17.72,-41.0,3.0,-0.4119006354708261,signal_invalidation,1,False,False,Friday,2026-01,INTRABAR_CONSERVATIVE
112,example_failed_reversal,MNQ,2026-01-02,-1,1,330,331,2026-01-02 20:00:00+00:00,2026-01-02 20:01:00+00:00,25406.0,25407.25,-2.5,1.72,0.5,-4.72,-14.5,5.0,-0.06643558636626228,signal_invalidation,1,False,False,Friday,2026-01,INTRABAR_CONSERVATIVE
113,example_failed_reversal,MNQ,2026-01-02,-1,1,333,334,2026-01-02 20:03:00+00:00,2026-01-02 20:04:00+00:00,25417.0,25410.25,13.5,1.72,0.5,11.280000000000001,-7.0,18.5,0.3587521663778163,signal_invalidation,1,False,False,Friday,2026-01,INTRABAR_CONSERVATIVE
114,example_failed_reversal,MNQ,2026-01-02,-1,1,380,381,2026-01-02 20:50:00+00:00,2026-01-02 20:51:00+00:00,25402.5,25381.75,41.5,1.72,0.5,39.28,-0.5,50.5,1.1028307336799539,signal_invalidation,1,False,False,Friday,2026-01,INTRABAR_CONSERVATIVE
115,example_failed_reversal,MNQ,2026-01-07,1,1,162,163,2026-01-07 17:12:00+00:00,2026-01-07 17:13:00+00:00,25976.25,25973.0,-6.5,1.72,0.5,-8.719999999999999,-11.5,1.5,-0.3146199554345135,signal_invalidation,1,False,False,Wednesday,2026-01,INTRABAR_CONSERVATIVE
116,example_failed_reversal,MNQ,2026-01-07,1,1,182,183,2026-01-07 17:32:00+00:00,2026-01-07 17:33:00+00:00,25977.25,25983.5,12.5,1.72,0.5,10.280000000000001,-1.0,13.0,0.6050383758356028,signal_invalidation,1,False,False,Wednesday,2026-01,INTRABAR_CONSERVATIVE
117,example_failed_reversal,MNQ,2026-01-07,1,1,185,186,2026-01-07 17:35:00+00:00,2026-01-07 17:36:00+00:00,25978.25,25978.0,-0.5,1.72,0.5,-2.7199999999999998,-2.5,6.0,-0.024201535033424114,signal_invalidation,1,False,False,Wednesday,2026-01,INTRABAR_CONSERVATIVE
118,example_failed_reversal,MNQ,2026-01-07,1,1,200,201,2026-01-07 17:50:00+00:00,2026-01-07 17:51:00+00:00,25977.0,25969.25,-15.5,1.72,0.5,-17.72,-17.5,2.5,-0.7502475860361475,signal_invalidation,1,False,False,Wednesday,2026-01,INTRABAR_CONSERVATIVE
119,example_failed_reversal,MNQ,2026-01-09,1,1,158,159,2026-01-09 17:08:00+00:00,2026-01-09 17:09:00+00:00,25917.25,25920.0,5.5,1.72,0.5,3.2800000000000002,-3.0,7.0,0.22367257787716469,signal_invalidation,1,False,False,Friday,2026-01,INTRABAR_CONSERVATIVE
120,example_failed_reversal,MNQ,2026-01-09,1,1,160,161,2026-01-09 17:10:00+00:00,2026-01-09 17:11:00+00:00,25911.0,25906.5,-9.0,1.72,0.5,-11.219999999999999,-13.5,2.0,-0.3660096728899059,signal_invalidation,1,False,False,Friday,2026-01,INTRABAR_CONSERVATIVE
121,example_failed_reversal,MNQ,2026-01-09,1,1,185,186,2026-01-09 17:35:00+00:00,2026-01-09 17:36:00+00:00,25919.0,25913.0,-12.0,1.72,0.5,-14.219999999999999,-14.5,1.5,-0.4880128971865412,signal_invalidation,1,False,False,Friday,2026-01,INTRABAR_CONSERVATIVE
122,example_failed_reversal,MNQ,2026-01-09,1,1,189,190,2026-01-09 17:39:00+00:00,2026-01-09 17:40:00+00:00,25916.0,25908.25,-15.5,1.72,0.5,-17.72,-17.0,0.0,-0.6303499921992823,signal_invalidation,1,False,False,Friday,2026-01,INTRABAR_CONSERVATIVE
123,example_failed_reversal,MNQ,2026-01-09,1,1,210,211,2026-01-09 18:00:00+00:00,2026-01-09 18:01:00+00:00,25915.5,25912.75,-5.5,1.72,0.5,-7.72,-7.0,12.0,-0.22367257787716469,signal_invalidation,1,False,False,Friday,2026-01,INTRABAR_CONSERVATIVE
124,example_failed_reversal,MNQ,2026-01-21,1,1,355,356,2026-01-21 20:25:00+00:00,2026-01-21 20:26:00+00:00,25527.5,25523.5,-8.0,1.72,0.5,-10.219999999999999,-11.5,10.0,-0.18899160171590842,signal_invalidation,1,False,False,Wednesday,2026-01,INTRABAR_CONSERVATIVE
125,example_failed_reversal,MNQ,2026-01-23,1,1,70,71,2026-01-23 15:40:00+00:00,2026-01-23 15:41:00+00:00,25769.0,25775.0,12.0,1.72,0.5,9.780000000000001,0.0,22.0,0.4515446059089597,signal_invalidation,1,False,False,Friday,2026-01,INTRABAR_CONSERVATIVE
126,example_failed_reversal,MNQ,2026-01-23,1,1,122,123,2026-01-23 16:32:00+00:00,2026-01-23 16:33:00+00:00,25767.0,25767.25,0.5,1.72,0.5,-1.7199999999999998,-12.0,9.5,0.018814358579539985,signal_invalidation,1,False,False,Friday,2026-01,INTRABAR_CONSERVATIVE
127,example_failed_reversal,MNQ,2026-01-23,1,1,150,151,2026-01-23 17:00:00+00:00,2026-01-23 17:01:00+00:00,25772.5,25771.0,-3.0,1.72,0.5,-5.22,-9.5,10.5,-0.11288615147723992,signal_invalidation,1,False,False,Friday,2026-01,INTRABAR_CONSERVATIVE
128,example_failed_reversal,MNQ,2026-01-23,1,1,190,191,2026-01-23 17:40:00+00:00,2026-01-23 17:41:00+00:00,25758.25,25758.25,0.0,1.72,0.5,-2.2199999999999998,-10.0,8.5,0.0,signal_invalidation,1,False,False,Friday,2026-01,INTRABAR_CONSERVATIVE
129,example_failed_reversal,MNQ,2026-01-30,-1,1,234,235,2026-01-30 18:24:00+00:00,2026-01-30 18:25:00+00:00,25618.5,25635.25,-33.5,1.72,0.5,-35.72,-49.5,1.0,-0.6977122007084454,signal_invalidation,1,False,False,Friday,2026-01,INTRABAR_CONSERVATIVE
130,example_failed_reversal,MNQ,2026-01-30,-1,1,246,247,2026-01-30 18:36:00+00:00,2026-01-30 18:37:00+00:00,25626.5,25630.25,-7.5,1.72,0.5,-9.719999999999999,-25.5,8.5,-0.1562042240392042,signal_invalidation,1,False,False,Friday,2026-01,INTRABAR_CONSERVATIVE
131,example_failed_reversal,MNQ,2026-01-30,-1,1,249,250,2026-01-30 18:39:00+00:00,2026-01-30 18:40:00+00:00,25620.0,25625.0,-10.0,1.72,0.5,-12.219999999999999,-22.0,8.5,-0.20827229871893893,signal_invalidation,1,False,False,Friday,2026-01,INTRABAR_CONSERVATIVE
132,example_failed_reversal,MNQ,2026-01-30,-1,1,360,361,2026-01-30 20:30:00+00:00,2026-01-30 20:31:00+00:00,25619.25,25620.75,-3.0,1.72,0.5,-5.22,-16.5,17.5,-0.06248168961568167,signal_invalidation,1,False,False,Friday,2026-01,INTRABAR_CONSERVATIVE
133,example_failed_reversal,MNQ,2026-01-30,-1,1,363,364,2026-01-30 20:33:00+00:00,2026-01-30 20:34:00+00:00,25630.5,25622.5,16.0,1.72,0.5,13.780000000000001,-14.5,19.5,0.3332356779503023,signal_invalidation,1,False,False,Friday,2026-01,INTRABAR_CONSERVATIVE
134,example_failed_reversal,MNQ,2026-01-30,-1,1,369,370,2026-01-30 20:39:00+00:00,2026-01-30 20:40:00+00:00,25620.5,25616.75,7.5,1.72,0.5,5.28,-7.0,16.0,0.1562042240392042,signal_invalidation,1,False,False,Friday,2026-01,INTRABAR_CONSERVATIVE
135,example_failed_reversal,MNQ,2026-02-04,-1,1,181,182,2026-02-04 17:31:00+00:00,2026-02-04 17:32:00+00:00,24923.75,24889.5,68.5,1.72,0.5,66.28,-47.0,81.5,1.1916753798580677,signal_invalidation,1,False,False,Wednesday,2026-02,INTRABAR_CONSERVATIVE
136,example_failed_reversal,MNQ,2026-02-04,-1,1,183,184,2026-02-04 17:33:00+00:00,2026-02-04 17:34:00+00:00,24899.5,24884.0,31.0,1.72,0.5,28.78,-11.0,59.0,0.5392983470890524,signal_invalidation,1,False,False,Wednesday,2026-02,INTRABAR_CONSERVATIVE
137,example_failed_reversal,MNQ,2026-02-04,-1,1,235,236,2026-02-04 18:25:00+00:00,2026-02-04 18:26:00+00:00,24917.5,24929.5,-24.0,1.72,0.5,-26.22,-34.0,12.5,-0.41752130097216966,signal_invalidation,1,False,False,Wednesday,2026-02,INTRABAR_CONSERVATIVE
138,example_failed_reversal,MNQ,2026-02-04,-1,1,252,253,2026-02-04 18:42:00+00:00,2026-02-04 18:43:00+00:00,24933.0,24904.75,56.5,1.72,0.5,54.28,-0.5,62.0,0.9829147293719828,signal_invalidation,1,False,False,Wednesday,2026-02,INTRABAR_CONSERVATIVE
139,example_failed_reversal,MNQ,2026-02-04,-1,1,264,265,2026-02-04 18:54:00+00:00,2026-02-04 18:55:00+00:00,24904.25,24923.25,-38.0,1.72,0.5,-40.22,-48.5,2.5,-0.6610753932059353,signal_invalidation,1,False,False,Wednesday,2026-02,INTRABAR_CONSERVATIVE
140,example_failed_reversal,MNQ,2026-02-04,-1,1,279,280,2026-02-04 19:09:00+00:00,2026-02-04 19:10:00+00:00,24906.0,24908.5,-5.0,1.72,0.5,-7.22,-24.0,11.5,-0.08698360436920202,signal_invalidation,1,False,False,Wednesday,2026-02,INTRABAR_CONSERVATIVE
141,example_failed_reversal,MNQ,2026-02-04,-1,1,292,293,2026-02-04 19:22:00+00:00,2026-02-04 19:23:00+00:00,24903.25,24901.75,3.0,1.72,0.5,0.7800000000000002,-23.5,19.0,0.05219016262152121,signal_invalidation,1,False,False,Wednesday,2026-02,INTRABAR_CONSERVATIVE
142,example_failed_reversal,MNQ,2026-02-09,1,1,143,144,2026-02-09 16:53:00+00:00,2026-02-09 16:54:00+00:00,25395.0,25393.5,-3.0,1.72,0.5,-5.22,-4.0,11.0,-0.1085960283293987,signal_invalidation,1,False,False,Monday,2026-02,INTRABAR_CONSERVATIVE
143,example_failed_reversal,MNQ,2026-02-09,1,1,149,150,2026-02-09 16:59:00+00:00,2026-02-09 17:00:00+00:00,25391.0,25396.25,10.5,1.72,0.5,8.280000000000001,-17.0,13.5,0.38008609915289543,signal_invalidation,1,False,False,Monday,2026-02,INTRABAR_CONSERVATIVE
144,example_failed_reversal,MNQ,2026-02-09,1,1,170,171,2026-02-09 17:20:00+00:00,2026-02-09 17:21:00+00:00,25397.75,25399.5,3.5,1.72,0.5,1.2800000000000002,-1.0,12.0,0.12669536638429849,signal_invalidation,1,False,False,Monday,2026-02,INTRABAR_CONSERVATIVE
145,example_failed_reversal,MNQ,2026-02-09,1,1,174,175,2026-02-09 17:24:00+00:00,2026-02-09 17:25:00+00:00,25393.25,25382.5,-21.5,1.72,0.5,-23.72,-24.5,9.0,-0.7782715363606907,signal_invalidation,1,False,False,Monday,2026-02,INTRABAR_CONSERVATIVE
146,example_failed_reversal,MNQ,2026-02-09,1,1,288,289,2026-02-09 19:18:00+00:00,2026-02-09 19:19:00+00:00,25398.0,25399.0,2.0,1.72,0.5,-0.21999999999999975,-7.0,2.5,0.07239735221959913,signal_invalidation,1,False,False,Monday,2026-02,INTRABAR_CONSERVATIVE
147,example_failed_reversal,MNQ,2026-02-09,1,1,291,292,2026-02-09 19:21:00+00:00,2026-02-09 19:22:00+00:00,25395.75,25396.75,2.0,1.72,0.5,-0.21999999999999975,-7.0,2.0,0.07239735221959913,signal_invalidation,1,False,False,Monday,2026-02,INTRABAR_CONSERVATIVE
148,example_failed_reversal,MNQ,2026-02-09,1,1,345,346,2026-02-09 20:15:00+00:00,2026-02-09 20:16:00+00:00,25395.0,25394.25,-1.5,1.72,0.5,-3.7199999999999998,-10.5,3.5,-0.05429801416469935,signal_invalidation,1,False,False,Monday,2026-02,INTRABAR_CONSERVATIVE
149,example_failed_reversal,MNQ,2026-02-12,-1,1,113,114,2026-02-12 16:23:00+00:00,2026-02-12 16:24:00+00:00,24902.5,24883.25,38.5,1.72,0.5,36.28,-26.5,40.5,0.8466059276756087,signal_invalidation,1,False,False,Thursday,2026-02,INTRABAR_CONSERVATIVE
150,example_failed_reversal,MNQ,2026-02-12,-1,1,126,127,2026-02-12 16:36:00+00:00,2026-02-12 16:37:00+00:00,24911.0,24901.75,18.5,1.72,0.5,16.28,-1.5,67.0,0.40681064057139643,signal_invalidation,1,False,False,Thursday,2026-02,INTRABAR_CONSERVATIVE
151,example_failed_reversal,MNQ,2026-02-12,-1,1,129,130,2026-02-12 16:39:00+00:00,2026-02-12 16:40:00+00:00,24898.5,24888.75,19.5,1.72,0.5,17.28,-23.5,33.5,0.42880040492660704,signal_invalidation,1,False,False,Thursday,2026-02,INTRABAR_CONSERVATIVE
152,example_failed_reversal,MNQ,2026-02-12,-1,1,135,136,2026-02-12 16:45:00+00:00,2026-02-12 16:46:00+00:00,24892.25,24858.75,67.0,1.72,0.5,64.78,-19.5,81.0,1.4733142117991114,signal_invalidation,1,False,False,Thursday,2026-02,INTRABAR_CONSERVATIVE
153,example_failed_reversal,MNQ,2026-02-12,-1,1,156,157,2026-02-12 17:06:00+00:00,2026-02-12 17:07:00+00:00,24895.5,24892.25,6.5,1.72,0.5,4.28,-12.0,47.0,0.14293346830886902,signal_invalidation,1,False,False,Thursday,2026-02,INTRABAR_CONSERVATIVE
154,example_failed_reversal,MNQ,2026-02-12,-1,1,159,160,2026-02-12 17:09:00+00:00,2026-02-12 17:10:00+00:00,24891.75,24863.75,56.0,1.72,0.5,53.78,-4.0,61.5,1.2314268038917946,signal_invalidation,1,False,False,Thursday,2026-02,INTRABAR_CONSERVATIVE
155,example_failed_reversal,MNQ,2026-02-12,-1,1,173,174,2026-02-12 17:23:00+00:00,2026-02-12 17:24:00+00:00,24898.5,24897.0,3.0,1.72,0.5,0.7800000000000002,-6.0,23.5,0.06596929306563185,signal_invalidation,1,False,False,Thursday,2026-02,INTRABAR_CONSERVATIVE
156,example_failed_reversal,MNQ,2026-02-12,-1,1,183,184,2026-02-12 17:33:00+00:00,2026-02-12 17:34:00+00:00,24900.75,24896.5,8.5,1.72,0.5,6.28,-4.0,30.0,0.18691299701929023,signal_invalidation,1,False,False,Thursday,2026-02,INTRABAR_CONSERVATIVE
157,example_failed_reversal,MNQ,2026-02-12,-1,1,197,198,2026-02-12 17:47:00+00:00,2026-02-12 17:48:00+00:00,24889.25,24870.25,38.0,1.72,0.5,35.78,-7.0,41.0,0.8356110454980035,signal_invalidation,1,False,False,Thursday,2026-02,INTRABAR_CONSERVATIVE
158,example_failed_reversal,MNQ,2026-02-12,-1,1,199,200,2026-02-12 17:49:00+00:00,2026-02-12 17:50:00+00:00,24889.5,24883.5,12.0,1.72,0.5,9.780000000000001,-46.0,14.0,0.2638771722625274,signal_invalidation,1,False,False,Thursday,2026-02,INTRABAR_CONSERVATIVE
159,example_failed_reversal,MNQ,2026-02-12,-1,1,252,253,2026-02-12 18:42:00+00:00,2026-02-12 18:43:00+00:00,24893.75,24893.0,1.5,1.72,0.5,-0.7199999999999998,-21.5,10.0,0.03298464653281592,signal_invalidation,1,False,False,Thursday,2026-02,INTRABAR_CONSERVATIVE
160,example_failed_reversal,MNQ,2026-02-12,-1,1,261,262,2026-02-12 18:51:00+00:00,2026-02-12 18:52:00+00:00,24912.75,24920.0,-14.5,1.72,0.5,-16.72,-17.5,19.0,-0.31885158315055395,signal_invalidation,1,False,False,Thursday,2026-02,INTRABAR_CONSERVATIVE
161,example_failed_reversal,MNQ,2026-02-12,-1,1,287,288,2026-02-12 19:17:00+00:00,2026-02-12 19:18:00+00:00,24901.25,24909.25,-16.0,1.72,0.5,-18.22,-21.0,0.0,-0.35183622968336986,signal_invalidation,1,False,False,Thursday,2026-02,INTRABAR_CONSERVATIVE
162,example_failed_reversal,MNQ,2026-02-12,-1,1,301,302,2026-02-12 19:31:00+00:00,2026-02-12 19:32:00+00:00,24894.0,24907.5,-27.0,1.72,0.5,-29.22,-41.0,0.0,-0.5937236375906867,signal_invalidation,1,False,False,Thursday,2026-02,INTRABAR_CONSERVATIVE
163,example_failed_reversal,MNQ,2026-02-12,-1,1,334,335,2026-02-12 20:04:00+00:00,2026-02-12 20:05:00+00:00,24900.75,24899.25,3.0,1.72,0.5,0.7800000000000002,-11.5,14.0,0.06596929306563185,signal_invalidation,1,False,False,Thursday,2026-02,INTRABAR_CONSERVATIVE
164,example_failed_reversal,MNQ,2026-02-26,-1,1,56,57,2026-02-26 15:26:00+00:00,2026-02-26 15:27:00+00:00,24963.5,24908.5,110.0,1.72,0.5,107.78,-4.5,114.5,3.06251780119624,signal_invalidation,1,False,False,Thursday,2026-02,INTRABAR_CONSERVATIVE
165,example_failed_reversal,MNQ,2026-02-26,-1,1,68,69,2026-02-26 15:38:00+00:00,2026-02-26 15:39:00+00:00,24967.75,24975.5,-15.5,1.72,0.5,-17.72,-18.0,26.0,-0.4315365992594702,signal_invalidation,1,False,False,Thursday,2026-02,INTRABAR_CONSERVATIVE
166,example_failed_reversal,MNQ,2026-02-26,-1,1,189,190,2026-02-26 17:39:00+00:00,2026-02-26 17:40:00+00:00,24955.5,24955.5,-0.0,1.72,0.5,-2.2199999999999998,-15.5,10.5,-0.0,signal_invalidation,1,False,False,Thursday,2026-02,INTRABAR_CONSERVATIVE
167,example_failed_reversal,MNQ,2026-02-26,-1,1,243,244,2026-02-26 18:33:00+00:00,2026-02-26 18:34:00+00:00,24955.0,24975.5,-41.0,1.72,0.5,-43.22,-53.0,10.5,-1.1414839077185985,signal_invalidation,1,False,False,Thursday,2026-02,INTRABAR_CONSERVATIVE
168,example_failed_reversal,MNQ,2026-03-03,1,1,321,322,2026-03-03 19:51:00+00:00,2026-03-03 19:52:00+00:00,24819.5,24806.0,-27.0,1.72,0.5,-29.22,-54.0,2.0,-0.5159950145409223,signal_invalidation,1,False,False,Tuesday,2026-03,INTRABAR_CONSERVATIVE
169,example_failed_reversal,MNQ,2026-03-04,1,1,66,67,2026-03-04 15:36:00+00:00,2026-03-04 15:37:00+00:00,25106.75,25115.5,17.5,1.72,0.5,15.280000000000001,-5.0,22.5,0.5466347114040343,signal_invalidation,1,False,False,Wednesday,2026-03,INTRABAR_CONSERVATIVE
170,example_failed_reversal,MNQ,2026-03-04,1,1,68,69,2026-03-04 15:38:00+00:00,2026-03-04 15:39:00+00:00,25103.25,25082.25,-42.0,1.72,0.5,-44.22,-50.5,0.5,-1.3119233073696823,signal_invalidation,1,False,False,Wednesday,2026-03,INTRABAR_CONSERVATIVE
171,example_failed_reversal,MNQ,2026-03-04,1,1,99,100,2026-03-04 16:09:00+00:00,2026-03-04 16:10:00+00:00,25110.0,25101.5,-17.0,1.72,0.5,-19.22,-17.5,9.0,-0.5310165767924905,signal_invalidation,1,False,False,Wednesday,2026-03,INTRABAR_CONSERVATIVE
172,example_failed_reversal,MNQ,2026-03-04,1,1,118,119,2026-03-04 16:28:00+00:00,2026-03-04 16:29:00+00:00,25109.5,25106.5,-6.0,1.72,0.5,-8.219999999999999,-25.5,7.5,-0.18741761533852605,signal_invalidation,1,False,False,Wednesday,2026-03,INTRABAR_CONSERVATIVE
173,example_failed_reversal,MNQ,2026-03-04,1,1,182,183,2026-03-04 17:32:00+00:00,2026-03-04 17:33:00+00:00,25110.25,25133.75,47.0,1.72,0.5,44.78,-9.0,51.0,1.4681046534851208,signal_invalidation,1,False,False,Wednesday,2026-03,INTRABAR_CONSERVATIVE
174,example_failed_reversal,MNQ,2026-03-06,1,1,70,71,2026-03-06 15:40:00+00:00,2026-03-06 15:41:00+00:00,24858.25,24847.5,-21.5,1.72,0.5,-23.72,-39.0,8.0,-0.4458499071864227,signal_invalidation,1,False,False,Friday,2026-03,INTRABAR_CONSERVATIVE
175,example_failed_reversal,MNQ,2026-03-06,1,1,89,90,2026-03-06 15:59:00+00:00,2026-03-06 16:00:00+00:00,24858.5,24874.5,32.0,1.72,0.5,29.78,-19.5,43.5,0.6635905595332803,signal_invalidation,1,False,False,Friday,2026-03,INTRABAR_CONSERVATIVE
176,example_failed_reversal,MNQ,2026-03-06,1,1,96,97,2026-03-06 16:06:00+00:00,2026-03-06 16:07:00+00:00,24854.0,24855.75,3.5,1.72,0.5,1.2800000000000002,-11.0,20.0,0.07258021744895253,signal_invalidation,1,False,False,Friday,2026-03,INTRABAR_CONSERVATIVE
177,example_failed_reversal,MNQ,2026-03-06,1,1,131,132,2026-03-06 16:41:00+00:00,2026-03-06 16:42:00+00:00,24852.25,24858.5,12.5,1.72,0.5,10.280000000000001,-15.5,19.0,0.2592150623176876,signal_invalidation,1,False,False,Friday,2026-03,INTRABAR_CONSERVATIVE
178,example_failed_reversal,MNQ,2026-03-06,1,1,134,135,2026-03-06 16:44:00+00:00,2026-03-06 16:45:00+00:00,24849.75,24889.0,78.5,1.72,0.5,76.28,-4.5,84.0,1.6278705913550782,signal_invalidation,1,False,False,Friday,2026-03,INTRABAR_CONSERVATIVE
179,example_failed_reversal,MNQ,2026-03-06,1,1,144,145,2026-03-06 16:54:00+00:00,2026-03-06 16:55:00+00:00,24857.75,24866.25,17.0,1.72,0.5,14.780000000000001,-27.0,24.0,0.3525324847520552,signal_invalidation,1,False,False,Friday,2026-03,INTRABAR_CONSERVATIVE
180,example_failed_reversal,MNQ,2026-03-06,1,1,146,147,2026-03-06 16:56:00+00:00,2026-03-06 16:57:00+00:00,24856.25,24887.0,61.5,1.72,0.5,59.28,-15.5,84.5,1.2753381066030232,signal_invalidation,1,False,False,Friday,2026-03,INTRABAR_CONSERVATIVE
181,example_failed_reversal,MNQ,2026-03-06,1,1,156,157,2026-03-06 17:06:00+00:00,2026-03-06 17:07:00+00:00,24849.5,24843.75,-11.5,1.72,0.5,-13.719999999999999,-16.5,12.5,-0.2384778573322726,signal_invalidation,1,False,False,Friday,2026-03,INTRABAR_CONSERVATIVE
182,example_failed_reversal,MNQ,2026-03-06,1,1,173,174,2026-03-06 17:23:00+00:00,2026-03-06 17:24:00+00:00,24848.25,24838.75,-19.0,1.72,0.5,-21.22,-32.0,3.5,-0.3940068947228852,signal_invalidation,1,False,False,Friday,2026-03,INTRABAR_CONSERVATIVE
183,example_failed_reversal,MNQ,2026-03-06,1,1,232,233,2026-03-06 18:22:00+00:00,2026-03-06 18:23:00+00:00,24853.5,24864.25,21.5,1.72,0.5,19.28,-10.5,41.5,0.4458499071864227,signal_invalidation,1,False,False,Friday,2026-03,INTRABAR_CONSERVATIVE
184,example_failed_reversal,MNQ,2026-03-06,1,1,235,236,2026-03-06 18:25:00+00:00,2026-03-06 18:26:00+00:00,24852.75,24847.0,-11.5,1.72,0.5,-13.719999999999999,-27.0,0.0,-0.2384778573322726,signal_invalidation,1,False,False,Friday,2026-03,INTRABAR_CONSERVATIVE
185,example_failed_reversal,MNQ,2026-03-09,1,1,178,179,2026-03-09 16:28:00+00:00,2026-03-09 16:29:00+00:00,24716.0,24690.75,-50.5,1.72,0.5,-52.72,-64.0,0.0,-1.100487668942455,signal_invalidation,1,False,False,Monday,2026-03,INTRABAR_CONSERVATIVE
186,example_failed_reversal,MNQ,2026-03-09,1,1,208,209,2026-03-09 16:58:00+00:00,2026-03-09 16:59:00+00:00,24706.5,24709.0,5.0,1.72,0.5,2.7800000000000002,-2.0,17.0,0.10895917514281733,signal_invalidation,1,False,False,Monday,2026-03,INTRABAR_CONSERVATIVE
187,example_failed_reversal,MNQ,2026-03-10,1,1,240,241,2026-03-10 17:30:00+00:00,2026-03-10 17:31:00+00:00,25194.25,25191.75,-5.0,1.72,0.5,-7.22,-18.5,8.0,-0.1158552846010252,signal_invalidation,1,False,False,Tuesday,2026-03,INTRABAR_CONSERVATIVE
188,example_failed_reversal,MNQ,2026-03-18,-1,1,325,326,2026-03-18 18:55:00+00:00,2026-03-18 18:56:00+00:00,24768.5,24757.75,21.5,1.72,0.5,19.28,-13.0,31.0,0.6578628164495051,signal_invalidation,1,False,False,Wednesday,2026-03,INTRABAR_CONSERVATIVE
189,example_failed_reversal,MNQ,2026-03-18,-1,1,333,334,2026-03-18 19:03:00+00:00,2026-03-18 19:04:00+00:00,24772.5,24789.0,-33.0,1.72,0.5,-35.22,-34.5,6.5,-1.009742927573659,signal_invalidation,1,False,False,Wednesday,2026-03,INTRABAR_CONSERVATIVE
190,example_failed_reversal,MNQ,2026-03-26,-1,1,356,357,2026-03-26 19:26:00+00:00,2026-03-26 19:27:00+00:00,23827.25,23830.25,-6.0,1.72,0.5,-8.219999999999999,-9.5,3.5,-0.17844375142618088,signal_invalidation,1,False,False,Thursday,2026-03,INTRABAR_CONSERVATIVE
191,example_failed_reversal,MNQ,2026-03-26,-1,1,365,366,2026-03-26 19:35:00+00:00,2026-03-26 19:36:00+00:00,23833.25,23835.0,-3.5,1.72,0.5,-5.72,-9.0,3.0,-0.10409218833193884,signal_invalidation,1,False,False,Thursday,2026-03,INTRABAR_CONSERVATIVE
192,example_failed_reversal,MNQ,2026-03-26,-1,1,370,371,2026-03-26 19:40:00+00:00,2026-03-26 19:41:00+00:00,23832.0,23827.0,10.0,1.72,0.5,7.78,-5.0,16.0,0.2974062523769681,signal_invalidation,1,False,False,Thursday,2026-03,INTRABAR_CONSERVATIVE
193,example_failed_reversal,MNQ,2026-03-31,1,1,196,197,2026-03-31 16:46:00+00:00,2026-03-31 16:47:00+00:00,23750.25,23725.5,-49.5,1.72,0.5,-51.72,-57.0,34.0,-1.090179401244825,signal_invalidation,1,False,False,Tuesday,2026-03,INTRABAR_CONSERVATIVE
194,example_failed_reversal,MNQ,2026-03-31,1,1,202,203,2026-03-31 16:52:00+00:00,2026-03-31 16:53:00+00:00,23730.25,23777.5,94.5,1.72,0.5,92.28,-23.0,119.5,2.081251584194666,signal_invalidation,1,False,False,Tuesday,2026-03,INTRABAR_CONSERVATIVE
195,example_failed_reversal,MNQ,2026-03-31,1,1,205,206,2026-03-31 16:55:00+00:00,2026-03-31 16:56:00+00:00,23750.0,23753.75,7.5,1.72,0.5,5.28,-28.0,19.0,0.1651786971583068,signal_invalidation,1,False,False,Tuesday,2026-03,INTRABAR_CONSERVATIVE
196,example_failed_reversal,MNQ,2026-04-01,1,1,242,243,2026-04-01 17:32:00+00:00,2026-04-01 17:33:00+00:00,24325.5,24319.25,-12.5,1.72,0.5,-14.719999999999999,-14.0,1.0,-0.39309124542566454,signal_invalidation,1,False,False,Wednesday,2026-04,INTRABAR_CONSERVATIVE
197,example_failed_reversal,MNQ,2026-04-02,1,1,80,81,2026-04-02 14:50:00+00:00,2026-04-02 14:51:00+00:00,24104.75,24098.0,-13.5,1.72,0.5,-15.719999999999999,-35.0,21.0,-0.3137668667895144,signal_invalidation,1,False,False,Thursday,2026-04,INTRABAR_CONSERVATIVE
198,example_failed_reversal,MNQ,2026-04-02,1,1,92,93,2026-04-02 15:02:00+00:00,2026-04-02 15:03:00+00:00,24107.75,24143.0,70.5,1.72,0.5,68.28,-6.0,81.5,1.6385603043452417,signal_invalidation,1,False,False,Thursday,2026-04,INTRABAR_CONSERVATIVE
199,example_failed_reversal,MNQ,2026-04-02,1,1,140,141,2026-04-02 15:50:00+00:00,2026-04-02 15:51:00+00:00,24110.25,24098.25,-24.0,1.72,0.5,-26.22,-42.5,20.5,-0.5578077631813588,signal_invalidation,1,False,False,Thursday,2026-04,INTRABAR_CONSERVATIVE
200,example_failed_reversal,MNQ,2026-04-02,1,1,157,158,2026-04-02 16:07:00+00:00,2026-04-02 16:08:00+00:00,24108.5,24085.5,-46.0,1.72,0.5,-48.22,-52.0,11.5,-1.0691315460976045,signal_invalidation,1,False,False,Thursday,2026-04,INTRABAR_CONSERVATIVE
201,example_failed_reversal,MNQ,2026-04-02,1,1,160,161,2026-04-02 16:10:00+00:00,2026-04-02 16:11:00+00:00,24105.75,24107.0,2.5,1.72,0.5,0.28000000000000025,-23.5,12.5,0.05810497533139155,signal_invalidation,1,False,False,Thursday,2026-04,INTRABAR_CONSERVATIVE
202,example_failed_reversal,MNQ,2026-04-02,1,1,164,165,2026-04-02 16:14:00+00:00,2026-04-02 16:15:00+00:00,24111.5,24110.0,-3.0,1.72,0.5,-5.22,-22.5,4.5,-0.06972597039766985,signal_invalidation,1,False,False,Thursday,2026-04,INTRABAR_CONSERVATIVE
203,example_failed_reversal,MNQ,2026-04-02,1,1,186,187,2026-04-02 16:36:00+00:00,2026-04-02 16:37:00+00:00,24106.25,24104.75,-3.0,1.72,0.5,-5.22,-35.0,10.0,-0.06972597039766985,signal_invalidation,1,False,False,Thursday,2026-04,INTRABAR_CONSERVATIVE
204,example_failed_reversal,MNQ,2026-04-02,1,1,210,211,2026-04-02 17:00:00+00:00,2026-04-02 17:01:00+00:00,24102.5,24102.5,0.0,1.72,0.5,-2.2199999999999998,-9.0,24.5,0.0,signal_invalidation,1,False,False,Thursday,2026-04,INTRABAR_CONSERVATIVE
205,example_failed_reversal,MNQ,2026-04-02,1,1,256,257,2026-04-02 17:46:00+00:00,2026-04-02 17:47:00+00:00,24109.0,24090.25,-37.5,1.72,0.5,-39.72,-49.0,6.0,-0.8715746299708732,signal_invalidation,1,False,False,Thursday,2026-04,INTRABAR_CONSERVATIVE
206,example_failed_reversal,MNQ,2026-04-02,1,1,295,296,2026-04-02 18:25:00+00:00,2026-04-02 18:26:00+00:00,24104.5,24103.25,-2.5,1.72,0.5,-4.72,-10.5,12.5,-0.05810497533139155,signal_invalidation,1,False,False,Thursday,2026-04,INTRABAR_CONSERVATIVE
207,example_failed_reversal,MNQ,2026-04-02,1,1,301,302,2026-04-02 18:31:00+00:00,2026-04-02 18:32:00+00:00,24110.5,24104.75,-11.5,1.72,0.5,-13.719999999999999,-19.0,6.5,-0.26728288652440113,signal_invalidation,1,False,False,Thursday,2026-04,INTRABAR_CONSERVATIVE
208,example_failed_reversal,MNQ,2026-04-02,1,1,308,309,2026-04-02 18:38:00+00:00,2026-04-02 18:39:00+00:00,24108.75,24107.75,-2.0,1.72,0.5,-4.22,-15.5,7.0,-0.04648398026511324,signal_invalidation,1,False,False,Thursday,2026-04,INTRABAR_CONSERVATIVE
209,example_failed_reversal,MNQ,2026-04-09,1,1,164,165,2026-04-09 16:14:00+00:00,2026-04-09 16:15:00+00:00,25208.75,25214.5,11.5,1.72,0.5,9.280000000000001,-9.5,16.0,0.4066838511282956,signal_invalidation,1,False,False,Thursday,2026-04,INTRABAR_CONSERVATIVE
210,example_failed_reversal,MNQ,2026-04-09,1,1,182,183,2026-04-09 16:32:00+00:00,2026-04-09 16:33:00+00:00,25203.5,25202.0,-3.0,1.72,0.5,-5.22,-18.0,0.0,-0.10609143942477275,signal_invalidation,1,False,False,Thursday,2026-04,INTRABAR_CONSERVATIVE
211,example_failed_reversal,MNQ,2026-04-09,1,1,240,241,2026-04-09 17:30:00+00:00,2026-04-09 17:31:00+00:00,25204.75,25197.75,-14.0,1.72,0.5,-16.22,-28.0,2.0,-0.49509338398227287,signal_invalidation,1,False,False,Thursday,2026-04,INTRABAR_CONSERVATIVE
212,example_failed_reversal,MNQ,2026-04-09,1,1,272,273,2026-04-09 18:02:00+00:00,2026-04-09 18:03:00+00:00,25194.0,25178.25,-31.5,1.72,0.5,-33.72,-34.5,19.0,-1.1139601139601139,signal_invalidation,1,False,False,Thursday,2026-04,INTRABAR_CONSERVATIVE
213,example_failed_reversal,MNQ,2026-04-09,1,1,351,352,2026-04-09 19:21:00+00:00,2026-04-09 19:22:00+00:00,25209.25,25210.25,2.0,1.72,0.5,-0.21999999999999975,-11.5,10.0,0.07072762628318184,signal_invalidation,1,False,False,Thursday,2026-04,INTRABAR_CONSERVATIVE
214,example_failed_reversal,MNQ,2026-04-13,1,1,327,328,2026-04-13 18:57:00+00:00,2026-04-13 18:58:00+00:00,25447.25,25445.5,-3.5,1.72,0.5,-5.72,-4.5,6.5,-0.14365945832458535,signal_invalidation,1,False,False,Monday,2026-04,INTRABAR_CONSERVATIVE
215,example_failed_reversal,MNQ,2026-04-13,1,1,332,333,2026-04-13 19:02:00+00:00,2026-04-13 19:03:00+00:00,25447.0,25449.5,5.0,1.72,0.5,2.7800000000000002,-2.5,8.5,0.2052277976065505,signal_invalidation,1,False,False,Monday,2026-04,INTRABAR_CONSERVATIVE
216,example_failed_reversal,MNQ,2026-04-13,1,1,334,335,2026-04-13 19:04:00+00:00,2026-04-13 19:05:00+00:00,25446.5,25442.75,-7.5,1.72,0.5,-9.719999999999999,-15.5,2.5,-0.3078416964098257,signal_invalidation,1,False,False,Monday,2026-04,INTRABAR_CONSERVATIVE
217,example_failed_reversal,MNQ,2026-04-15,1,1,83,84,2026-04-15 14:53:00+00:00,2026-04-15 14:54:00+00:00,26154.0,26162.75,17.5,1.72,0.5,15.280000000000001,-1.0,21.0,0.7485095443854948,signal_invalidation,1,False,False,Wednesday,2026-04,INTRABAR_CONSERVATIVE
218,example_failed_reversal,MNQ,2026-04-15,1,1,97,98,2026-04-15 15:07:00+00:00,2026-04-15 15:08:00+00:00,26141.75,26144.75,6.0,1.72,0.5,3.7800000000000002,-6.0,14.5,0.2566318437893125,signal_invalidation,1,False,False,Wednesday,2026-04,INTRABAR_CONSERVATIVE
219,example_failed_reversal,MNQ,2026-04-15,1,1,191,192,2026-04-15 16:41:00+00:00,2026-04-15 16:42:00+00:00,26150.0,26157.5,15.0,1.72,0.5,12.780000000000001,-6.5,33.5,0.6415796094732812,signal_invalidation,1,False,False,Wednesday,2026-04,INTRABAR_CONSERVATIVE
220,example_failed_reversal,MNQ,2026-04-15,1,1,194,195,2026-04-15 16:44:00+00:00,2026-04-15 16:45:00+00:00,26146.25,26146.75,1.0,1.72,0.5,-1.2199999999999998,-9.0,14.5,0.04277197396488541,signal_invalidation,1,False,False,Wednesday,2026-04,INTRABAR_CONSERVATIVE
221,example_failed_reversal,MNQ,2026-04-15,1,1,201,202,2026-04-15 16:51:00+00:00,2026-04-15 16:52:00+00:00,26140.0,26131.25,-17.5,1.72,0.5,-19.72,-36.0,0.5,-0.7485095443854948,signal_invalidation,1,False,False,Wednesday,2026-04,INTRABAR_CONSERVATIVE
222,example_failed_reversal,MNQ,2026-04-17,1,1,80,81,2026-04-17 14:50:00+00:00,2026-04-17 14:51:00+00:00,26831.25,26842.75,23.0,1.72,0.5,20.78,-7.0,28.5,0.7516716817118021,signal_invalidation,1,False,False,Friday,2026-04,INTRABAR_CONSERVATIVE
223,example_failed_reversal,MNQ,2026-04-17,1,1,85,86,2026-04-17 14:55:00+00:00,2026-04-17 14:56:00+00:00,26804.5,26832.75,56.5,1.72,0.5,54.28,-2.5,61.5,1.8464978268137746,signal_invalidation,1,False,False,Friday,2026-04,INTRABAR_CONSERVATIVE
224,example_failed_reversal,MNQ,2026-04-17,1,1,89,90,2026-04-17 14:59:00+00:00,2026-04-17 15:00:00+00:00,26827.5,26825.5,-4.0,1.72,0.5,-6.22,-25.5,5.0,-0.1307255098629221,signal_invalidation,1,False,False,Friday,2026-04,INTRABAR_CONSERVATIVE
225,example_failed_reversal,MNQ,2026-04-17,1,1,93,94,2026-04-17 15:03:00+00:00,2026-04-17 15:04:00+00:00,26827.25,26830.5,6.5,1.72,0.5,4.28,-28.5,18.0,0.21242895352724842,signal_invalidation,1,False,False,Friday,2026-04,INTRABAR_CONSERVATIVE
226,example_failed_reversal,MNQ,2026-04-17,1,1,101,102,2026-04-17 15:11:00+00:00,2026-04-17 15:12:00+00:00,26826.75,26824.5,-4.5,1.72,0.5,-6.72,-11.0,22.0,-0.14706619859578737,signal_invalidation,1,False,False,Friday,2026-04,INTRABAR_CONSERVATIVE
227,example_failed_reversal,MNQ,2026-04-17,1,1,108,109,2026-04-17 15:18:00+00:00,2026-04-17 15:19:00+00:00,26829.0,26822.5,-13.0,1.72,0.5,-15.219999999999999,-45.0,1.5,-0.42485790705449683,signal_invalidation,1,False,False,Friday,2026-04,INTRABAR_CONSERVATIVE
228,example_failed_reversal,MNQ,2026-04-17,1,1,115,116,2026-04-17 15:25:00+00:00,2026-04-17 15:26:00+00:00,26835.0,26845.75,21.5,1.72,0.5,19.28,-6.5,24.0,0.7026496155132063,signal_invalidation,1,False,False,Friday,2026-04,INTRABAR_CONSERVATIVE
229,example_failed_reversal,MNQ,2026-04-17,1,1,132,133,2026-04-17 15:42:00+00:00,2026-04-17 15:43:00+00:00,26835.75,26822.5,-26.5,1.72,0.5,-28.72,-31.5,4.5,-0.866056502841859,signal_invalidation,1,False,False,Friday,2026-04,INTRABAR_CONSERVATIVE
230,example_failed_reversal,MNQ,2026-04-17,1,1,142,143,2026-04-17 15:52:00+00:00,2026-04-17 15:53:00+00:00,26830.25,26833.75,7.0,1.72,0.5,4.78,-12.0,10.5,0.22876964226011368,signal_invalidation,1,False,False,Friday,2026-04,INTRABAR_CONSERVATIVE
231,example_failed_reversal,MNQ,2026-04-17,1,1,166,167,2026-04-17 16:16:00+00:00,2026-04-17 16:17:00+00:00,26837.0,26828.0,-18.0,1.72,0.5,-20.22,-27.5,2.0,-0.5882647943831495,signal_invalidation,1,False,False,Friday,2026-04,INTRABAR_CONSERVATIVE
232,example_failed_reversal,MNQ,2026-04-17,1,1,169,170,2026-04-17 16:19:00+00:00,2026-04-17 16:20:00+00:00,26836.75,26837.0,0.5,1.72,0.5,-1.7199999999999998,-11.5,12.0,0.016340688732865264,signal_invalidation,1,False,False,Friday,2026-04,INTRABAR_CONSERVATIVE
233,example_failed_reversal,MNQ,2026-04-17,1,1,218,219,2026-04-17 17:08:00+00:00,2026-04-17 17:09:00+00:00,26824.75,26847.25,45.0,1.72,0.5,42.78,-4.5,45.5,1.4706619859578736,signal_invalidation,1,False,False,Friday,2026-04,INTRABAR_CONSERVATIVE
234,example_failed_reversal,MNQ,2026-04-17,1,1,221,222,2026-04-17 17:11:00+00:00,2026-04-17 17:12:00+00:00,26832.5,26834.5,4.0,1.72,0.5,1.7800000000000002,-16.5,12.0,0.1307255098629221,signal_invalidation,1,False,False,Friday,2026-04,INTRABAR_CONSERVATIVE
235,example_failed_reversal,MNQ,2026-04-17,1,1,225,226,2026-04-17 17:15:00+00:00,2026-04-17 17:16:00+00:00,26832.0,26839.25,14.5,1.72,0.5,12.280000000000001,-2.0,18.5,0.4738799732530926,signal_invalidation,1,False,False,Friday,2026-04,INTRABAR_CONSERVATIVE
236,example_failed_reversal,MNQ,2026-04-17,1,1,227,228,2026-04-17 17:17:00+00:00,2026-04-17 17:18:00+00:00,26825.5,26828.25,5.5,1.72,0.5,3.2800000000000002,-16.5,8.5,0.1797475760615179,signal_invalidation,1,False,False,Friday,2026-04,INTRABAR_CONSERVATIVE
237,example_failed_reversal,MNQ,2026-04-22,1,1,52,53,2026-04-22 14:22:00+00:00,2026-04-22 14:23:00+00:00,26961.5,26965.75,8.5,1.72,0.5,6.28,-5.0,15.0,0.35132135306553913,signal_invalidation,1,False,False,Wednesday,2026-04,INTRABAR_CONSERVATIVE
238,example_failed_reversal,MNQ,2026-04-22,1,1,62,63,2026-04-22 14:32:00+00:00,2026-04-22 14:33:00+00:00,26965.25,26967.75,5.0,1.72,0.5,2.7800000000000002,-34.0,6.0,0.20665961945031713,signal_invalidation,1,False,False,Wednesday,2026-04,INTRABAR_CONSERVATIVE
239,example_failed_reversal,MNQ,2026-04-22,1,1,73,74,2026-04-22 14:43:00+00:00,2026-04-22 14:44:00+00:00,26963.5,26969.0,11.0,1.72,0.5,8.780000000000001,-3.0,27.5,0.45465116279069767,signal_invalidation,1,False,False,Wednesday,2026-04,INTRABAR_CONSERVATIVE
240,example_failed_reversal,MNQ,2026-04-22,1,1,81,82,2026-04-22 14:51:00+00:00,2026-04-22 14:52:00+00:00,26968.0,26957.5,-21.0,1.72,0.5,-23.22,-36.0,2.5,-0.8679704016913319,signal_invalidation,1,False,False,Wednesday,2026-04,INTRABAR_CONSERVATIVE
241,example_failed_reversal,MNQ,2026-04-22,1,1,85,86,2026-04-22 14:55:00+00:00,2026-04-22 14:56:00+00:00,26962.5,26966.5,8.0,1.72,0.5,5.78,-21.0,23.0,0.3306553911205074,signal_invalidation,1,False,False,Wednesday,2026-04,INTRABAR_CONSERVATIVE
242,example_failed_reversal,MNQ,2026-04-22,1,1,90,91,2026-04-22 15:00:00+00:00,2026-04-22 15:01:00+00:00,26950.75,26948.5,-4.5,1.72,0.5,-6.72,-16.5,7.5,-0.1859936575052854,signal_invalidation,1,False,False,Wednesday,2026-04,INTRABAR_CONSERVATIVE
243,example_failed_reversal,MNQ,2026-04-22,1,1,102,103,2026-04-22 15:12:00+00:00,2026-04-22 15:13:00+00:00,26968.75,26974.5,11.5,1.72,0.5,9.280000000000001,-8.0,18.0,0.4753171247357294,signal_invalidation,1,False,False,Wednesday,2026-04,INTRABAR_CONSERVATIVE
244,example_failed_reversal,MNQ,2026-04-22,1,1,186,187,2026-04-22 16:36:00+00:00,2026-04-22 16:37:00+00:00,26968.5,26974.25,11.5,1.72,0.5,9.280000000000001,-6.5,15.0,0.4753171247357294,signal_invalidation,1,False,False,Wednesday,2026-04,INTRABAR_CONSERVATIVE
245,example_failed_reversal,MNQ,2026-04-22,1,1,194,195,2026-04-22 16:44:00+00:00,2026-04-22 16:45:00+00:00,26967.75,26967.0,-1.5,1.72,0.5,-3.7199999999999998,-7.5,14.0,-0.061997885835095135,signal_invalidation,1,False,False,Wednesday,2026-04,INTRABAR_CONSERVATIVE
246,example_failed_reversal,MNQ,2026-04-22,1,1,208,209,2026-04-22 16:58:00+00:00,2026-04-22 16:59:00+00:00,26963.0,26966.5,7.0,1.72,0.5,4.78,-3.0,13.5,0.289323467230444,signal_invalidation,1,False,False,Wednesday,2026-04,INTRABAR_CONSERVATIVE
247,example_failed_reversal,MNQ,2026-04-23,-1,1,263,264,2026-04-23 17:53:00+00:00,2026-04-23 17:54:00+00:00,26821.25,26833.75,-25.0,1.72,0.5,-27.22,-56.0,45.5,-0.6375138589969347,signal_invalidation,1,False,False,Thursday,2026-04,INTRABAR_CONSERVATIVE
248,example_failed_reversal,MNQ,2026-04-24,1,1,135,136,2026-04-24 15:45:00+00:00,2026-04-24 15:46:00+00:00,27360.25,27368.5,16.5,1.72,0.5,14.280000000000001,-37.0,22.0,0.562320230105465,signal_invalidation,1,False,False,Friday,2026-04,INTRABAR_CONSERVATIVE
249,example_failed_reversal,MNQ,2026-04-24,1,1,157,158,2026-04-24 16:07:00+00:00,2026-04-24 16:08:00+00:00,27372.75,27366.0,-13.5,1.72,0.5,-15.719999999999999,-27.0,10.0,-0.4600801882681077,signal_invalidation,1,False,False,Friday,2026-04,INTRABAR_CONSERVATIVE
250,example_failed_reversal,MNQ,2026-04-24,1,1,165,166,2026-04-24 16:15:00+00:00,2026-04-24 16:16:00+00:00,27369.25,27382.25,26.0,1.72,0.5,23.78,-1.0,37.0,0.8860803625904297,signal_invalidation,1,False,False,Friday,2026-04,INTRABAR_CONSERVATIVE
251,example_failed_reversal,MNQ,2026-04-24,1,1,233,234,2026-04-24 17:23:00+00:00,2026-04-24 17:24:00+00:00,27373.75,27391.5,35.5,1.72,0.5,33.28,-0.5,36.5,1.2098404950753943,signal_invalidation,1,False,False,Friday,2026-04,INTRABAR_CONSERVATIVE
252,example_failed_reversal,MNQ,2026-04-24,1,1,241,242,2026-04-24 17:31:00+00:00,2026-04-24 17:32:00+00:00,27377.25,27382.25,10.0,1.72,0.5,7.78,-4.0,13.0,0.3408001394578576,signal_invalidation,1,False,False,Friday,2026-04,INTRABAR_CONSERVATIVE
253,example_failed_reversal,MNQ,2026-05-04,-1,1,162,163,2026-05-04 16:12:00+00:00,2026-05-04 16:13:00+00:00,27683.5,27676.0,15.0,1.72,0.5,12.780000000000001,-3.5,37.5,0.43025345706635365,signal_invalidation,1,False,False,Monday,2026-05,INTRABAR_CONSERVATIVE
254,example_failed_reversal,MNQ,2026-05-04,-1,1,168,169,2026-05-04 16:18:00+00:00,2026-05-04 16:19:00+00:00,27704.25,27712.0,-15.5,1.72,0.5,-17.72,-61.0,17.5,-0.44459523896856545,signal_invalidation,1,False,False,Monday,2026-05,INTRABAR_CONSERVATIVE
255,example_failed_reversal,MNQ,2026-05-06,1,1,308,309,2026-05-06 18:38:00+00:00,2026-05-06 18:39:00+00:00,28656.5,28655.75,-1.5,1.72,0.5,-3.7199999999999998,-10.0,1.0,-0.05690859693382496,signal_invalidation,1,False,False,Wednesday,2026-05,INTRABAR_CONSERVATIVE
256,example_failed_reversal,MNQ,2026-05-06,1,1,314,315,2026-05-06 18:44:00+00:00,2026-05-06 18:45:00+00:00,28649.5,28653.0,7.0,1.72,0.5,4.78,-5.0,15.0,0.2655734523578498,signal_invalidation,1,False,False,Wednesday,2026-05,INTRABAR_CONSERVATIVE
257,example_failed_reversal,MNQ,2026-05-07,1,1,59,60,2026-05-07 14:29:00+00:00,2026-05-07 14:30:00+00:00,28873.5,28867.5,-12.0,1.72,0.5,-14.219999999999999,-17.5,11.0,-0.30987682858369386,signal_invalidation,1,False,False,Thursday,2026-05,INTRABAR_CONSERVATIVE
258,example_failed_reversal,MNQ,2026-05-07,1,1,78,79,2026-05-07 14:48:00+00:00,2026-05-07 14:49:00+00:00,28887.0,28882.0,-10.0,1.72,0.5,-12.219999999999999,-21.5,0.5,-0.2582306904864115,signal_invalidation,1,False,False,Thursday,2026-05,INTRABAR_CONSERVATIVE
259,example_failed_reversal,MNQ,2026-05-07,1,1,95,96,2026-05-07 15:05:00+00:00,2026-05-07 15:06:00+00:00,28866.75,28854.25,-25.0,1.72,0.5,-27.22,-40.0,20.0,-0.6455767262160288,signal_invalidation,1,False,False,Thursday,2026-05,INTRABAR_CONSERVATIVE
260,example_failed_reversal,MNQ,2026-05-07,1,1,125,126,2026-05-07 15:35:00+00:00,2026-05-07 15:36:00+00:00,28879.25,28884.75,11.0,1.72,0.5,8.780000000000001,-9.0,16.5,0.2840537595350527,signal_invalidation,1,False,False,Thursday,2026-05,INTRABAR_CONSERVATIVE
261,example_failed_reversal,MNQ,2026-05-07,1,1,128,129,2026-05-07 15:38:00+00:00,2026-05-07 15:39:00+00:00,28884.25,28881.0,-6.5,1.72,0.5,-8.719999999999999,-10.0,10.0,-0.1678499488161675,signal_invalidation,1,False,False,Thursday,2026-05,INTRABAR_CONSERVATIVE
262,example_failed_reversal,MNQ,2026-05-12,-1,1,151,152,2026-05-12 16:01:00+00:00,2026-05-12 16:02:00+00:00,28868.75,28871.5,-5.5,1.72,0.5,-7.72,-12.0,16.0,-0.12905839284642623,signal_invalidation,1,False,False,Tuesday,2026-05,INTRABAR_CONSERVATIVE
263,example_failed_reversal,MNQ,2026-05-12,-1,1,172,173,2026-05-12 16:22:00+00:00,2026-05-12 16:23:00+00:00,28852.25,28844.75,15.0,1.72,0.5,12.780000000000001,-4.0,19.5,0.3519774350357079,signal_invalidation,1,False,False,Tuesday,2026-05,INTRABAR_CONSERVATIVE
264,example_failed_reversal,MNQ,2026-05-12,-1,1,178,179,2026-05-12 16:28:00+00:00,2026-05-12 16:29:00+00:00,28859.75,28840.0,39.5,1.72,0.5,37.28,-2.0,52.0,0.9268739122606974,signal_invalidation,1,False,False,Tuesday,2026-05,INTRABAR_CONSERVATIVE
265,example_failed_reversal,MNQ,2026-05-12,-1,1,226,227,2026-05-12 17:16:00+00:00,2026-05-12 17:17:00+00:00,28852.0,28863.0,-22.0,1.72,0.5,-24.22,-30.0,3.0,-0.5162335713857049,signal_invalidation,1,False,False,Tuesday,2026-05,INTRABAR_CONSERVATIVE
266,example_failed_reversal,MNQ,2026-05-13,1,1,217,218,2026-05-13 17:07:00+00:00,2026-05-13 17:08:00+00:00,29481.25,29476.5,-9.5,1.72,0.5,-11.719999999999999,-17.0,12.0,-0.2931844192746359,signal_invalidation,1,False,False,Wednesday,2026-05,INTRABAR_CONSERVATIVE
267,example_failed_reversal,MNQ,2026-05-13,1,1,221,222,2026-05-13 17:11:00+00:00,2026-05-13 17:12:00+00:00,29480.0,29486.5,13.0,1.72,0.5,10.780000000000001,-2.5,16.0,0.40119973163897543,signal_invalidation,1,False,False,Wednesday,2026-05,INTRABAR_CONSERVATIVE
268,example_failed_reversal,MNQ,2026-05-13,1,1,230,231,2026-05-13 17:20:00+00:00,2026-05-13 17:21:00+00:00,29481.0,29483.75,5.5,1.72,0.5,3.2800000000000002,-4.0,10.5,0.169738348001105,signal_invalidation,1,False,False,Wednesday,2026-05,INTRABAR_CONSERVATIVE
269,example_failed_reversal,MNQ,2026-05-13,1,1,233,234,2026-05-13 17:23:00+00:00,2026-05-13 17:24:00+00:00,29474.25,29467.75,-13.0,1.72,0.5,-15.219999999999999,-14.5,7.5,-0.40119973163897543,signal_invalidation,1,False,False,Wednesday,2026-05,INTRABAR_CONSERVATIVE
270,example_failed_reversal,MNQ,2026-05-13,1,1,242,243,2026-05-13 17:32:00+00:00,2026-05-13 17:33:00+00:00,29470.5,29480.25,19.5,1.72,0.5,17.28,-10.0,20.0,0.6017995974584631,signal_invalidation,1,False,False,Wednesday,2026-05,INTRABAR_CONSERVATIVE
271,example_failed_reversal,MNQ,2026-05-13,1,1,258,259,2026-05-13 17:48:00+00:00,2026-05-13 17:49:00+00:00,29475.0,29478.0,6.0,1.72,0.5,3.7800000000000002,-4.0,13.5,0.18516910691029637,signal_invalidation,1,False,False,Wednesday,2026-05,INTRABAR_CONSERVATIVE
272,example_failed_reversal,MNQ,2026-05-13,1,1,262,263,2026-05-13 17:52:00+00:00,2026-05-13 17:53:00+00:00,29481.25,29481.5,0.5,1.72,0.5,-1.7199999999999998,-2.5,8.0,0.015430758909191364,signal_invalidation,1,False,False,Wednesday,2026-05,INTRABAR_CONSERVATIVE
273,example_failed_reversal,MNQ,2026-05-13,1,1,329,330,2026-05-13 18:59:00+00:00,2026-05-13 19:00:00+00:00,29472.25,29492.25,40.0,1.72,0.5,37.78,-2.0,47.0,1.234460712735309,signal_invalidation,1,False,False,Wednesday,2026-05,INTRABAR_CONSERVATIVE
274,example_failed_reversal,MNQ,2026-05-13,1,1,381,382,2026-05-13 19:51:00+00:00,2026-05-13 19:52:00+00:00,29466.25,29468.0,3.5,1.72,0.5,1.2800000000000002,-4.0,29.0,0.10801531236433955,signal_invalidation,1,False,False,Wednesday,2026-05,INTRABAR_CONSERVATIVE
275,example_failed_reversal,MNQ,2026-05-15,1,1,278,279,2026-05-15 18:08:00+00:00,2026-05-15 18:09:00+00:00,29471.5,29469.75,-3.5,1.72,0.5,-5.72,-13.0,15.5,-0.07353770923453075,signal_invalidation,1,False,False,Friday,2026-05,INTRABAR_CONSERVATIVE
276,example_failed_reversal,MNQ,2026-05-15,1,1,281,282,2026-05-15 18:11:00+00:00,2026-05-15 18:12:00+00:00,29469.25,29484.75,31.0,1.72,0.5,28.78,-1.5,32.0,0.6513339960772724,signal_invalidation,1,False,False,Friday,2026-05,INTRABAR_CONSERVATIVE
277,example_failed_reversal,MNQ,2026-05-15,1,1,284,285,2026-05-15 18:14:00+00:00,2026-05-15 18:15:00+00:00,29468.75,29454.75,-28.0,1.72,0.5,-30.22,-37.5,6.5,-0.588301673876246,signal_invalidation,1,False,False,Friday,2026-05,INTRABAR_CONSERVATIVE
278,example_failed_reversal,MNQ,2026-05-20,1,1,107,108,2026-05-20 15:17:00+00:00,2026-05-20 15:18:00+00:00,29313.0,29313.5,1.0,1.72,0.5,-1.2199999999999998,-78.0,21.5,0.023324484743639455,signal_invalidation,1,False,False,Wednesday,2026-05,INTRABAR_CONSERVATIVE
279,example_failed_reversal,MNQ,2026-05-20,1,1,143,144,2026-05-20 15:53:00+00:00,2026-05-20 15:54:00+00:00,29338.25,29345.25,14.0,1.72,0.5,11.780000000000001,-11.0,17.5,0.32654278641095236,signal_invalidation,1,False,False,Wednesday,2026-05,INTRABAR_CONSERVATIVE
280,example_failed_reversal,MNQ,2026-05-20,1,1,380,381,2026-05-20 19:50:00+00:00,2026-05-20 19:51:00+00:00,29341.25,29351.75,21.0,1.72,0.5,18.78,-10.0,24.5,0.48981417961642854,signal_invalidation,1,False,False,Wednesday,2026-05,INTRABAR_CONSERVATIVE
281,example_failed_reversal,MNQ,2026-05-21,1,1,232,233,2026-05-21 17:22:00+00:00,2026-05-21 17:23:00+00:00,29433.5,29398.25,-70.5,1.72,0.5,-72.72,-134.0,5.5,-1.4617791329709664,signal_invalidation,1,False,False,Thursday,2026-05,INTRABAR_CONSERVATIVE
282,example_failed_reversal,MNQ,2026-05-21,1,1,242,243,2026-05-21 17:32:00+00:00,2026-05-21 17:33:00+00:00,29440.25,29427.5,-25.5,1.72,0.5,-27.72,-47.0,8.5,-0.5287286225639666,signal_invalidation,1,False,False,Thursday,2026-05,INTRABAR_CONSERVATIVE
283,example_failed_reversal,MNQ,2026-05-21,1,1,286,287,2026-05-21 18:16:00+00:00,2026-05-21 18:17:00+00:00,29434.25,29442.25,16.0,1.72,0.5,13.780000000000001,-8.5,16.5,0.33175129258915553,signal_invalidation,1,False,False,Thursday,2026-05,INTRABAR_CONSERVATIVE
284,example_failed_reversal,MNQ,2026-05-21,1,1,309,310,2026-05-21 18:39:00+00:00,2026-05-21 18:40:00+00:00,29442.75,29462.0,38.5,1.72,0.5,36.28,-3.5,39.5,0.7982765477926554,signal_invalidation,1,False,False,Thursday,2026-05,INTRABAR_CONSERVATIVE
285,example_failed_reversal,MNQ,2026-05-21,1,1,316,317,2026-05-21 18:46:00+00:00,2026-05-21 18:47:00+00:00,29432.5,29440.5,16.0,1.72,0.5,13.780000000000001,-2.0,22.5,0.33175129258915553,signal_invalidation,1,False,False,Thursday,2026-05,INTRABAR_CONSERVATIVE
286,example_failed_reversal,MNQ,2026-05-28,1,1,129,130,2026-05-28 15:39:00+00:00,2026-05-28 15:40:00+00:00,30282.25,30275.25,-14.0,1.72,0.5,-16.22,-20.5,1.5,-0.49359783588818756,signal_invalidation,1,False,False,Thursday,2026-05,INTRABAR_CONSERVATIVE
287,example_failed_reversal,MNQ,2026-05-28,1,1,186,187,2026-05-28 16:36:00+00:00,2026-05-28 16:37:00+00:00,30280.0,30283.25,6.5,1.72,0.5,4.28,-1.0,12.5,0.22917042380522992,signal_invalidation,1,False,False,Thursday,2026-05,INTRABAR_CONSERVATIVE
288,example_failed_reversal,MNQ,2026-05-28,1,1,318,319,2026-05-28 18:48:00+00:00,2026-05-28 18:49:00+00:00,30283.0,30286.25,6.5,1.72,0.5,4.28,-5.5,10.0,0.22917042380522992,signal_invalidation,1,False,False,Thursday,2026-05,INTRABAR_CONSERVATIVE
289,example_failed_reversal,MNQ,2026-05-28,1,1,330,331,2026-05-28 19:00:00+00:00,2026-05-28 19:01:00+00:00,30281.5,30288.25,13.5,1.72,0.5,11.280000000000001,-5.5,18.5,0.4759693417493237,signal_invalidation,1,False,False,Thursday,2026-05,INTRABAR_CONSERVATIVE
290,example_failed_reversal,MNQ,2026-05-28,1,1,345,346,2026-05-28 19:15:00+00:00,2026-05-28 19:16:00+00:00,30283.5,30279.5,-8.0,1.72,0.5,-10.219999999999999,-13.0,9.5,-0.2820559062218215,signal_invalidation,1,False,False,Thursday,2026-05,INTRABAR_CONSERVATIVE
291,example_failed_reversal,MNQ,2026-05-28,1,1,352,353,2026-05-28 19:22:00+00:00,2026-05-28 19:23:00+00:00,30280.5,30284.75,8.5,1.72,0.5,6.28,-0.5,13.5,0.2996844003606853,signal_invalidation,1,False,False,Thursday,2026-05,INTRABAR_CONSERVATIVE
292,example_failed_reversal,MNQ,2026-06-01,1,1,251,252,2026-06-01 17:41:00+00:00,2026-06-01 17:42:00+00:00,30610.25,30627.0,33.5,1.72,0.5,31.28,-4.0,34.5,1.0607790735341756,signal_invalidation,1,False,False,Monday,2026-06,INTRABAR_CONSERVATIVE
293,example_failed_reversal,MNQ,2026-06-01,1,1,361,362,2026-06-01 19:31:00+00:00,2026-06-01 19:32:00+00:00,30607.0,30610.0,6.0,1.72,0.5,3.7800000000000002,-10.0,13.0,0.18999028182701652,signal_invalidation,1,False,False,Monday,2026-06,INTRABAR_CONSERVATIVE
294,example_failed_reversal,MNQ,2026-06-04,1,1,241,242,2026-06-04 17:31:00+00:00,2026-06-04 17:32:00+00:00,30521.75,30535.0,26.5,1.72,0.5,24.28,-1.0,29.5,0.7944717067934367,signal_invalidation,1,False,False,Thursday,2026-06,INTRABAR_CONSERVATIVE
295,example_failed_reversal,MNQ,2026-06-04,1,1,247,248,2026-06-04 17:37:00+00:00,2026-06-04 17:38:00+00:00,30522.25,30529.0,13.5,1.72,0.5,11.280000000000001,-12.5,16.0,0.4047308694985432,signal_invalidation,1,False,False,Thursday,2026-06,INTRABAR_CONSERVATIVE
296,example_failed_reversal,MNQ,2026-06-04,1,1,249,250,2026-06-04 17:39:00+00:00,2026-06-04 17:40:00+00:00,30515.0,30514.5,-1.0,1.72,0.5,-3.2199999999999998,-7.5,10.5,-0.029980064407299497,signal_invalidation,1,False,False,Thursday,2026-06,INTRABAR_CONSERVATIVE
297,example_failed_reversal,MNQ,2026-06-04,1,1,380,381,2026-06-04 19:50:00+00:00,2026-06-04 19:51:00+00:00,30518.75,30525.5,13.5,1.72,0.5,11.280000000000001,-17.5,17.0,0.4047308694985432,signal_invalidation,1,False,False,Thursday,2026-06,INTRABAR_CONSERVATIVE
298,example_failed_reversal,MNQ,2026-06-04,1,1,383,384,2026-06-04 19:53:00+00:00,2026-06-04 19:54:00+00:00,30522.5,30518.5,-8.0,1.72,0.5,-10.219999999999999,-13.5,17.0,-0.23984051525839598,signal_invalidation,1,False,False,Thursday,2026-06,INTRABAR_CONSERVATIVE
299,example_failed_reversal,MNQ,2026-06-12,1,1,118,119,2026-06-12 15:28:00+00:00,2026-06-12 15:29:00+00:00,30018.0,30037.25,38.5,1.72,0.5,36.28,0.0,46.0,0.5803311551880337,signal_invalidation,1,False,False,Friday,2026-06,INTRABAR_CONSERVATIVE
300,example_failed_reversal,MNQ,2026-06-12,1,1,120,121,2026-06-12 15:30:00+00:00,2026-06-12 15:31:00+00:00,30027.0,30013.75,-26.5,1.72,0.5,-28.72,-40.0,17.5,-0.39944871720734787,signal_invalidation,1,False,False,Friday,2026-06,INTRABAR_CONSERVATIVE
301,example_failed_reversal,MNQ,2026-06-16,-1,1,114,115,2026-06-16 15:24:00+00:00,2026-06-16 15:25:00+00:00,30561.5,30567.25,-11.5,1.72,0.5,-13.719999999999999,-24.0,19.0,-0.2416758485394104,signal_invalidation,1,False,False,Tuesday,2026-06,INTRABAR_CONSERVATIVE
302,example_failed_reversal,MNQ,2026-06-16,-1,1,120,121,2026-06-16 15:30:00+00:00,2026-06-16 15:31:00+00:00,30553.25,30545.75,15.0,1.72,0.5,12.780000000000001,-9.0,32.5,0.3152293676601005,signal_invalidation,1,False,False,Tuesday,2026-06,INTRABAR_CONSERVATIVE
303,example_failed_reversal,MNQ,2026-06-16,-1,1,123,124,2026-06-16 15:33:00+00:00,2026-06-16 15:34:00+00:00,30561.0,30554.5,13.0,1.72,0.5,10.780000000000001,-20.0,26.0,0.27319878530542047,signal_invalidation,1,False,False,Tuesday,2026-06,INTRABAR_CONSERVATIVE
304,example_failed_reversal,MNQ,2026-06-16,-1,1,162,163,2026-06-16 16:12:00+00:00,2026-06-16 16:13:00+00:00,30557.5,30543.5,28.0,1.72,0.5,25.78,-17.5,32.0,0.588428152965521,signal_invalidation,1,False,False,Tuesday,2026-06,INTRABAR_CONSERVATIVE
305,example_failed_reversal,MNQ,2026-06-16,-1,1,171,172,2026-06-16 16:21:00+00:00,2026-06-16 16:22:00+00:00,30555.75,30548.0,15.5,1.72,0.5,13.280000000000001,-34.5,23.5,0.3257370132487705,signal_invalidation,1,False,False,Tuesday,2026-06,INTRABAR_CONSERVATIVE
306,example_failed_reversal,MNQ,2026-06-17,-1,1,365,366,2026-06-17 19:35:00+00:00,2026-06-17 19:36:00+00:00,30070.5,30103.0,-65.0,1.72,0.5,-67.22,-82.5,9.0,-0.9851157021589984,signal_invalidation,1,False,False,Wednesday,2026-06,INTRABAR_CONSERVATIVE
307,example_failed_reversal,MNQ,2026-07-02,-1,1,98,99,2026-07-02 15:08:00+00:00,2026-07-02 15:09:00+00:00,29680.0,29704.25,-48.5,1.72,0.5,-50.72,-71.5,24.0,-0.7244751771694906,signal_invalidation,1,False,False,Thursday,2026-07,INTRABAR_CONSERVATIVE
308,example_failed_reversal,MNQ,2026-07-02,-1,1,110,111,2026-07-02 15:20:00+00:00,2026-07-02 15:21:00+00:00,29655.5,29664.25,-17.5,1.72,0.5,-19.72,-46.5,20.5,-0.26140856908177496,signal_invalidation,1,False,False,Thursday,2026-07,INTRABAR_CONSERVATIVE
309,example_failed_reversal,MNQ,2026-07-02,-1,1,162,163,2026-07-02 16:12:00+00:00,2026-07-02 16:13:00+00:00,29650.75,29641.5,18.5,1.72,0.5,16.28,-15.5,31.5,0.27634620160073353,signal_invalidation,1,False,False,Thursday,2026-07,INTRABAR_CONSERVATIVE
310,example_failed_reversal,MNQ,2026-07-02,-1,1,164,165,2026-07-02 16:14:00+00:00,2026-07-02 16:15:00+00:00,29647.25,29628.75,37.0,1.72,0.5,34.78,-12.5,68.0,0.5526924032014671,signal_invalidation,1,False,False,Thursday,2026-07,INTRABAR_CONSERVATIVE
311,example_failed_reversal,MNQ,2026-07-15,-1,1,194,195,2026-07-15 16:44:00+00:00,2026-07-15 16:45:00+00:00,29445.5,29438.75,13.5,1.72,0.5,11.280000000000001,-10.5,21.5,0.3011725101988418,signal_invalidation,1,False,False,Wednesday,2026-07,INTRABAR_CONSERVATIVE
312,example_failed_reversal,MNQ,2026-07-17,1,1,151,152,2026-07-17 16:01:00+00:00,2026-07-17 16:02:00+00:00,28889.75,28884.25,-11.0,1.72,0.5,-13.219999999999999,-26.5,33.0,-0.19872935196950445,signal_invalidation,1,False,False,Friday,2026-07,INTRABAR_CONSERVATIVE
313,example_failed_reversal,MNQ,2026-07-17,1,1,161,162,2026-07-17 16:11:00+00:00,2026-07-17 16:12:00+00:00,28903.5,28920.75,34.5,1.72,0.5,32.28,-14.0,42.0,0.6232875129952639,signal_invalidation,1,False,False,Friday,2026-07,INTRABAR_CONSERVATIVE
314,example_failed_reversal,MNQ,2026-07-17,1,1,166,167,2026-07-17 16:16:00+00:00,2026-07-17 16:17:00+00:00,28929.0,28939.5,21.0,1.72,0.5,18.78,-9.0,62.0,0.37939239921450846,signal_invalidation,1,False,False,Friday,2026-07,INTRABAR_CONSERVATIVE
315,example_failed_reversal,MNQ,2026-07-17,1,1,170,171,2026-07-17 16:20:00+00:00,2026-07-17 16:21:00+00:00,28930.75,28895.5,-70.5,1.72,0.5,-72.72,-80.0,4.5,-1.2736744830772784,signal_invalidation,1,False,False,Friday,2026-07,INTRABAR_CONSERVATIVE
316,example_failed_reversal,MNQ,2026-07-17,1,1,261,262,2026-07-17 17:51:00+00:00,2026-07-17 17:52:00+00:00,28933.5,28932.25,-2.5,1.72,0.5,-4.72,-16.5,22.5,-0.04516576181125101,signal_invalidation,1,False,False,Friday,2026-07,INTRABAR_CONSERVATIVE
317,example_failed_reversal,MNQ,2026-08-03,1,1,296,297,2026-08-03 18:26:00+00:00,2026-08-03 18:27:00+00:00,28910.0,28903.0,-14.0,1.72,0.5,-16.22,-27.0,0.0,-0.4147598120927413,signal_invalidation,1,False,False,Monday,2026-08,INTRABAR_CONSERVATIVE
318,example_failed_reversal,MNQ,2026-08-03,1,1,320,321,2026-08-03 18:50:00+00:00,2026-08-03 18:51:00+00:00,28912.75,28915.75,6.0,1.72,0.5,3.7800000000000002,-6.5,11.5,0.17775420518260343,signal_invalidation,1,False,False,Monday,2026-08,INTRABAR_CONSERVATIVE
319,example_failed_reversal,MNQ,2026-08-03,1,1,325,326,2026-08-03 18:55:00+00:00,2026-08-03 18:56:00+00:00,28912.5,28907.25,-10.5,1.72,0.5,-12.719999999999999,-11.5,6.5,-0.311069859069556,signal_invalidation,1,False,False,Monday,2026-08,INTRABAR_CONSERVATIVE
320,example_failed_reversal,MNQ,2026-08-03,1,1,329,330,2026-08-03 18:59:00+00:00,2026-08-03 19:00:00+00:00,28907.5,28924.75,34.5,1.72,0.5,32.28,-2.5,56.0,1.0220866797999697,signal_invalidation,1,False,False,Monday,2026-08,INTRABAR_CONSERVATIVE
321,example_failed_reversal,MNQ,2026-08-03,1,1,339,340,2026-08-03 19:09:00+00:00,2026-08-03 19:10:00+00:00,28909.25,28909.5,0.5,1.72,0.5,-1.7199999999999998,-5.0,13.5,0.01481285043188362,signal_invalidation,1,False,False,Monday,2026-08,INTRABAR_CONSERVATIVE
322,example_failed_reversal,MNQ,2026-08-03,1,1,343,344,2026-08-03 19:13:00+00:00,2026-08-03 19:14:00+00:00,28900.5,28900.0,-1.0,1.72,0.5,-3.2199999999999998,-9.5,9.5,-0.02962570086376724,signal_invalidation,1,False,False,Monday,2026-08,INTRABAR_CONSERVATIVE
323,example_failed_reversal,MNQ,2026-08-03,1,1,350,351,2026-08-03 19:20:00+00:00,2026-08-03 19:21:00+00:00,28913.25,28919.0,11.5,1.72,0.5,9.280000000000001,-4.5,14.0,0.34069555993332323,signal_invalidation,1,False,False,Monday,2026-08,INTRABAR_CONSERVATIVE
324,example_failed_reversal,MNQ,2026-08-03,1,1,355,356,2026-08-03 19:25:00+00:00,2026-08-03 19:26:00+00:00,28913.75,28914.25,1.0,1.72,0.5,-1.2199999999999998,-8.5,9.5,0.02962570086376724,signal_invalidation,1,False,False,Monday,2026-08,INTRABAR_CONSERVATIVE
325,example_failed_reversal,MNQ,2026-08-03,1,1,358,359,2026-08-03 19:28:00+00:00,2026-08-03 19:29:00+00:00,28909.75,28913.25,7.0,1.72,0.5,4.78,-3.5,16.5,0.20737990604637066,signal_invalidation,1,False,False,Monday,2026-08,INTRABAR_CONSERVATIVE
326,example_failed_reversal,MNQ,2026-08-03,1,1,362,363,2026-08-03 19:32:00+00:00,2026-08-03 19:33:00+00:00,28909.0,28904.5,-9.0,1.72,0.5,-11.219999999999999,-11.0,5.0,-0.26663130777390515,signal_invalidation,1,False,False,Monday,2026-08,INTRABAR_CONSERVATIVE
327,example_failed_reversal,MNQ,2026-08-03,1,1,366,367,2026-08-03 19:36:00+00:00,2026-08-03 19:37:00+00:00,28907.5,28910.25,5.5,1.72,0.5,3.2800000000000002,-9.0,9.0,0.1629413547507198,signal_invalidation,1,False,False,Monday,2026-08,INTRABAR_CONSERVATIVE
328,example_failed_reversal,MNQ,2026-08-03,1,1,376,377,2026-08-03 19:46:00+00:00,2026-08-03 19:47:00+00:00,28906.25,28912.5,12.5,1.72,0.5,10.280000000000001,-8.0,16.5,0.3703212607970905,signal_invalidation,1,False,False,Monday,2026-08,INTRABAR_CONSERVATIVE
329,example_failed_reversal,MNQ,2026-08-03,1,1,383,384,2026-08-03 19:53:00+00:00,2026-08-03 19:54:00+00:00,28910.25,28899.75,-21.0,1.72,0.5,-23.22,-40.0,0.0,-0.622139718139112,signal_invalidation,1,False,False,Monday,2026-08,INTRABAR_CONSERVATIVE
330,example_failed_reversal,MNQ,2026-09-01,1,1,156,157,2026-09-01 16:06:00+00:00,2026-09-01 16:07:00+00:00,29261.5,29266.75,10.5,1.72,0.5,8.280000000000001,-1.5,23.5,0.3524639423076923,signal_invalidation,1,False,False,Tuesday,2026-09,INTRABAR_CONSERVATIVE
331,example_failed_reversal,MNQ,2026-09-01,1,1,158,159,2026-09-01 16:08:00+00:00,2026-09-01 16:09:00+00:00,29261.0,29260.25,-1.5,1.72,0.5,-3.7199999999999998,-6.5,12.0,-0.05035199175824176,signal_invalidation,1,False,False,Tuesday,2026-09,INTRABAR_CONSERVATIVE
332,example_failed_reversal,MNQ,2026-09-03,1,1,122,123,2026-09-03 15:32:00+00:00,2026-09-03 15:33:00+00:00,29532.0,29524.25,-15.5,1.72,0.5,-17.72,-28.5,8.0,-0.5685538721328393,signal_invalidation,1,False,False,Thursday,2026-09,INTRABAR_CONSERVATIVE
333,example_failed_reversal,MNQ,2026-09-03,1,1,150,151,2026-09-03 16:00:00+00:00,2026-09-03 16:01:00+00:00,29529.5,29527.75,-3.5,1.72,0.5,-5.72,-9.5,11.0,-0.12838313241709273,signal_invalidation,1,False,False,Thursday,2026-09,INTRABAR_CONSERVATIVE
334,example_failed_reversal,MNQ,2026-09-03,1,1,208,209,2026-09-03 16:58:00+00:00,2026-09-03 16:59:00+00:00,29532.0,29527.75,-8.5,1.72,0.5,-10.719999999999999,-13.0,2.0,-0.3117876072986538,signal_invalidation,1,False,False,Thursday,2026-09,INTRABAR_CONSERVATIVE
335,example_failed_reversal,MNQ,2026-09-03,1,1,354,355,2026-09-03 19:24:00+00:00,2026-09-03 19:25:00+00:00,29531.0,29532.5,3.0,1.72,0.5,0.7800000000000002,-6.0,4.0,0.11004268492893664,signal_invalidation,1,False,False,Thursday,2026-09,INTRABAR_CONSERVATIVE
336,example_failed_reversal,MNQ,2026-09-03,1,1,357,358,2026-09-03 19:27:00+00:00,2026-09-03 19:28:00+00:00,29531.0,29530.75,-0.5,1.72,0.5,-2.7199999999999998,-9.5,1.0,-0.018340447488156105,signal_invalidation,1,False,False,Thursday,2026-09,INTRABAR_CONSERVATIVE
337,example_failed_reversal,MNQ,2026-09-03,1,1,362,363,2026-09-03 19:32:00+00:00,2026-09-03 19:33:00+00:00,29532.25,29530.0,-4.5,1.72,0.5,-6.72,-7.5,3.0,-0.16506402739340495,signal_invalidation,1,False,False,Thursday,2026-09,INTRABAR_CONSERVATIVE
338,example_failed_reversal,MNQ,2026-09-03,1,1,368,369,2026-09-03 19:38:00+00:00,2026-09-03 19:39:00+00:00,29531.5,29532.0,1.0,1.72,0.5,-1.2199999999999998,-4.0,5.5,0.03668089497631221,signal_invalidation,1,False,False,Thursday,2026-09,INTRABAR_CONSERVATIVE
339,example_failed_reversal,MNQ,2026-09-03,1,1,371,372,2026-09-03 19:41:00+00:00,2026-09-03 19:42:00+00:00,29526.5,29527.25,1.5,1.72,0.5,-0.7199999999999998,-10.0,8.0,0.05502134246446832,signal_invalidation,1,False,False,Thursday,2026-09,INTRABAR_CONSERVATIVE
340,example_failed_reversal,MNQ,2026-09-03,1,1,376,377,2026-09-03 19:46:00+00:00,2026-09-03 19:47:00+00:00,29526.5,29523.75,-5.5,1.72,0.5,-7.72,-10.5,3.5,-0.20174492236971717,signal_invalidation,1,False,False,Thursday,2026-09,INTRABAR_CONSERVATIVE
