session,bar,timestamp,kind,signed_quantity,price,reason,cost
2025-09-12,208,2025-09-12 16:58:00+00:00,ENTRY,1.0,24348.5,signal,1.1099999999999999
2025-09-12,209,2025-09-12 16:59:00+00:00,EXIT,-1.0,24346.0,signal_invalidation,1.1099999999999999
2025-09-12,272,2025-09-12 18:02:00+00:00,ENTRY,1.0,24350.25,signal,1.1099999999999999
2025-09-12,273,2025-09-12 18:03:00+00:00,EXIT,-1.0,24349.5,signal_invalidation,1.1099999999999999
2025-09-12,362,2025-09-12 19:32:00+00:00,ENTRY,1.0,24342.5,signal,1.1099999999999999
2025-09-12,363,2025-09-12 19:33:00+00:00,EXIT,-1.0,24342.0,signal_invalidation,1.1099999999999999
2025-09-12,377,2025-09-12 19:47:00+00:00,ENTRY,1.0,24346.5,signal,1.1099999999999999
2025-09-12,378,2025-09-12 19:48:00+00:00,EXIT,-1.0,24349.25,signal_invalidation,1.1099999999999999
2025-09-12,389,2025-09-12 19:59:00+00:00,ENTRY,1.0,24347.5,signal,1.1099999999999999
2025-09-12,390,2025-09-12 20:00:00+00:00,EXIT,-1.0,24336.5,signal_invalidation,1.1099999999999999
2025-09-17,286,2025-09-17 18:16:00+00:00,ENTRY,-1.0,24351.25,signal,1.1099999999999999
2025-09-17,287,2025-09-17 18:17:00+00:00,EXIT,1.0,24349.25,signal_invalidation,1.1099999999999999
2025-09-17,327,2025-09-17 18:57:00+00:00,ENTRY,-1.0,24352.0,signal,1.1099999999999999
2025-09-17,328,2025-09-17 18:58:00+00:00,EXIT,1.0,24379.75,signal_invalidation,1.1099999999999999
2025-09-23,258,2025-09-23 17:48:00+00:00,ENTRY,-1.0,24829.5,signal,1.1099999999999999
2025-09-23,259,2025-09-23 17:49:00+00:00,EXIT,1.0,24839.75,signal_invalidation,1.1099999999999999
2025-09-23,263,2025-09-23 17:53:00+00:00,ENTRY,-1.0,24822.5,signal,1.1099999999999999
2025-09-23,264,2025-09-23 17:54:00+00:00,EXIT,1.0,24816.25,signal_invalidation,1.1099999999999999
2025-09-23,265,2025-09-23 17:55:00+00:00,ENTRY,-1.0,24823.75,signal,1.1099999999999999
2025-09-23,266,2025-09-23 17:56:00+00:00,EXIT,1.0,24820.5,signal_invalidation,1.1099999999999999
2025-09-23,267,2025-09-23 17:57:00+00:00,ENTRY,-1.0,24832.25,signal,1.1099999999999999
2025-09-23,268,2025-09-23 17:58:00+00:00,EXIT,1.0,24838.0,signal_invalidation,1.1099999999999999
2025-09-23,277,2025-09-23 18:07:00+00:00,ENTRY,-1.0,24823.25,signal,1.1099999999999999
2025-09-23,278,2025-09-23 18:08:00+00:00,EXIT,1.0,24825.25,signal_invalidation,1.1099999999999999
2025-09-23,296,2025-09-23 18:26:00+00:00,ENTRY,-1.0,24823.5,signal,1.1099999999999999
2025-09-23,297,2025-09-23 18:27:00+00:00,EXIT,1.0,24823.25,signal_invalidation,1.1099999999999999
2025-09-23,301,2025-09-23 18:31:00+00:00,ENTRY,-1.0,24827.5,signal,1.1099999999999999
2025-09-23,302,2025-09-23 18:32:00+00:00,EXIT,1.0,24829.75,signal_invalidation,1.1099999999999999
2025-09-23,348,2025-09-23 19:18:00+00:00,ENTRY,-1.0,24824.25,signal,1.1099999999999999
2025-09-23,349,2025-09-23 19:19:00+00:00,EXIT,1.0,24823.5,signal_invalidation,1.1099999999999999
2025-09-23,370,2025-09-23 19:40:00+00:00,ENTRY,-1.0,24823.0,signal,1.1099999999999999
2025-09-23,371,2025-09-23 19:41:00+00:00,EXIT,1.0,24823.5,signal_invalidation,1.1099999999999999
2025-10-01,167,2025-10-01 16:17:00+00:00,ENTRY,1.0,24944.25,signal,1.1099999999999999
2025-10-01,168,2025-10-01 16:18:00+00:00,EXIT,-1.0,24946.25,signal_invalidation,1.1099999999999999
2025-10-01,169,2025-10-01 16:19:00+00:00,ENTRY,1.0,24937.0,signal,1.1099999999999999
2025-10-01,170,2025-10-01 16:20:00+00:00,EXIT,-1.0,24931.75,signal_invalidation,1.1099999999999999
2025-10-01,182,2025-10-01 16:32:00+00:00,ENTRY,1.0,24943.75,signal,1.1099999999999999
2025-10-01,183,2025-10-01 16:33:00+00:00,EXIT,-1.0,24946.5,signal_invalidation,1.1099999999999999
2025-10-01,189,2025-10-01 16:39:00+00:00,ENTRY,1.0,24943.75,signal,1.1099999999999999
2025-10-01,190,2025-10-01 16:40:00+00:00,EXIT,-1.0,24943.75,signal_invalidation,1.1099999999999999
2025-10-03,289,2025-10-03 18:19:00+00:00,ENTRY,-1.0,25006.25,signal,1.1099999999999999
2025-10-03,290,2025-10-03 18:20:00+00:00,EXIT,1.0,24996.5,signal_invalidation,1.1099999999999999
2025-10-03,291,2025-10-03 18:21:00+00:00,ENTRY,-1.0,25005.0,signal,1.1099999999999999
2025-10-03,292,2025-10-03 18:22:00+00:00,EXIT,1.0,25015.0,signal_invalidation,1.1099999999999999
2025-10-03,325,2025-10-03 18:55:00+00:00,ENTRY,-1.0,24999.75,signal,1.1099999999999999
2025-10-03,326,2025-10-03 18:56:00+00:00,EXIT,1.0,25007.25,signal_invalidation,1.1099999999999999
2025-10-03,381,2025-10-03 19:51:00+00:00,ENTRY,-1.0,25004.0,signal,1.1099999999999999
2025-10-03,382,2025-10-03 19:52:00+00:00,EXIT,1.0,25006.0,signal_invalidation,1.1099999999999999
2025-10-08,301,2025-10-08 18:31:00+00:00,ENTRY,1.0,25280.75,signal,1.1099999999999999
2025-10-08,302,2025-10-08 18:32:00+00:00,EXIT,-1.0,25283.0,signal_invalidation,1.1099999999999999
2025-10-08,310,2025-10-08 18:40:00+00:00,ENTRY,1.0,25278.25,signal,1.1099999999999999
2025-10-08,311,2025-10-08 18:41:00+00:00,EXIT,-1.0,25283.5,signal_invalidation,1.1099999999999999
2025-10-08,312,2025-10-08 18:42:00+00:00,ENTRY,1.0,25279.25,signal,1.1099999999999999
2025-10-08,313,2025-10-08 18:43:00+00:00,EXIT,-1.0,25278.5,signal_invalidation,1.1099999999999999
2025-10-14,367,2025-10-14 19:37:00+00:00,ENTRY,1.0,24785.25,signal,1.1099999999999999
2025-10-14,368,2025-10-14 19:38:00+00:00,EXIT,-1.0,24803.0,signal_invalidation,1.1099999999999999
2025-10-15,227,2025-10-15 17:17:00+00:00,ENTRY,-1.0,24735.5,signal,1.1099999999999999
2025-10-15,228,2025-10-15 17:18:00+00:00,EXIT,1.0,24734.25,signal_invalidation,1.1099999999999999
2025-10-15,231,2025-10-15 17:21:00+00:00,ENTRY,-1.0,24759.25,signal,1.1099999999999999
2025-10-15,232,2025-10-15 17:22:00+00:00,EXIT,1.0,24742.25,signal_invalidation,1.1099999999999999
2025-10-16,177,2025-10-16 16:27:00+00:00,ENTRY,-1.0,24885.25,signal,1.1099999999999999
2025-10-16,178,2025-10-16 16:28:00+00:00,EXIT,1.0,24881.25,signal_invalidation,1.1099999999999999
2025-10-16,205,2025-10-16 16:55:00+00:00,ENTRY,-1.0,24886.25,signal,1.1099999999999999
2025-10-16,206,2025-10-16 16:56:00+00:00,EXIT,1.0,24896.25,signal_invalidation,1.1099999999999999
2025-10-16,217,2025-10-16 17:07:00+00:00,ENTRY,-1.0,24883.25,signal,1.1099999999999999
2025-10-16,218,2025-10-16 17:08:00+00:00,EXIT,1.0,24894.25,signal_invalidation,1.1099999999999999
2025-10-16,234,2025-10-16 17:24:00+00:00,ENTRY,-1.0,24893.75,signal,1.1099999999999999
2025-10-16,235,2025-10-16 17:25:00+00:00,EXIT,1.0,24894.25,signal_invalidation,1.1099999999999999
2025-10-20,259,2025-10-20 17:49:00+00:00,ENTRY,1.0,25351.25,signal,1.1099999999999999
2025-10-20,260,2025-10-20 17:50:00+00:00,EXIT,-1.0,25348.25,signal_invalidation,1.1099999999999999
2025-10-22,191,2025-10-22 16:41:00+00:00,ENTRY,-1.0,25014.75,signal,1.1099999999999999
2025-10-22,192,2025-10-22 16:42:00+00:00,EXIT,1.0,24982.75,signal_invalidation,1.1099999999999999
2025-10-22,195,2025-10-22 16:45:00+00:00,ENTRY,-1.0,25013.0,signal,1.1099999999999999
2025-10-22,196,2025-10-22 16:46:00+00:00,EXIT,1.0,24996.0,signal_invalidation,1.1099999999999999
2025-10-22,204,2025-10-22 16:54:00+00:00,ENTRY,-1.0,25009.75,signal,1.1099999999999999
2025-10-22,205,2025-10-22 16:55:00+00:00,EXIT,1.0,25009.25,signal_invalidation,1.1099999999999999
2025-10-22,207,2025-10-22 16:57:00+00:00,ENTRY,-1.0,25020.75,signal,1.1099999999999999
2025-10-22,208,2025-10-22 16:58:00+00:00,EXIT,1.0,25023.75,signal_invalidation,1.1099999999999999
2025-10-22,350,2025-10-22 19:20:00+00:00,ENTRY,-1.0,25006.25,signal,1.1099999999999999
2025-10-22,351,2025-10-22 19:21:00+00:00,EXIT,1.0,25010.25,signal_invalidation,1.1099999999999999
2025-10-22,358,2025-10-22 19:28:00+00:00,ENTRY,-1.0,25017.0,signal,1.1099999999999999
2025-10-22,359,2025-10-22 19:29:00+00:00,EXIT,1.0,25009.0,signal_invalidation,1.1099999999999999
2025-10-28,265,2025-10-28 17:55:00+00:00,ENTRY,1.0,26146.75,signal,1.1099999999999999
2025-10-28,266,2025-10-28 17:56:00+00:00,EXIT,-1.0,26147.5,signal_invalidation,1.1099999999999999
2025-10-28,271,2025-10-28 18:01:00+00:00,ENTRY,1.0,26151.25,signal,1.1099999999999999
2025-10-28,272,2025-10-28 18:02:00+00:00,EXIT,-1.0,26154.0,signal_invalidation,1.1099999999999999
2025-10-29,306,2025-10-29 18:36:00+00:00,ENTRY,-1.0,26161.25,signal,1.1099999999999999
2025-10-29,307,2025-10-29 18:37:00+00:00,EXIT,1.0,26138.0,signal_invalidation,1.1099999999999999
2025-10-29,321,2025-10-29 18:51:00+00:00,ENTRY,-1.0,26182.0,signal,1.1099999999999999
2025-10-29,322,2025-10-29 18:52:00+00:00,EXIT,1.0,26185.5,signal_invalidation,1.1099999999999999
2025-10-29,335,2025-10-29 19:05:00+00:00,ENTRY,-1.0,26172.25,signal,1.1099999999999999
2025-10-29,336,2025-10-29 19:06:00+00:00,EXIT,1.0,26185.25,signal_invalidation,1.1099999999999999
2025-10-31,227,2025-10-31 17:17:00+00:00,ENTRY,-1.0,25925.0,signal,1.1099999999999999
2025-10-31,228,2025-10-31 17:18:00+00:00,EXIT,1.0,25913.75,signal_invalidation,1.1099999999999999
2025-10-31,234,2025-10-31 17:24:00+00:00,ENTRY,-1.0,25910.0,signal,1.1099999999999999
2025-10-31,235,2025-10-31 17:25:00+00:00,EXIT,1.0,25913.0,signal_invalidation,1.1099999999999999
2025-10-31,247,2025-10-31 17:37:00+00:00,ENTRY,-1.0,25913.75,signal,1.1099999999999999
2025-10-31,248,2025-10-31 17:38:00+00:00,EXIT,1.0,25917.0,signal_invalidation,1.1099999999999999
2025-10-31,252,2025-10-31 17:42:00+00:00,ENTRY,-1.0,25919.75,signal,1.1099999999999999
2025-10-31,253,2025-10-31 17:43:00+00:00,EXIT,1.0,25937.0,signal_invalidation,1.1099999999999999
2025-11-05,332,2025-11-05 20:02:00+00:00,ENTRY,1.0,25867.75,signal,1.1099999999999999
2025-11-05,333,2025-11-05 20:03:00+00:00,EXIT,-1.0,25859.25,signal_invalidation,1.1099999999999999
2025-11-06,126,2025-11-06 16:36:00+00:00,ENTRY,-1.0,25270.75,signal,1.1099999999999999
2025-11-06,127,2025-11-06 16:37:00+00:00,EXIT,1.0,25258.25,signal_invalidation,1.1099999999999999
2025-11-06,130,2025-11-06 16:40:00+00:00,ENTRY,-1.0,25260.75,signal,1.1099999999999999
2025-11-06,131,2025-11-06 16:41:00+00:00,EXIT,1.0,25249.75,signal_invalidation,1.1099999999999999
2025-11-06,134,2025-11-06 16:44:00+00:00,ENTRY,-1.0,25258.25,signal,1.1099999999999999
2025-11-06,135,2025-11-06 16:45:00+00:00,EXIT,1.0,25242.75,signal_invalidation,1.1099999999999999
2025-11-06,142,2025-11-06 16:52:00+00:00,ENTRY,-1.0,25278.0,signal,1.1099999999999999
2025-11-06,143,2025-11-06 16:53:00+00:00,EXIT,1.0,25257.5,signal_invalidation,1.1099999999999999
2025-11-06,144,2025-11-06 16:54:00+00:00,ENTRY,-1.0,25273.0,signal,1.1099999999999999
2025-11-06,145,2025-11-06 16:55:00+00:00,EXIT,1.0,25233.25,signal_invalidation,1.1099999999999999
2025-11-06,150,2025-11-06 17:00:00+00:00,ENTRY,-1.0,25259.25,signal,1.1099999999999999
2025-11-06,151,2025-11-06 17:01:00+00:00,EXIT,1.0,25258.0,signal_invalidation,1.1099999999999999
2025-11-06,152,2025-11-06 17:02:00+00:00,ENTRY,-1.0,25270.5,signal,1.1099999999999999
2025-11-06,153,2025-11-06 17:03:00+00:00,EXIT,1.0,25249.75,signal_invalidation,1.1099999999999999
2025-11-06,154,2025-11-06 17:04:00+00:00,ENTRY,-1.0,25265.75,signal,1.1099999999999999
2025-11-06,155,2025-11-06 17:05:00+00:00,EXIT,1.0,25272.0,signal_invalidation,1.1099999999999999
2025-11-06,159,2025-11-06 17:09:00+00:00,ENTRY,-1.0,25276.5,signal,1.1099999999999999
2025-11-06,160,2025-11-06 17:10:00+00:00,EXIT,1.0,25296.75,signal_invalidation,1.1099999999999999
2025-11-06,168,2025-11-06 17:18:00+00:00,ENTRY,-1.0,25260.5,signal,1.1099999999999999
2025-11-06,169,2025-11-06 17:19:00+00:00,EXIT,1.0,25260.0,signal_invalidation,1.1099999999999999
2025-11-06,182,2025-11-06 17:32:00+00:00,ENTRY,-1.0,25265.5,signal,1.1099999999999999
2025-11-06,183,2025-11-06 17:33:00+00:00,EXIT,1.0,25270.75,signal_invalidation,1.1099999999999999
2025-11-06,185,2025-11-06 17:35:00+00:00,ENTRY,-1.0,25270.5,signal,1.1099999999999999
2025-11-06,186,2025-11-06 17:36:00+00:00,EXIT,1.0,25271.5,signal_invalidation,1.1099999999999999
2025-11-06,190,2025-11-06 17:40:00+00:00,ENTRY,-1.0,25264.75,signal,1.1099999999999999
2025-11-06,191,2025-11-06 17:41:00+00:00,EXIT,1.0,25258.25,signal_invalidation,1.1099999999999999
2025-11-06,230,2025-11-06 18:20:00+00:00,ENTRY,-1.0,25263.5,signal,1.1099999999999999
2025-11-06,231,2025-11-06 18:21:00+00:00,EXIT,1.0,25260.25,signal_invalidation,1.1099999999999999
2025-11-06,385,2025-11-06 20:55:00+00:00,ENTRY,-1.0,25260.5,signal,1.1099999999999999
2025-11-06,386,2025-11-06 20:56:00+00:00,EXIT,1.0,25253.5,signal_invalidation,1.1099999999999999
2025-11-06,389,2025-11-06 20:59:00+00:00,ENTRY,-1.0,25259.0,signal,1.1099999999999999
2025-11-06,390,2025-11-06 21:00:00+00:00,EXIT,1.0,25258.5,signal_invalidation,1.1099999999999999
2025-11-14,162,2025-11-14 17:12:00+00:00,ENTRY,1.0,25279.75,signal,1.1099999999999999
2025-11-14,163,2025-11-14 17:13:00+00:00,EXIT,-1.0,25285.0,signal_invalidation,1.1099999999999999
2025-11-14,164,2025-11-14 17:14:00+00:00,ENTRY,1.0,25279.5,signal,1.1099999999999999
2025-11-14,165,2025-11-14 17:15:00+00:00,EXIT,-1.0,25261.5,signal_invalidation,1.1099999999999999
2025-11-14,189,2025-11-14 17:39:00+00:00,ENTRY,1.0,25277.5,signal,1.1099999999999999
2025-11-14,190,2025-11-14 17:40:00+00:00,EXIT,-1.0,25257.5,signal_invalidation,1.1099999999999999
2025-11-20,115,2025-11-20 16:25:00+00:00,ENTRY,-1.0,24935.25,signal,1.1099999999999999
2025-11-20,116,2025-11-20 16:26:00+00:00,EXIT,1.0,24926.25,signal_invalidation,1.1099999999999999
2025-11-20,117,2025-11-20 16:27:00+00:00,ENTRY,-1.0,24965.5,signal,1.1099999999999999
2025-11-20,118,2025-11-20 16:28:00+00:00,EXIT,1.0,24952.5,signal_invalidation,1.1099999999999999
2025-11-21,264,2025-11-21 18:54:00+00:00,ENTRY,1.0,24474.0,signal,1.1099999999999999
2025-11-21,265,2025-11-21 18:55:00+00:00,EXIT,-1.0,24504.75,signal_invalidation,1.1099999999999999
2025-11-21,267,2025-11-21 18:57:00+00:00,ENTRY,1.0,24472.25,signal,1.1099999999999999
2025-11-21,268,2025-11-21 18:58:00+00:00,EXIT,-1.0,24489.75,signal_invalidation,1.1099999999999999
2025-11-21,323,2025-11-21 19:53:00+00:00,ENTRY,1.0,24446.0,signal,1.1099999999999999
2025-11-21,324,2025-11-21 19:54:00+00:00,EXIT,-1.0,24454.25,signal_invalidation,1.1099999999999999
2025-11-21,343,2025-11-21 20:13:00+00:00,ENTRY,1.0,24470.75,signal,1.1099999999999999
2025-11-21,344,2025-11-21 20:14:00+00:00,EXIT,-1.0,24477.5,signal_invalidation,1.1099999999999999
2025-11-21,345,2025-11-21 20:15:00+00:00,ENTRY,1.0,24474.25,signal,1.1099999999999999
2025-11-21,346,2025-11-21 20:16:00+00:00,EXIT,-1.0,24484.25,signal_invalidation,1.1099999999999999
2025-11-21,353,2025-11-21 20:23:00+00:00,ENTRY,1.0,24449.5,signal,1.1099999999999999
2025-11-21,354,2025-11-21 20:24:00+00:00,EXIT,-1.0,24444.0,signal_invalidation,1.1099999999999999
2025-11-24,315,2025-11-24 19:45:00+00:00,ENTRY,1.0,24910.0,signal,1.1099999999999999
2025-11-24,316,2025-11-24 19:46:00+00:00,EXIT,-1.0,24910.75,signal_invalidation,1.1099999999999999
2025-11-24,317,2025-11-24 19:47:00+00:00,ENTRY,1.0,24906.25,signal,1.1099999999999999
2025-11-24,318,2025-11-24 19:48:00+00:00,EXIT,-1.0,24912.75,signal_invalidation,1.1099999999999999
2025-11-24,319,2025-11-24 19:49:00+00:00,ENTRY,1.0,24910.0,signal,1.1099999999999999
2025-11-24,320,2025-11-24 19:50:00+00:00,EXIT,-1.0,24923.5,signal_invalidation,1.1099999999999999
2025-11-24,322,2025-11-24 19:52:00+00:00,ENTRY,1.0,24904.0,signal,1.1099999999999999
2025-11-24,323,2025-11-24 19:53:00+00:00,EXIT,-1.0,24898.0,signal_invalidation,1.1099999999999999
2025-12-03,247,2025-12-03 18:37:00+00:00,ENTRY,1.0,25632.75,signal,1.1099999999999999
2025-12-03,248,2025-12-03 18:38:00+00:00,EXIT,-1.0,25638.0,signal_invalidation,1.1099999999999999
2025-12-03,266,2025-12-03 18:56:00+00:00,ENTRY,1.0,25633.25,signal,1.1099999999999999
2025-12-03,267,2025-12-03 18:57:00+00:00,EXIT,-1.0,25629.0,signal_invalidation,1.1099999999999999
2025-12-10,306,2025-12-10 19:36:00+00:00,ENTRY,1.0,25718.75,signal,1.1099999999999999
2025-12-10,307,2025-12-10 19:37:00+00:00,EXIT,-1.0,25705.75,signal_invalidation,1.1099999999999999
2025-12-12,61,2025-12-12 15:31:00+00:00,ENTRY,-1.0,25600.75,signal,1.1099999999999999
2025-12-12,62,2025-12-12 15:32:00+00:00,EXIT,1.0,25616.5,signal_invalidation,1.1099999999999999
2025-12-12,66,2025-12-12 15:36:00+00:00,ENTRY,-1.0,25616.5,signal,1.1099999999999999
2025-12-12,67,2025-12-12 15:37:00+00:00,EXIT,1.0,25618.5,signal_invalidation,1.1099999999999999
2025-12-12,222,2025-12-12 18:12:00+00:00,ENTRY,-1.0,25601.5,signal,1.1099999999999999
2025-12-12,223,2025-12-12 18:13:00+00:00,EXIT,1.0,25596.75,signal_invalidation,1.1099999999999999
2025-12-12,225,2025-12-12 18:15:00+00:00,ENTRY,-1.0,25603.75,signal,1.1099999999999999
2025-12-12,226,2025-12-12 18:16:00+00:00,EXIT,1.0,25616.75,signal_invalidation,1.1099999999999999
2025-12-12,239,2025-12-12 18:29:00+00:00,ENTRY,-1.0,25594.75,signal,1.1099999999999999
2025-12-12,240,2025-12-12 18:30:00+00:00,EXIT,1.0,25586.5,signal_invalidation,1.1099999999999999
2025-12-17,258,2025-12-17 18:48:00+00:00,ENTRY,-1.0,24953.75,signal,1.1099999999999999
2025-12-17,259,2025-12-17 18:49:00+00:00,EXIT,1.0,24949.75,signal_invalidation,1.1099999999999999
2025-12-17,268,2025-12-17 18:58:00+00:00,ENTRY,-1.0,24955.0,signal,1.1099999999999999
2025-12-17,269,2025-12-17 18:59:00+00:00,EXIT,1.0,24958.5,signal_invalidation,1.1099999999999999
2025-12-17,275,2025-12-17 19:05:00+00:00,ENTRY,-1.0,24954.25,signal,1.1099999999999999
2025-12-17,276,2025-12-17 19:06:00+00:00,EXIT,1.0,24949.5,signal_invalidation,1.1099999999999999
2025-12-17,280,2025-12-17 19:10:00+00:00,ENTRY,-1.0,24952.75,signal,1.1099999999999999
2025-12-17,281,2025-12-17 19:11:00+00:00,EXIT,1.0,24943.75,signal_invalidation,1.1099999999999999
2025-12-17,284,2025-12-17 19:14:00+00:00,ENTRY,-1.0,24954.25,signal,1.1099999999999999
2025-12-17,285,2025-12-17 19:15:00+00:00,EXIT,1.0,24952.5,signal_invalidation,1.1099999999999999
2025-12-17,291,2025-12-17 19:21:00+00:00,ENTRY,-1.0,24955.75,signal,1.1099999999999999
2025-12-17,292,2025-12-17 19:22:00+00:00,EXIT,1.0,24961.5,signal_invalidation,1.1099999999999999
2025-12-17,300,2025-12-17 19:30:00+00:00,ENTRY,-1.0,24953.5,signal,1.1099999999999999
2025-12-17,301,2025-12-17 19:31:00+00:00,EXIT,1.0,24944.75,signal_invalidation,1.1099999999999999
2025-12-17,309,2025-12-17 19:39:00+00:00,ENTRY,-1.0,24954.5,signal,1.1099999999999999
2025-12-17,310,2025-12-17 19:40:00+00:00,EXIT,1.0,24948.0,signal_invalidation,1.1099999999999999
2025-12-17,311,2025-12-17 19:41:00+00:00,ENTRY,-1.0,24958.75,signal,1.1099999999999999
2025-12-17,312,2025-12-17 19:42:00+00:00,EXIT,1.0,24964.25,signal_invalidation,1.1099999999999999
2025-12-17,314,2025-12-17 19:44:00+00:00,ENTRY,-1.0,24958.75,signal,1.1099999999999999
2025-12-17,315,2025-12-17 19:45:00+00:00,EXIT,1.0,24958.25,signal_invalidation,1.1099999999999999
2025-12-17,322,2025-12-17 19:52:00+00:00,ENTRY,-1.0,24961.0,signal,1.1099999999999999
2025-12-17,323,2025-12-17 19:53:00+00:00,EXIT,1.0,24972.0,signal_invalidation,1.1099999999999999
2025-12-17,335,2025-12-17 20:05:00+00:00,ENTRY,-1.0,24955.25,signal,1.1099999999999999
2025-12-17,336,2025-12-17 20:06:00+00:00,EXIT,1.0,24952.75,signal_invalidation,1.1099999999999999
2025-12-17,342,2025-12-17 20:12:00+00:00,ENTRY,-1.0,24956.0,signal,1.1099999999999999
2025-12-17,343,2025-12-17 20:13:00+00:00,EXIT,1.0,24951.5,signal_invalidation,1.1099999999999999
2025-12-17,344,2025-12-17 20:14:00+00:00,ENTRY,-1.0,24954.0,signal,1.1099999999999999
2025-12-17,345,2025-12-17 20:15:00+00:00,EXIT,1.0,24957.25,signal_invalidation,1.1099999999999999
2025-12-17,359,2025-12-17 20:29:00+00:00,ENTRY,-1.0,24955.0,signal,1.1099999999999999
2025-12-17,360,2025-12-17 20:30:00+00:00,EXIT,1.0,24951.25,signal_invalidation,1.1099999999999999
2025-12-17,364,2025-12-17 20:34:00+00:00,ENTRY,-1.0,24953.75,signal,1.1099999999999999
2025-12-17,365,2025-12-17 20:35:00+00:00,EXIT,1.0,24942.5,signal_invalidation,1.1099999999999999
2025-12-17,370,2025-12-17 20:40:00+00:00,ENTRY,-1.0,24957.0,signal,1.1099999999999999
2025-12-17,371,2025-12-17 20:41:00+00:00,EXIT,1.0,24956.5,signal_invalidation,1.1099999999999999
2026-01-02,123,2026-01-02 16:33:00+00:00,ENTRY,-1.0,25405.25,signal,1.1099999999999999
2026-01-02,124,2026-01-02 16:34:00+00:00,EXIT,1.0,25418.25,signal_invalidation,1.1099999999999999
2026-01-02,126,2026-01-02 16:36:00+00:00,ENTRY,-1.0,25419.25,signal,1.1099999999999999
2026-01-02,127,2026-01-02 16:37:00+00:00,EXIT,1.0,25393.5,signal_invalidation,1.1099999999999999
2026-01-02,293,2026-01-02 19:23:00+00:00,ENTRY,-1.0,25401.0,signal,1.1099999999999999
2026-01-02,294,2026-01-02 19:24:00+00:00,EXIT,1.0,25409.0,signal_invalidation,1.1099999999999999
2026-01-02,299,2026-01-02 19:29:00+00:00,ENTRY,-1.0,25411.25,signal,1.1099999999999999
2026-01-02,300,2026-01-02 19:30:00+00:00,EXIT,1.0,25419.0,signal_invalidation,1.1099999999999999
2026-01-02,330,2026-01-02 20:00:00+00:00,ENTRY,-1.0,25406.0,signal,1.1099999999999999
2026-01-02,331,2026-01-02 20:01:00+00:00,EXIT,1.0,25407.25,signal_invalidation,1.1099999999999999
2026-01-02,333,2026-01-02 20:03:00+00:00,ENTRY,-1.0,25417.0,signal,1.1099999999999999
2026-01-02,334,2026-01-02 20:04:00+00:00,EXIT,1.0,25410.25,signal_invalidation,1.1099999999999999
2026-01-02,380,2026-01-02 20:50:00+00:00,ENTRY,-1.0,25402.5,signal,1.1099999999999999
2026-01-02,381,2026-01-02 20:51:00+00:00,EXIT,1.0,25381.75,signal_invalidation,1.1099999999999999
2026-01-07,162,2026-01-07 17:12:00+00:00,ENTRY,1.0,25976.25,signal,1.1099999999999999
2026-01-07,163,2026-01-07 17:13:00+00:00,EXIT,-1.0,25973.0,signal_invalidation,1.1099999999999999
2026-01-07,182,2026-01-07 17:32:00+00:00,ENTRY,1.0,25977.25,signal,1.1099999999999999
2026-01-07,183,2026-01-07 17:33:00+00:00,EXIT,-1.0,25983.5,signal_invalidation,1.1099999999999999
2026-01-07,185,2026-01-07 17:35:00+00:00,ENTRY,1.0,25978.25,signal,1.1099999999999999
2026-01-07,186,2026-01-07 17:36:00+00:00,EXIT,-1.0,25978.0,signal_invalidation,1.1099999999999999
2026-01-07,200,2026-01-07 17:50:00+00:00,ENTRY,1.0,25977.0,signal,1.1099999999999999
2026-01-07,201,2026-01-07 17:51:00+00:00,EXIT,-1.0,25969.25,signal_invalidation,1.1099999999999999
2026-01-09,158,2026-01-09 17:08:00+00:00,ENTRY,1.0,25917.25,signal,1.1099999999999999
2026-01-09,159,2026-01-09 17:09:00+00:00,EXIT,-1.0,25920.0,signal_invalidation,1.1099999999999999
2026-01-09,160,2026-01-09 17:10:00+00:00,ENTRY,1.0,25911.0,signal,1.1099999999999999
2026-01-09,161,2026-01-09 17:11:00+00:00,EXIT,-1.0,25906.5,signal_invalidation,1.1099999999999999
2026-01-09,185,2026-01-09 17:35:00+00:00,ENTRY,1.0,25919.0,signal,1.1099999999999999
2026-01-09,186,2026-01-09 17:36:00+00:00,EXIT,-1.0,25913.0,signal_invalidation,1.1099999999999999
2026-01-09,189,2026-01-09 17:39:00+00:00,ENTRY,1.0,25916.0,signal,1.1099999999999999
2026-01-09,190,2026-01-09 17:40:00+00:00,EXIT,-1.0,25908.25,signal_invalidation,1.1099999999999999
2026-01-09,210,2026-01-09 18:00:00+00:00,ENTRY,1.0,25915.5,signal,1.1099999999999999
2026-01-09,211,2026-01-09 18:01:00+00:00,EXIT,-1.0,25912.75,signal_invalidation,1.1099999999999999
2026-01-21,355,2026-01-21 20:25:00+00:00,ENTRY,1.0,25527.5,signal,1.1099999999999999
2026-01-21,356,2026-01-21 20:26:00+00:00,EXIT,-1.0,25523.5,signal_invalidation,1.1099999999999999
2026-01-23,70,2026-01-23 15:40:00+00:00,ENTRY,1.0,25769.0,signal,1.1099999999999999
2026-01-23,71,2026-01-23 15:41:00+00:00,EXIT,-1.0,25775.0,signal_invalidation,1.1099999999999999
2026-01-23,122,2026-01-23 16:32:00+00:00,ENTRY,1.0,25767.0,signal,1.1099999999999999
2026-01-23,123,2026-01-23 16:33:00+00:00,EXIT,-1.0,25767.25,signal_invalidation,1.1099999999999999
2026-01-23,150,2026-01-23 17:00:00+00:00,ENTRY,1.0,25772.5,signal,1.1099999999999999
2026-01-23,151,2026-01-23 17:01:00+00:00,EXIT,-1.0,25771.0,signal_invalidation,1.1099999999999999
2026-01-23,190,2026-01-23 17:40:00+00:00,ENTRY,1.0,25758.25,signal,1.1099999999999999
2026-01-23,191,2026-01-23 17:41:00+00:00,EXIT,-1.0,25758.25,signal_invalidation,1.1099999999999999
2026-01-30,234,2026-01-30 18:24:00+00:00,ENTRY,-1.0,25618.5,signal,1.1099999999999999
2026-01-30,235,2026-01-30 18:25:00+00:00,EXIT,1.0,25635.25,signal_invalidation,1.1099999999999999
2026-01-30,246,2026-01-30 18:36:00+00:00,ENTRY,-1.0,25626.5,signal,1.1099999999999999
2026-01-30,247,2026-01-30 18:37:00+00:00,EXIT,1.0,25630.25,signal_invalidation,1.1099999999999999
2026-01-30,249,2026-01-30 18:39:00+00:00,ENTRY,-1.0,25620.0,signal,1.1099999999999999
2026-01-30,250,2026-01-30 18:40:00+00:00,EXIT,1.0,25625.0,signal_invalidation,1.1099999999999999
2026-01-30,360,2026-01-30 20:30:00+00:00,ENTRY,-1.0,25619.25,signal,1.1099999999999999
2026-01-30,361,2026-01-30 20:31:00+00:00,EXIT,1.0,25620.75,signal_invalidation,1.1099999999999999
2026-01-30,363,2026-01-30 20:33:00+00:00,ENTRY,-1.0,25630.5,signal,1.1099999999999999
2026-01-30,364,2026-01-30 20:34:00+00:00,EXIT,1.0,25622.5,signal_invalidation,1.1099999999999999
2026-01-30,369,2026-01-30 20:39:00+00:00,ENTRY,-1.0,25620.5,signal,1.1099999999999999
2026-01-30,370,2026-01-30 20:40:00+00:00,EXIT,1.0,25616.75,signal_invalidation,1.1099999999999999
2026-02-04,181,2026-02-04 17:31:00+00:00,ENTRY,-1.0,24923.75,signal,1.1099999999999999
2026-02-04,182,2026-02-04 17:32:00+00:00,EXIT,1.0,24889.5,signal_invalidation,1.1099999999999999
2026-02-04,183,2026-02-04 17:33:00+00:00,ENTRY,-1.0,24899.5,signal,1.1099999999999999
2026-02-04,184,2026-02-04 17:34:00+00:00,EXIT,1.0,24884.0,signal_invalidation,1.1099999999999999
2026-02-04,235,2026-02-04 18:25:00+00:00,ENTRY,-1.0,24917.5,signal,1.1099999999999999
2026-02-04,236,2026-02-04 18:26:00+00:00,EXIT,1.0,24929.5,signal_invalidation,1.1099999999999999
2026-02-04,252,2026-02-04 18:42:00+00:00,ENTRY,-1.0,24933.0,signal,1.1099999999999999
2026-02-04,253,2026-02-04 18:43:00+00:00,EXIT,1.0,24904.75,signal_invalidation,1.1099999999999999
2026-02-04,264,2026-02-04 18:54:00+00:00,ENTRY,-1.0,24904.25,signal,1.1099999999999999
2026-02-04,265,2026-02-04 18:55:00+00:00,EXIT,1.0,24923.25,signal_invalidation,1.1099999999999999
2026-02-04,279,2026-02-04 19:09:00+00:00,ENTRY,-1.0,24906.0,signal,1.1099999999999999
2026-02-04,280,2026-02-04 19:10:00+00:00,EXIT,1.0,24908.5,signal_invalidation,1.1099999999999999
2026-02-04,292,2026-02-04 19:22:00+00:00,ENTRY,-1.0,24903.25,signal,1.1099999999999999
2026-02-04,293,2026-02-04 19:23:00+00:00,EXIT,1.0,24901.75,signal_invalidation,1.1099999999999999
2026-02-09,143,2026-02-09 16:53:00+00:00,ENTRY,1.0,25395.0,signal,1.1099999999999999
2026-02-09,144,2026-02-09 16:54:00+00:00,EXIT,-1.0,25393.5,signal_invalidation,1.1099999999999999
2026-02-09,149,2026-02-09 16:59:00+00:00,ENTRY,1.0,25391.0,signal,1.1099999999999999
2026-02-09,150,2026-02-09 17:00:00+00:00,EXIT,-1.0,25396.25,signal_invalidation,1.1099999999999999
2026-02-09,170,2026-02-09 17:20:00+00:00,ENTRY,1.0,25397.75,signal,1.1099999999999999
2026-02-09,171,2026-02-09 17:21:00+00:00,EXIT,-1.0,25399.5,signal_invalidation,1.1099999999999999
2026-02-09,174,2026-02-09 17:24:00+00:00,ENTRY,1.0,25393.25,signal,1.1099999999999999
2026-02-09,175,2026-02-09 17:25:00+00:00,EXIT,-1.0,25382.5,signal_invalidation,1.1099999999999999
2026-02-09,288,2026-02-09 19:18:00+00:00,ENTRY,1.0,25398.0,signal,1.1099999999999999
2026-02-09,289,2026-02-09 19:19:00+00:00,EXIT,-1.0,25399.0,signal_invalidation,1.1099999999999999
2026-02-09,291,2026-02-09 19:21:00+00:00,ENTRY,1.0,25395.75,signal,1.1099999999999999
2026-02-09,292,2026-02-09 19:22:00+00:00,EXIT,-1.0,25396.75,signal_invalidation,1.1099999999999999
2026-02-09,345,2026-02-09 20:15:00+00:00,ENTRY,1.0,25395.0,signal,1.1099999999999999
2026-02-09,346,2026-02-09 20:16:00+00:00,EXIT,-1.0,25394.25,signal_invalidation,1.1099999999999999
2026-02-12,113,2026-02-12 16:23:00+00:00,ENTRY,-1.0,24902.5,signal,1.1099999999999999
2026-02-12,114,2026-02-12 16:24:00+00:00,EXIT,1.0,24883.25,signal_invalidation,1.1099999999999999
2026-02-12,126,2026-02-12 16:36:00+00:00,ENTRY,-1.0,24911.0,signal,1.1099999999999999
2026-02-12,127,2026-02-12 16:37:00+00:00,EXIT,1.0,24901.75,signal_invalidation,1.1099999999999999
2026-02-12,129,2026-02-12 16:39:00+00:00,ENTRY,-1.0,24898.5,signal,1.1099999999999999
2026-02-12,130,2026-02-12 16:40:00+00:00,EXIT,1.0,24888.75,signal_invalidation,1.1099999999999999
2026-02-12,135,2026-02-12 16:45:00+00:00,ENTRY,-1.0,24892.25,signal,1.1099999999999999
2026-02-12,136,2026-02-12 16:46:00+00:00,EXIT,1.0,24858.75,signal_invalidation,1.1099999999999999
2026-02-12,156,2026-02-12 17:06:00+00:00,ENTRY,-1.0,24895.5,signal,1.1099999999999999
2026-02-12,157,2026-02-12 17:07:00+00:00,EXIT,1.0,24892.25,signal_invalidation,1.1099999999999999
2026-02-12,159,2026-02-12 17:09:00+00:00,ENTRY,-1.0,24891.75,signal,1.1099999999999999
2026-02-12,160,2026-02-12 17:10:00+00:00,EXIT,1.0,24863.75,signal_invalidation,1.1099999999999999
2026-02-12,173,2026-02-12 17:23:00+00:00,ENTRY,-1.0,24898.5,signal,1.1099999999999999
2026-02-12,174,2026-02-12 17:24:00+00:00,EXIT,1.0,24897.0,signal_invalidation,1.1099999999999999
2026-02-12,183,2026-02-12 17:33:00+00:00,ENTRY,-1.0,24900.75,signal,1.1099999999999999
2026-02-12,184,2026-02-12 17:34:00+00:00,EXIT,1.0,24896.5,signal_invalidation,1.1099999999999999
2026-02-12,197,2026-02-12 17:47:00+00:00,ENTRY,-1.0,24889.25,signal,1.1099999999999999
2026-02-12,198,2026-02-12 17:48:00+00:00,EXIT,1.0,24870.25,signal_invalidation,1.1099999999999999
2026-02-12,199,2026-02-12 17:49:00+00:00,ENTRY,-1.0,24889.5,signal,1.1099999999999999
2026-02-12,200,2026-02-12 17:50:00+00:00,EXIT,1.0,24883.5,signal_invalidation,1.1099999999999999
2026-02-12,252,2026-02-12 18:42:00+00:00,ENTRY,-1.0,24893.75,signal,1.1099999999999999
2026-02-12,253,2026-02-12 18:43:00+00:00,EXIT,1.0,24893.0,signal_invalidation,1.1099999999999999
2026-02-12,261,2026-02-12 18:51:00+00:00,ENTRY,-1.0,24912.75,signal,1.1099999999999999
2026-02-12,262,2026-02-12 18:52:00+00:00,EXIT,1.0,24920.0,signal_invalidation,1.1099999999999999
2026-02-12,287,2026-02-12 19:17:00+00:00,ENTRY,-1.0,24901.25,signal,1.1099999999999999
2026-02-12,288,2026-02-12 19:18:00+00:00,EXIT,1.0,24909.25,signal_invalidation,1.1099999999999999
2026-02-12,301,2026-02-12 19:31:00+00:00,ENTRY,-1.0,24894.0,signal,1.1099999999999999
2026-02-12,302,2026-02-12 19:32:00+00:00,EXIT,1.0,24907.5,signal_invalidation,1.1099999999999999
2026-02-12,334,2026-02-12 20:04:00+00:00,ENTRY,-1.0,24900.75,signal,1.1099999999999999
2026-02-12,335,2026-02-12 20:05:00+00:00,EXIT,1.0,24899.25,signal_invalidation,1.1099999999999999
2026-02-26,56,2026-02-26 15:26:00+00:00,ENTRY,-1.0,24963.5,signal,1.1099999999999999
2026-02-26,57,2026-02-26 15:27:00+00:00,EXIT,1.0,24908.5,signal_invalidation,1.1099999999999999
2026-02-26,68,2026-02-26 15:38:00+00:00,ENTRY,-1.0,24967.75,signal,1.1099999999999999
2026-02-26,69,2026-02-26 15:39:00+00:00,EXIT,1.0,24975.5,signal_invalidation,1.1099999999999999
2026-02-26,189,2026-02-26 17:39:00+00:00,ENTRY,-1.0,24955.5,signal,1.1099999999999999
2026-02-26,190,2026-02-26 17:40:00+00:00,EXIT,1.0,24955.5,signal_invalidation,1.1099999999999999
2026-02-26,243,2026-02-26 18:33:00+00:00,ENTRY,-1.0,24955.0,signal,1.1099999999999999
2026-02-26,244,2026-02-26 18:34:00+00:00,EXIT,1.0,24975.5,signal_invalidation,1.1099999999999999
2026-03-03,321,2026-03-03 19:51:00+00:00,ENTRY,1.0,24819.5,signal,1.1099999999999999
2026-03-03,322,2026-03-03 19:52:00+00:00,EXIT,-1.0,24806.0,signal_invalidation,1.1099999999999999
2026-03-04,66,2026-03-04 15:36:00+00:00,ENTRY,1.0,25106.75,signal,1.1099999999999999
2026-03-04,67,2026-03-04 15:37:00+00:00,EXIT,-1.0,25115.5,signal_invalidation,1.1099999999999999
2026-03-04,68,2026-03-04 15:38:00+00:00,ENTRY,1.0,25103.25,signal,1.1099999999999999
2026-03-04,69,2026-03-04 15:39:00+00:00,EXIT,-1.0,25082.25,signal_invalidation,1.1099999999999999
2026-03-04,99,2026-03-04 16:09:00+00:00,ENTRY,1.0,25110.0,signal,1.1099999999999999
2026-03-04,100,2026-03-04 16:10:00+00:00,EXIT,-1.0,25101.5,signal_invalidation,1.1099999999999999
2026-03-04,118,2026-03-04 16:28:00+00:00,ENTRY,1.0,25109.5,signal,1.1099999999999999
2026-03-04,119,2026-03-04 16:29:00+00:00,EXIT,-1.0,25106.5,signal_invalidation,1.1099999999999999
2026-03-04,182,2026-03-04 17:32:00+00:00,ENTRY,1.0,25110.25,signal,1.1099999999999999
2026-03-04,183,2026-03-04 17:33:00+00:00,EXIT,-1.0,25133.75,signal_invalidation,1.1099999999999999
2026-03-06,70,2026-03-06 15:40:00+00:00,ENTRY,1.0,24858.25,signal,1.1099999999999999
2026-03-06,71,2026-03-06 15:41:00+00:00,EXIT,-1.0,24847.5,signal_invalidation,1.1099999999999999
2026-03-06,89,2026-03-06 15:59:00+00:00,ENTRY,1.0,24858.5,signal,1.1099999999999999
2026-03-06,90,2026-03-06 16:00:00+00:00,EXIT,-1.0,24874.5,signal_invalidation,1.1099999999999999
2026-03-06,96,2026-03-06 16:06:00+00:00,ENTRY,1.0,24854.0,signal,1.1099999999999999
2026-03-06,97,2026-03-06 16:07:00+00:00,EXIT,-1.0,24855.75,signal_invalidation,1.1099999999999999
2026-03-06,131,2026-03-06 16:41:00+00:00,ENTRY,1.0,24852.25,signal,1.1099999999999999
2026-03-06,132,2026-03-06 16:42:00+00:00,EXIT,-1.0,24858.5,signal_invalidation,1.1099999999999999
2026-03-06,134,2026-03-06 16:44:00+00:00,ENTRY,1.0,24849.75,signal,1.1099999999999999
2026-03-06,135,2026-03-06 16:45:00+00:00,EXIT,-1.0,24889.0,signal_invalidation,1.1099999999999999
2026-03-06,144,2026-03-06 16:54:00+00:00,ENTRY,1.0,24857.75,signal,1.1099999999999999
2026-03-06,145,2026-03-06 16:55:00+00:00,EXIT,-1.0,24866.25,signal_invalidation,1.1099999999999999
2026-03-06,146,2026-03-06 16:56:00+00:00,ENTRY,1.0,24856.25,signal,1.1099999999999999
2026-03-06,147,2026-03-06 16:57:00+00:00,EXIT,-1.0,24887.0,signal_invalidation,1.1099999999999999
2026-03-06,156,2026-03-06 17:06:00+00:00,ENTRY,1.0,24849.5,signal,1.1099999999999999
2026-03-06,157,2026-03-06 17:07:00+00:00,EXIT,-1.0,24843.75,signal_invalidation,1.1099999999999999
2026-03-06,173,2026-03-06 17:23:00+00:00,ENTRY,1.0,24848.25,signal,1.1099999999999999
2026-03-06,174,2026-03-06 17:24:00+00:00,EXIT,-1.0,24838.75,signal_invalidation,1.1099999999999999
2026-03-06,232,2026-03-06 18:22:00+00:00,ENTRY,1.0,24853.5,signal,1.1099999999999999
2026-03-06,233,2026-03-06 18:23:00+00:00,EXIT,-1.0,24864.25,signal_invalidation,1.1099999999999999
2026-03-06,235,2026-03-06 18:25:00+00:00,ENTRY,1.0,24852.75,signal,1.1099999999999999
2026-03-06,236,2026-03-06 18:26:00+00:00,EXIT,-1.0,24847.0,signal_invalidation,1.1099999999999999
2026-03-09,178,2026-03-09 16:28:00+00:00,ENTRY,1.0,24716.0,signal,1.1099999999999999
2026-03-09,179,2026-03-09 16:29:00+00:00,EXIT,-1.0,24690.75,signal_invalidation,1.1099999999999999
2026-03-09,208,2026-03-09 16:58:00+00:00,ENTRY,1.0,24706.5,signal,1.1099999999999999
2026-03-09,209,2026-03-09 16:59:00+00:00,EXIT,-1.0,24709.0,signal_invalidation,1.1099999999999999
2026-03-10,240,2026-03-10 17:30:00+00:00,ENTRY,1.0,25194.25,signal,1.1099999999999999
2026-03-10,241,2026-03-10 17:31:00+00:00,EXIT,-1.0,25191.75,signal_invalidation,1.1099999999999999
2026-03-18,325,2026-03-18 18:55:00+00:00,ENTRY,-1.0,24768.5,signal,1.1099999999999999
2026-03-18,326,2026-03-18 18:56:00+00:00,EXIT,1.0,24757.75,signal_invalidation,1.1099999999999999
2026-03-18,333,2026-03-18 19:03:00+00:00,ENTRY,-1.0,24772.5,signal,1.1099999999999999
2026-03-18,334,2026-03-18 19:04:00+00:00,EXIT,1.0,24789.0,signal_invalidation,1.1099999999999999
2026-03-26,356,2026-03-26 19:26:00+00:00,ENTRY,-1.0,23827.25,signal,1.1099999999999999
2026-03-26,357,2026-03-26 19:27:00+00:00,EXIT,1.0,23830.25,signal_invalidation,1.1099999999999999
2026-03-26,365,2026-03-26 19:35:00+00:00,ENTRY,-1.0,23833.25,signal,1.1099999999999999
2026-03-26,366,2026-03-26 19:36:00+00:00,EXIT,1.0,23835.0,signal_invalidation,1.1099999999999999
2026-03-26,370,2026-03-26 19:40:00+00:00,ENTRY,-1.0,23832.0,signal,1.1099999999999999
2026-03-26,371,2026-03-26 19:41:00+00:00,EXIT,1.0,23827.0,signal_invalidation,1.1099999999999999
2026-03-31,196,2026-03-31 16:46:00+00:00,ENTRY,1.0,23750.25,signal,1.1099999999999999
2026-03-31,197,2026-03-31 16:47:00+00:00,EXIT,-1.0,23725.5,signal_invalidation,1.1099999999999999
2026-03-31,202,2026-03-31 16:52:00+00:00,ENTRY,1.0,23730.25,signal,1.1099999999999999
2026-03-31,203,2026-03-31 16:53:00+00:00,EXIT,-1.0,23777.5,signal_invalidation,1.1099999999999999
2026-03-31,205,2026-03-31 16:55:00+00:00,ENTRY,1.0,23750.0,signal,1.1099999999999999
2026-03-31,206,2026-03-31 16:56:00+00:00,EXIT,-1.0,23753.75,signal_invalidation,1.1099999999999999
2026-04-01,242,2026-04-01 17:32:00+00:00,ENTRY,1.0,24325.5,signal,1.1099999999999999
2026-04-01,243,2026-04-01 17:33:00+00:00,EXIT,-1.0,24319.25,signal_invalidation,1.1099999999999999
2026-04-02,80,2026-04-02 14:50:00+00:00,ENTRY,1.0,24104.75,signal,1.1099999999999999
2026-04-02,81,2026-04-02 14:51:00+00:00,EXIT,-1.0,24098.0,signal_invalidation,1.1099999999999999
2026-04-02,92,2026-04-02 15:02:00+00:00,ENTRY,1.0,24107.75,signal,1.1099999999999999
2026-04-02,93,2026-04-02 15:03:00+00:00,EXIT,-1.0,24143.0,signal_invalidation,1.1099999999999999
2026-04-02,140,2026-04-02 15:50:00+00:00,ENTRY,1.0,24110.25,signal,1.1099999999999999
2026-04-02,141,2026-04-02 15:51:00+00:00,EXIT,-1.0,24098.25,signal_invalidation,1.1099999999999999
2026-04-02,157,2026-04-02 16:07:00+00:00,ENTRY,1.0,24108.5,signal,1.1099999999999999
2026-04-02,158,2026-04-02 16:08:00+00:00,EXIT,-1.0,24085.5,signal_invalidation,1.1099999999999999
2026-04-02,160,2026-04-02 16:10:00+00:00,ENTRY,1.0,24105.75,signal,1.1099999999999999
2026-04-02,161,2026-04-02 16:11:00+00:00,EXIT,-1.0,24107.0,signal_invalidation,1.1099999999999999
2026-04-02,164,2026-04-02 16:14:00+00:00,ENTRY,1.0,24111.5,signal,1.1099999999999999
2026-04-02,165,2026-04-02 16:15:00+00:00,EXIT,-1.0,24110.0,signal_invalidation,1.1099999999999999
2026-04-02,186,2026-04-02 16:36:00+00:00,ENTRY,1.0,24106.25,signal,1.1099999999999999
2026-04-02,187,2026-04-02 16:37:00+00:00,EXIT,-1.0,24104.75,signal_invalidation,1.1099999999999999
2026-04-02,210,2026-04-02 17:00:00+00:00,ENTRY,1.0,24102.5,signal,1.1099999999999999
2026-04-02,211,2026-04-02 17:01:00+00:00,EXIT,-1.0,24102.5,signal_invalidation,1.1099999999999999
2026-04-02,256,2026-04-02 17:46:00+00:00,ENTRY,1.0,24109.0,signal,1.1099999999999999
2026-04-02,257,2026-04-02 17:47:00+00:00,EXIT,-1.0,24090.25,signal_invalidation,1.1099999999999999
2026-04-02,295,2026-04-02 18:25:00+00:00,ENTRY,1.0,24104.5,signal,1.1099999999999999
2026-04-02,296,2026-04-02 18:26:00+00:00,EXIT,-1.0,24103.25,signal_invalidation,1.1099999999999999
2026-04-02,301,2026-04-02 18:31:00+00:00,ENTRY,1.0,24110.5,signal,1.1099999999999999
2026-04-02,302,2026-04-02 18:32:00+00:00,EXIT,-1.0,24104.75,signal_invalidation,1.1099999999999999
2026-04-02,308,2026-04-02 18:38:00+00:00,ENTRY,1.0,24108.75,signal,1.1099999999999999
2026-04-02,309,2026-04-02 18:39:00+00:00,EXIT,-1.0,24107.75,signal_invalidation,1.1099999999999999
2026-04-09,164,2026-04-09 16:14:00+00:00,ENTRY,1.0,25208.75,signal,1.1099999999999999
2026-04-09,165,2026-04-09 16:15:00+00:00,EXIT,-1.0,25214.5,signal_invalidation,1.1099999999999999
2026-04-09,182,2026-04-09 16:32:00+00:00,ENTRY,1.0,25203.5,signal,1.1099999999999999
2026-04-09,183,2026-04-09 16:33:00+00:00,EXIT,-1.0,25202.0,signal_invalidation,1.1099999999999999
2026-04-09,240,2026-04-09 17:30:00+00:00,ENTRY,1.0,25204.75,signal,1.1099999999999999
2026-04-09,241,2026-04-09 17:31:00+00:00,EXIT,-1.0,25197.75,signal_invalidation,1.1099999999999999
2026-04-09,272,2026-04-09 18:02:00+00:00,ENTRY,1.0,25194.0,signal,1.1099999999999999
2026-04-09,273,2026-04-09 18:03:00+00:00,EXIT,-1.0,25178.25,signal_invalidation,1.1099999999999999
2026-04-09,351,2026-04-09 19:21:00+00:00,ENTRY,1.0,25209.25,signal,1.1099999999999999
2026-04-09,352,2026-04-09 19:22:00+00:00,EXIT,-1.0,25210.25,signal_invalidation,1.1099999999999999
2026-04-13,327,2026-04-13 18:57:00+00:00,ENTRY,1.0,25447.25,signal,1.1099999999999999
2026-04-13,328,2026-04-13 18:58:00+00:00,EXIT,-1.0,25445.5,signal_invalidation,1.1099999999999999
2026-04-13,332,2026-04-13 19:02:00+00:00,ENTRY,1.0,25447.0,signal,1.1099999999999999
2026-04-13,333,2026-04-13 19:03:00+00:00,EXIT,-1.0,25449.5,signal_invalidation,1.1099999999999999
2026-04-13,334,2026-04-13 19:04:00+00:00,ENTRY,1.0,25446.5,signal,1.1099999999999999
2026-04-13,335,2026-04-13 19:05:00+00:00,EXIT,-1.0,25442.75,signal_invalidation,1.1099999999999999
2026-04-15,83,2026-04-15 14:53:00+00:00,ENTRY,1.0,26154.0,signal,1.1099999999999999
2026-04-15,84,2026-04-15 14:54:00+00:00,EXIT,-1.0,26162.75,signal_invalidation,1.1099999999999999
2026-04-15,97,2026-04-15 15:07:00+00:00,ENTRY,1.0,26141.75,signal,1.1099999999999999
2026-04-15,98,2026-04-15 15:08:00+00:00,EXIT,-1.0,26144.75,signal_invalidation,1.1099999999999999
2026-04-15,191,2026-04-15 16:41:00+00:00,ENTRY,1.0,26150.0,signal,1.1099999999999999
2026-04-15,192,2026-04-15 16:42:00+00:00,EXIT,-1.0,26157.5,signal_invalidation,1.1099999999999999
2026-04-15,194,2026-04-15 16:44:00+00:00,ENTRY,1.0,26146.25,signal,1.1099999999999999
2026-04-15,195,2026-04-15 16:45:00+00:00,EXIT,-1.0,26146.75,signal_invalidation,1.1099999999999999
2026-04-15,201,2026-04-15 16:51:00+00:00,ENTRY,1.0,26140.0,signal,1.1099999999999999
2026-04-15,202,2026-04-15 16:52:00+00:00,EXIT,-1.0,26131.25,signal_invalidation,1.1099999999999999
2026-04-17,80,2026-04-17 14:50:00+00:00,ENTRY,1.0,26831.25,signal,1.1099999999999999
2026-04-17,81,2026-04-17 14:51:00+00:00,EXIT,-1.0,26842.75,signal_invalidation,1.1099999999999999
2026-04-17,85,2026-04-17 14:55:00+00:00,ENTRY,1.0,26804.5,signal,1.1099999999999999
2026-04-17,86,2026-04-17 14:56:00+00:00,EXIT,-1.0,26832.75,signal_invalidation,1.1099999999999999
2026-04-17,89,2026-04-17 14:59:00+00:00,ENTRY,1.0,26827.5,signal,1.1099999999999999
2026-04-17,90,2026-04-17 15:00:00+00:00,EXIT,-1.0,26825.5,signal_invalidation,1.1099999999999999
2026-04-17,93,2026-04-17 15:03:00+00:00,ENTRY,1.0,26827.25,signal,1.1099999999999999
2026-04-17,94,2026-04-17 15:04:00+00:00,EXIT,-1.0,26830.5,signal_invalidation,1.1099999999999999
2026-04-17,101,2026-04-17 15:11:00+00:00,ENTRY,1.0,26826.75,signal,1.1099999999999999
2026-04-17,102,2026-04-17 15:12:00+00:00,EXIT,-1.0,26824.5,signal_invalidation,1.1099999999999999
2026-04-17,108,2026-04-17 15:18:00+00:00,ENTRY,1.0,26829.0,signal,1.1099999999999999
2026-04-17,109,2026-04-17 15:19:00+00:00,EXIT,-1.0,26822.5,signal_invalidation,1.1099999999999999
2026-04-17,115,2026-04-17 15:25:00+00:00,ENTRY,1.0,26835.0,signal,1.1099999999999999
2026-04-17,116,2026-04-17 15:26:00+00:00,EXIT,-1.0,26845.75,signal_invalidation,1.1099999999999999
2026-04-17,132,2026-04-17 15:42:00+00:00,ENTRY,1.0,26835.75,signal,1.1099999999999999
2026-04-17,133,2026-04-17 15:43:00+00:00,EXIT,-1.0,26822.5,signal_invalidation,1.1099999999999999
2026-04-17,142,2026-04-17 15:52:00+00:00,ENTRY,1.0,26830.25,signal,1.1099999999999999
2026-04-17,143,2026-04-17 15:53:00+00:00,EXIT,-1.0,26833.75,signal_invalidation,1.1099999999999999
2026-04-17,166,2026-04-17 16:16:00+00:00,ENTRY,1.0,26837.0,signal,1.1099999999999999
2026-04-17,167,2026-04-17 16:17:00+00:00,EXIT,-1.0,26828.0,signal_invalidation,1.1099999999999999
2026-04-17,169,2026-04-17 16:19:00+00:00,ENTRY,1.0,26836.75,signal,1.1099999999999999
2026-04-17,170,2026-04-17 16:20:00+00:00,EXIT,-1.0,26837.0,signal_invalidation,1.1099999999999999
2026-04-17,218,2026-04-17 17:08:00+00:00,ENTRY,1.0,26824.75,signal,1.1099999999999999
2026-04-17,219,2026-04-17 17:09:00+00:00,EXIT,-1.0,26847.25,signal_invalidation,1.1099999999999999
2026-04-17,221,2026-04-17 17:11:00+00:00,ENTRY,1.0,26832.5,signal,1.1099999999999999
2026-04-17,222,2026-04-17 17:12:00+00:00,EXIT,-1.0,26834.5,signal_invalidation,1.1099999999999999
2026-04-17,225,2026-04-17 17:15:00+00:00,ENTRY,1.0,26832.0,signal,1.1099999999999999
2026-04-17,226,2026-04-17 17:16:00+00:00,EXIT,-1.0,26839.25,signal_invalidation,1.1099999999999999
2026-04-17,227,2026-04-17 17:17:00+00:00,ENTRY,1.0,26825.5,signal,1.1099999999999999
2026-04-17,228,2026-04-17 17:18:00+00:00,EXIT,-1.0,26828.25,signal_invalidation,1.1099999999999999
2026-04-22,52,2026-04-22 14:22:00+00:00,ENTRY,1.0,26961.5,signal,1.1099999999999999
2026-04-22,53,2026-04-22 14:23:00+00:00,EXIT,-1.0,26965.75,signal_invalidation,1.1099999999999999
2026-04-22,62,2026-04-22 14:32:00+00:00,ENTRY,1.0,26965.25,signal,1.1099999999999999
2026-04-22,63,2026-04-22 14:33:00+00:00,EXIT,-1.0,26967.75,signal_invalidation,1.1099999999999999
2026-04-22,73,2026-04-22 14:43:00+00:00,ENTRY,1.0,26963.5,signal,1.1099999999999999
2026-04-22,74,2026-04-22 14:44:00+00:00,EXIT,-1.0,26969.0,signal_invalidation,1.1099999999999999
2026-04-22,81,2026-04-22 14:51:00+00:00,ENTRY,1.0,26968.0,signal,1.1099999999999999
2026-04-22,82,2026-04-22 14:52:00+00:00,EXIT,-1.0,26957.5,signal_invalidation,1.1099999999999999
2026-04-22,85,2026-04-22 14:55:00+00:00,ENTRY,1.0,26962.5,signal,1.1099999999999999
2026-04-22,86,2026-04-22 14:56:00+00:00,EXIT,-1.0,26966.5,signal_invalidation,1.1099999999999999
2026-04-22,90,2026-04-22 15:00:00+00:00,ENTRY,1.0,26950.75,signal,1.1099999999999999
2026-04-22,91,2026-04-22 15:01:00+00:00,EXIT,-1.0,26948.5,signal_invalidation,1.1099999999999999
2026-04-22,102,2026-04-22 15:12:00+00:00,ENTRY,1.0,26968.75,signal,1.1099999999999999
2026-04-22,103,2026-04-22 15:13:00+00:00,EXIT,-1.0,26974.5,signal_invalidation,1.1099999999999999
2026-04-22,186,2026-04-22 16:36:00+00:00,ENTRY,1.0,26968.5,signal,1.1099999999999999
2026-04-22,187,2026-04-22 16:37:00+00:00,EXIT,-1.0,26974.25,signal_invalidation,1.1099999999999999
2026-04-22,194,2026-04-22 16:44:00+00:00,ENTRY,1.0,26967.75,signal,1.1099999999999999
2026-04-22,195,2026-04-22 16:45:00+00:00,EXIT,-1.0,26967.0,signal_invalidation,1.1099999999999999
2026-04-22,208,2026-04-22 16:58:00+00:00,ENTRY,1.0,26963.0,signal,1.1099999999999999
2026-04-22,209,2026-04-22 16:59:00+00:00,EXIT,-1.0,26966.5,signal_invalidation,1.1099999999999999
2026-04-23,263,2026-04-23 17:53:00+00:00,ENTRY,-1.0,26821.25,signal,1.1099999999999999
2026-04-23,264,2026-04-23 17:54:00+00:00,EXIT,1.0,26833.75,signal_invalidation,1.1099999999999999
2026-04-24,135,2026-04-24 15:45:00+00:00,ENTRY,1.0,27360.25,signal,1.1099999999999999
2026-04-24,136,2026-04-24 15:46:00+00:00,EXIT,-1.0,27368.5,signal_invalidation,1.1099999999999999
2026-04-24,157,2026-04-24 16:07:00+00:00,ENTRY,1.0,27372.75,signal,1.1099999999999999
2026-04-24,158,2026-04-24 16:08:00+00:00,EXIT,-1.0,27366.0,signal_invalidation,1.1099999999999999
2026-04-24,165,2026-04-24 16:15:00+00:00,ENTRY,1.0,27369.25,signal,1.1099999999999999
2026-04-24,166,2026-04-24 16:16:00+00:00,EXIT,-1.0,27382.25,signal_invalidation,1.1099999999999999
2026-04-24,233,2026-04-24 17:23:00+00:00,ENTRY,1.0,27373.75,signal,1.1099999999999999
2026-04-24,234,2026-04-24 17:24:00+00:00,EXIT,-1.0,27391.5,signal_invalidation,1.1099999999999999
2026-04-24,241,2026-04-24 17:31:00+00:00,ENTRY,1.0,27377.25,signal,1.1099999999999999
2026-04-24,242,2026-04-24 17:32:00+00:00,EXIT,-1.0,27382.25,signal_invalidation,1.1099999999999999
2026-05-04,162,2026-05-04 16:12:00+00:00,ENTRY,-1.0,27683.5,signal,1.1099999999999999
2026-05-04,163,2026-05-04 16:13:00+00:00,EXIT,1.0,27676.0,signal_invalidation,1.1099999999999999
2026-05-04,168,2026-05-04 16:18:00+00:00,ENTRY,-1.0,27704.25,signal,1.1099999999999999
2026-05-04,169,2026-05-04 16:19:00+00:00,EXIT,1.0,27712.0,signal_invalidation,1.1099999999999999
2026-05-06,308,2026-05-06 18:38:00+00:00,ENTRY,1.0,28656.5,signal,1.1099999999999999
2026-05-06,309,2026-05-06 18:39:00+00:00,EXIT,-1.0,28655.75,signal_invalidation,1.1099999999999999
2026-05-06,314,2026-05-06 18:44:00+00:00,ENTRY,1.0,28649.5,signal,1.1099999999999999
2026-05-06,315,2026-05-06 18:45:00+00:00,EXIT,-1.0,28653.0,signal_invalidation,1.1099999999999999
2026-05-07,59,2026-05-07 14:29:00+00:00,ENTRY,1.0,28873.5,signal,1.1099999999999999
2026-05-07,60,2026-05-07 14:30:00+00:00,EXIT,-1.0,28867.5,signal_invalidation,1.1099999999999999
2026-05-07,78,2026-05-07 14:48:00+00:00,ENTRY,1.0,28887.0,signal,1.1099999999999999
2026-05-07,79,2026-05-07 14:49:00+00:00,EXIT,-1.0,28882.0,signal_invalidation,1.1099999999999999
2026-05-07,95,2026-05-07 15:05:00+00:00,ENTRY,1.0,28866.75,signal,1.1099999999999999
2026-05-07,96,2026-05-07 15:06:00+00:00,EXIT,-1.0,28854.25,signal_invalidation,1.1099999999999999
2026-05-07,125,2026-05-07 15:35:00+00:00,ENTRY,1.0,28879.25,signal,1.1099999999999999
2026-05-07,126,2026-05-07 15:36:00+00:00,EXIT,-1.0,28884.75,signal_invalidation,1.1099999999999999
2026-05-07,128,2026-05-07 15:38:00+00:00,ENTRY,1.0,28884.25,signal,1.1099999999999999
2026-05-07,129,2026-05-07 15:39:00+00:00,EXIT,-1.0,28881.0,signal_invalidation,1.1099999999999999
2026-05-12,151,2026-05-12 16:01:00+00:00,ENTRY,-1.0,28868.75,signal,1.1099999999999999
2026-05-12,152,2026-05-12 16:02:00+00:00,EXIT,1.0,28871.5,signal_invalidation,1.1099999999999999
2026-05-12,172,2026-05-12 16:22:00+00:00,ENTRY,-1.0,28852.25,signal,1.1099999999999999
2026-05-12,173,2026-05-12 16:23:00+00:00,EXIT,1.0,28844.75,signal_invalidation,1.1099999999999999
2026-05-12,178,2026-05-12 16:28:00+00:00,ENTRY,-1.0,28859.75,signal,1.1099999999999999
2026-05-12,179,2026-05-12 16:29:00+00:00,EXIT,1.0,28840.0,signal_invalidation,1.1099999999999999
2026-05-12,226,2026-05-12 17:16:00+00:00,ENTRY,-1.0,28852.0,signal,1.1099999999999999
2026-05-12,227,2026-05-12 17:17:00+00:00,EXIT,1.0,28863.0,signal_invalidation,1.1099999999999999
2026-05-13,217,2026-05-13 17:07:00+00:00,ENTRY,1.0,29481.25,signal,1.1099999999999999
2026-05-13,218,2026-05-13 17:08:00+00:00,EXIT,-1.0,29476.5,signal_invalidation,1.1099999999999999
2026-05-13,221,2026-05-13 17:11:00+00:00,ENTRY,1.0,29480.0,signal,1.1099999999999999
2026-05-13,222,2026-05-13 17:12:00+00:00,EXIT,-1.0,29486.5,signal_invalidation,1.1099999999999999
2026-05-13,230,2026-05-13 17:20:00+00:00,ENTRY,1.0,29481.0,signal,1.1099999999999999
2026-05-13,231,2026-05-13 17:21:00+00:00,EXIT,-1.0,29483.75,signal_invalidation,1.1099999999999999
2026-05-13,233,2026-05-13 17:23:00+00:00,ENTRY,1.0,29474.25,signal,1.1099999999999999
2026-05-13,234,2026-05-13 17:24:00+00:00,EXIT,-1.0,29467.75,signal_invalidation,1.1099999999999999
2026-05-13,242,2026-05-13 17:32:00+00:00,ENTRY,1.0,29470.5,signal,1.1099999999999999
2026-05-13,243,2026-05-13 17:33:00+00:00,EXIT,-1.0,29480.25,signal_invalidation,1.1099999999999999
2026-05-13,258,2026-05-13 17:48:00+00:00,ENTRY,1.0,29475.0,signal,1.1099999999999999
2026-05-13,259,2026-05-13 17:49:00+00:00,EXIT,-1.0,29478.0,signal_invalidation,1.1099999999999999
2026-05-13,262,2026-05-13 17:52:00+00:00,ENTRY,1.0,29481.25,signal,1.1099999999999999
2026-05-13,263,2026-05-13 17:53:00+00:00,EXIT,-1.0,29481.5,signal_invalidation,1.1099999999999999
2026-05-13,329,2026-05-13 18:59:00+00:00,ENTRY,1.0,29472.25,signal,1.1099999999999999
2026-05-13,330,2026-05-13 19:00:00+00:00,EXIT,-1.0,29492.25,signal_invalidation,1.1099999999999999
2026-05-13,381,2026-05-13 19:51:00+00:00,ENTRY,1.0,29466.25,signal,1.1099999999999999
2026-05-13,382,2026-05-13 19:52:00+00:00,EXIT,-1.0,29468.0,signal_invalidation,1.1099999999999999
2026-05-15,278,2026-05-15 18:08:00+00:00,ENTRY,1.0,29471.5,signal,1.1099999999999999
2026-05-15,279,2026-05-15 18:09:00+00:00,EXIT,-1.0,29469.75,signal_invalidation,1.1099999999999999
2026-05-15,281,2026-05-15 18:11:00+00:00,ENTRY,1.0,29469.25,signal,1.1099999999999999
2026-05-15,282,2026-05-15 18:12:00+00:00,EXIT,-1.0,29484.75,signal_invalidation,1.1099999999999999
2026-05-15,284,2026-05-15 18:14:00+00:00,ENTRY,1.0,29468.75,signal,1.1099999999999999
2026-05-15,285,2026-05-15 18:15:00+00:00,EXIT,-1.0,29454.75,signal_invalidation,1.1099999999999999
2026-05-20,107,2026-05-20 15:17:00+00:00,ENTRY,1.0,29313.0,signal,1.1099999999999999
2026-05-20,108,2026-05-20 15:18:00+00:00,EXIT,-1.0,29313.5,signal_invalidation,1.1099999999999999
2026-05-20,143,2026-05-20 15:53:00+00:00,ENTRY,1.0,29338.25,signal,1.1099999999999999
2026-05-20,144,2026-05-20 15:54:00+00:00,EXIT,-1.0,29345.25,signal_invalidation,1.1099999999999999
2026-05-20,380,2026-05-20 19:50:00+00:00,ENTRY,1.0,29341.25,signal,1.1099999999999999
2026-05-20,381,2026-05-20 19:51:00+00:00,EXIT,-1.0,29351.75,signal_invalidation,1.1099999999999999
2026-05-21,232,2026-05-21 17:22:00+00:00,ENTRY,1.0,29433.5,signal,1.1099999999999999
2026-05-21,233,2026-05-21 17:23:00+00:00,EXIT,-1.0,29398.25,signal_invalidation,1.1099999999999999
2026-05-21,242,2026-05-21 17:32:00+00:00,ENTRY,1.0,29440.25,signal,1.1099999999999999
2026-05-21,243,2026-05-21 17:33:00+00:00,EXIT,-1.0,29427.5,signal_invalidation,1.1099999999999999
2026-05-21,286,2026-05-21 18:16:00+00:00,ENTRY,1.0,29434.25,signal,1.1099999999999999
2026-05-21,287,2026-05-21 18:17:00+00:00,EXIT,-1.0,29442.25,signal_invalidation,1.1099999999999999
2026-05-21,309,2026-05-21 18:39:00+00:00,ENTRY,1.0,29442.75,signal,1.1099999999999999
2026-05-21,310,2026-05-21 18:40:00+00:00,EXIT,-1.0,29462.0,signal_invalidation,1.1099999999999999
2026-05-21,316,2026-05-21 18:46:00+00:00,ENTRY,1.0,29432.5,signal,1.1099999999999999
2026-05-21,317,2026-05-21 18:47:00+00:00,EXIT,-1.0,29440.5,signal_invalidation,1.1099999999999999
2026-05-28,129,2026-05-28 15:39:00+00:00,ENTRY,1.0,30282.25,signal,1.1099999999999999
2026-05-28,130,2026-05-28 15:40:00+00:00,EXIT,-1.0,30275.25,signal_invalidation,1.1099999999999999
2026-05-28,186,2026-05-28 16:36:00+00:00,ENTRY,1.0,30280.0,signal,1.1099999999999999
2026-05-28,187,2026-05-28 16:37:00+00:00,EXIT,-1.0,30283.25,signal_invalidation,1.1099999999999999
2026-05-28,318,2026-05-28 18:48:00+00:00,ENTRY,1.0,30283.0,signal,1.1099999999999999
2026-05-28,319,2026-05-28 18:49:00+00:00,EXIT,-1.0,30286.25,signal_invalidation,1.1099999999999999
2026-05-28,330,2026-05-28 19:00:00+00:00,ENTRY,1.0,30281.5,signal,1.1099999999999999
2026-05-28,331,2026-05-28 19:01:00+00:00,EXIT,-1.0,30288.25,signal_invalidation,1.1099999999999999
2026-05-28,345,2026-05-28 19:15:00+00:00,ENTRY,1.0,30283.5,signal,1.1099999999999999
2026-05-28,346,2026-05-28 19:16:00+00:00,EXIT,-1.0,30279.5,signal_invalidation,1.1099999999999999
2026-05-28,352,2026-05-28 19:22:00+00:00,ENTRY,1.0,30280.5,signal,1.1099999999999999
2026-05-28,353,2026-05-28 19:23:00+00:00,EXIT,-1.0,30284.75,signal_invalidation,1.1099999999999999
2026-06-01,251,2026-06-01 17:41:00+00:00,ENTRY,1.0,30610.25,signal,1.1099999999999999
2026-06-01,252,2026-06-01 17:42:00+00:00,EXIT,-1.0,30627.0,signal_invalidation,1.1099999999999999
2026-06-01,361,2026-06-01 19:31:00+00:00,ENTRY,1.0,30607.0,signal,1.1099999999999999
2026-06-01,362,2026-06-01 19:32:00+00:00,EXIT,-1.0,30610.0,signal_invalidation,1.1099999999999999
2026-06-04,241,2026-06-04 17:31:00+00:00,ENTRY,1.0,30521.75,signal,1.1099999999999999
2026-06-04,242,2026-06-04 17:32:00+00:00,EXIT,-1.0,30535.0,signal_invalidation,1.1099999999999999
2026-06-04,247,2026-06-04 17:37:00+00:00,ENTRY,1.0,30522.25,signal,1.1099999999999999
2026-06-04,248,2026-06-04 17:38:00+00:00,EXIT,-1.0,30529.0,signal_invalidation,1.1099999999999999
2026-06-04,249,2026-06-04 17:39:00+00:00,ENTRY,1.0,30515.0,signal,1.1099999999999999
2026-06-04,250,2026-06-04 17:40:00+00:00,EXIT,-1.0,30514.5,signal_invalidation,1.1099999999999999
2026-06-04,380,2026-06-04 19:50:00+00:00,ENTRY,1.0,30518.75,signal,1.1099999999999999
2026-06-04,381,2026-06-04 19:51:00+00:00,EXIT,-1.0,30525.5,signal_invalidation,1.1099999999999999
2026-06-04,383,2026-06-04 19:53:00+00:00,ENTRY,1.0,30522.5,signal,1.1099999999999999
2026-06-04,384,2026-06-04 19:54:00+00:00,EXIT,-1.0,30518.5,signal_invalidation,1.1099999999999999
2026-06-12,118,2026-06-12 15:28:00+00:00,ENTRY,1.0,30018.0,signal,1.1099999999999999
2026-06-12,119,2026-06-12 15:29:00+00:00,EXIT,-1.0,30037.25,signal_invalidation,1.1099999999999999
2026-06-12,120,2026-06-12 15:30:00+00:00,ENTRY,1.0,30027.0,signal,1.1099999999999999
2026-06-12,121,2026-06-12 15:31:00+00:00,EXIT,-1.0,30013.75,signal_invalidation,1.1099999999999999
2026-06-16,114,2026-06-16 15:24:00+00:00,ENTRY,-1.0,30561.5,signal,1.1099999999999999
2026-06-16,115,2026-06-16 15:25:00+00:00,EXIT,1.0,30567.25,signal_invalidation,1.1099999999999999
2026-06-16,120,2026-06-16 15:30:00+00:00,ENTRY,-1.0,30553.25,signal,1.1099999999999999
2026-06-16,121,2026-06-16 15:31:00+00:00,EXIT,1.0,30545.75,signal_invalidation,1.1099999999999999
2026-06-16,123,2026-06-16 15:33:00+00:00,ENTRY,-1.0,30561.0,signal,1.1099999999999999
2026-06-16,124,2026-06-16 15:34:00+00:00,EXIT,1.0,30554.5,signal_invalidation,1.1099999999999999
2026-06-16,162,2026-06-16 16:12:00+00:00,ENTRY,-1.0,30557.5,signal,1.1099999999999999
2026-06-16,163,2026-06-16 16:13:00+00:00,EXIT,1.0,30543.5,signal_invalidation,1.1099999999999999
2026-06-16,171,2026-06-16 16:21:00+00:00,ENTRY,-1.0,30555.75,signal,1.1099999999999999
2026-06-16,172,2026-06-16 16:22:00+00:00,EXIT,1.0,30548.0,signal_invalidation,1.1099999999999999
2026-06-17,365,2026-06-17 19:35:00+00:00,ENTRY,-1.0,30070.5,signal,1.1099999999999999
2026-06-17,366,2026-06-17 19:36:00+00:00,EXIT,1.0,30103.0,signal_invalidation,1.1099999999999999
2026-07-02,98,2026-07-02 15:08:00+00:00,ENTRY,-1.0,29680.0,signal,1.1099999999999999
2026-07-02,99,2026-07-02 15:09:00+00:00,EXIT,1.0,29704.25,signal_invalidation,1.1099999999999999
2026-07-02,110,2026-07-02 15:20:00+00:00,ENTRY,-1.0,29655.5,signal,1.1099999999999999
2026-07-02,111,2026-07-02 15:21:00+00:00,EXIT,1.0,29664.25,signal_invalidation,1.1099999999999999
2026-07-02,162,2026-07-02 16:12:00+00:00,ENTRY,-1.0,29650.75,signal,1.1099999999999999
2026-07-02,163,2026-07-02 16:13:00+00:00,EXIT,1.0,29641.5,signal_invalidation,1.1099999999999999
2026-07-02,164,2026-07-02 16:14:00+00:00,ENTRY,-1.0,29647.25,signal,1.1099999999999999
2026-07-02,165,2026-07-02 16:15:00+00:00,EXIT,1.0,29628.75,signal_invalidation,1.1099999999999999
2026-07-15,194,2026-07-15 16:44:00+00:00,ENTRY,-1.0,29445.5,signal,1.1099999999999999
2026-07-15,195,2026-07-15 16:45:00+00:00,EXIT,1.0,29438.75,signal_invalidation,1.1099999999999999
2026-07-17,151,2026-07-17 16:01:00+00:00,ENTRY,1.0,28889.75,signal,1.1099999999999999
2026-07-17,152,2026-07-17 16:02:00+00:00,EXIT,-1.0,28884.25,signal_invalidation,1.1099999999999999
2026-07-17,161,2026-07-17 16:11:00+00:00,ENTRY,1.0,28903.5,signal,1.1099999999999999
2026-07-17,162,2026-07-17 16:12:00+00:00,EXIT,-1.0,28920.75,signal_invalidation,1.1099999999999999
2026-07-17,166,2026-07-17 16:16:00+00:00,ENTRY,1.0,28929.0,signal,1.1099999999999999
2026-07-17,167,2026-07-17 16:17:00+00:00,EXIT,-1.0,28939.5,signal_invalidation,1.1099999999999999
2026-07-17,170,2026-07-17 16:20:00+00:00,ENTRY,1.0,28930.75,signal,1.1099999999999999
2026-07-17,171,2026-07-17 16:21:00+00:00,EXIT,-1.0,28895.5,signal_invalidation,1.1099999999999999
2026-07-17,261,2026-07-17 17:51:00+00:00,ENTRY,1.0,28933.5,signal,1.1099999999999999
2026-07-17,262,2026-07-17 17:52:00+00:00,EXIT,-1.0,28932.25,signal_invalidation,1.1099999999999999
2026-08-03,296,2026-08-03 18:26:00+00:00,ENTRY,1.0,28910.0,signal,1.1099999999999999
2026-08-03,297,2026-08-03 18:27:00+00:00,EXIT,-1.0,28903.0,signal_invalidation,1.1099999999999999
2026-08-03,320,2026-08-03 18:50:00+00:00,ENTRY,1.0,28912.75,signal,1.1099999999999999
2026-08-03,321,2026-08-03 18:51:00+00:00,EXIT,-1.0,28915.75,signal_invalidation,1.1099999999999999
2026-08-03,325,2026-08-03 18:55:00+00:00,ENTRY,1.0,28912.5,signal,1.1099999999999999
2026-08-03,326,2026-08-03 18:56:00+00:00,EXIT,-1.0,28907.25,signal_invalidation,1.1099999999999999
2026-08-03,329,2026-08-03 18:59:00+00:00,ENTRY,1.0,28907.5,signal,1.1099999999999999
2026-08-03,330,2026-08-03 19:00:00+00:00,EXIT,-1.0,28924.75,signal_invalidation,1.1099999999999999
2026-08-03,339,2026-08-03 19:09:00+00:00,ENTRY,1.0,28909.25,signal,1.1099999999999999
2026-08-03,340,2026-08-03 19:10:00+00:00,EXIT,-1.0,28909.5,signal_invalidation,1.1099999999999999
2026-08-03,343,2026-08-03 19:13:00+00:00,ENTRY,1.0,28900.5,signal,1.1099999999999999
2026-08-03,344,2026-08-03 19:14:00+00:00,EXIT,-1.0,28900.0,signal_invalidation,1.1099999999999999
2026-08-03,350,2026-08-03 19:20:00+00:00,ENTRY,1.0,28913.25,signal,1.1099999999999999
2026-08-03,351,2026-08-03 19:21:00+00:00,EXIT,-1.0,28919.0,signal_invalidation,1.1099999999999999
2026-08-03,355,2026-08-03 19:25:00+00:00,ENTRY,1.0,28913.75,signal,1.1099999999999999
2026-08-03,356,2026-08-03 19:26:00+00:00,EXIT,-1.0,28914.25,signal_invalidation,1.1099999999999999
2026-08-03,358,2026-08-03 19:28:00+00:00,ENTRY,1.0,28909.75,signal,1.1099999999999999
2026-08-03,359,2026-08-03 19:29:00+00:00,EXIT,-1.0,28913.25,signal_invalidation,1.1099999999999999
2026-08-03,362,2026-08-03 19:32:00+00:00,ENTRY,1.0,28909.0,signal,1.1099999999999999
2026-08-03,363,2026-08-03 19:33:00+00:00,EXIT,-1.0,28904.5,signal_invalidation,1.1099999999999999
2026-08-03,366,2026-08-03 19:36:00+00:00,ENTRY,1.0,28907.5,signal,1.1099999999999999
2026-08-03,367,2026-08-03 19:37:00+00:00,EXIT,-1.0,28910.25,signal_invalidation,1.1099999999999999
2026-08-03,376,2026-08-03 19:46:00+00:00,ENTRY,1.0,28906.25,signal,1.1099999999999999
2026-08-03,377,2026-08-03 19:47:00+00:00,EXIT,-1.0,28912.5,signal_invalidation,1.1099999999999999
2026-08-03,383,2026-08-03 19:53:00+00:00,ENTRY,1.0,28910.25,signal,1.1099999999999999
2026-08-03,384,2026-08-03 19:54:00+00:00,EXIT,-1.0,28899.75,signal_invalidation,1.1099999999999999
2026-09-01,156,2026-09-01 16:06:00+00:00,ENTRY,1.0,29261.5,signal,1.1099999999999999
2026-09-01,157,2026-09-01 16:07:00+00:00,EXIT,-1.0,29266.75,signal_invalidation,1.1099999999999999
2026-09-01,158,2026-09-01 16:08:00+00:00,ENTRY,1.0,29261.0,signal,1.1099999999999999
2026-09-01,159,2026-09-01 16:09:00+00:00,EXIT,-1.0,29260.25,signal_invalidation,1.1099999999999999
2026-09-03,122,2026-09-03 15:32:00+00:00,ENTRY,1.0,29532.0,signal,1.1099999999999999
2026-09-03,123,2026-09-03 15:33:00+00:00,EXIT,-1.0,29524.25,signal_invalidation,1.1099999999999999
2026-09-03,150,2026-09-03 16:00:00+00:00,ENTRY,1.0,29529.5,signal,1.1099999999999999
2026-09-03,151,2026-09-03 16:01:00+00:00,EXIT,-1.0,29527.75,signal_invalidation,1.1099999999999999
2026-09-03,208,2026-09-03 16:58:00+00:00,ENTRY,1.0,29532.0,signal,1.1099999999999999
2026-09-03,209,2026-09-03 16:59:00+00:00,EXIT,-1.0,29527.75,signal_invalidation,1.1099999999999999
2026-09-03,354,2026-09-03 19:24:00+00:00,ENTRY,1.0,29531.0,signal,1.1099999999999999
2026-09-03,355,2026-09-03 19:25:00+00:00,EXIT,-1.0,29532.5,signal_invalidation,1.1099999999999999
2026-09-03,357,2026-09-03 19:27:00+00:00,ENTRY,1.0,29531.0,signal,1.1099999999999999
2026-09-03,358,2026-09-03 19:28:00+00:00,EXIT,-1.0,29530.75,signal_invalidation,1.1099999999999999
2026-09-03,362,2026-09-03 19:32:00+00:00,ENTRY,1.0,29532.25,signal,1.1099999999999999
2026-09-03,363,2026-09-03 19:33:00+00:00,EXIT,-1.0,29530.0,signal_invalidation,1.1099999999999999
2026-09-03,368,2026-09-03 19:38:00+00:00,ENTRY,1.0,29531.5,signal,1.1099999999999999
2026-09-03,369,2026-09-03 19:39:00+00:00,EXIT,-1.0,29532.0,signal_invalidation,1.1099999999999999
2026-09-03,371,2026-09-03 19:41:00+00:00,ENTRY,1.0,29526.5,signal,1.1099999999999999
2026-09-03,372,2026-09-03 19:42:00+00:00,EXIT,-1.0,29527.25,signal_invalidation,1.1099999999999999
2026-09-03,376,2026-09-03 19:46:00+00:00,ENTRY,1.0,29526.5,signal,1.1099999999999999
2026-09-03,377,2026-09-03 19:47:00+00:00,EXIT,-1.0,29523.75,signal_invalidation,1.1099999999999999
